user,gender,fb_friends,sms_sent_S-H,sms_rec_S-H,sms_unq_people S-H,sms_convo_S-H,calls_duration_S-H,calls_made_S-H,Calls Received S-H,Unique People S-H,sms_sent_O-S-H,sms_rec_O-S-H,sms_unq_people O-S-H,sms_convo_O-S-H,Duration O-S-H,Calls Made O-S-H,Calls Received O-S-H,Unique People O-S-H,bt_interactions_S-H,bt_avg_duration_S-H,bt_unq_people_S-H,bt_outside_interactions_S-H,bt_interactions_O-S-H,bt_avg_duration_O-S-H,bt_unq_people_O-S-H,bt_outside_interactions_O-S-H,digital_school_score,digital_off-school_score,social_school_score,social_off-school_score,user_profile_cluster,digital_school_level,digital_off-school_level,social_school_level,social_off-school_level,activity_pattern,number_of_high_dimensions
0,0,19.0,4.0,8.0,2.0,4.0,204.0,3.0,2.0,2.0,58.0,66.0,1.0,14.0,52.0,0.0,4.0,1.0,866.0,2705.89,251.0,50.0,575.0,1429.04,135.0,107.0,0.1740411935892373,0.1765920006970168,0.47331322567592515,-0.03548684978971003,1,High,High,High,Low,HHHL,3
2,0,7.0,0.0,0.0,0.0,0.0,0.0,0.0,0.0,0.0,0.0,0.0,0.0,0.0,0.0,0.0,0.0,0.0,149.0,2206.71,54.0,12.0,87.0,2862.07,16.0,39.0,-0.5074495337909706,-0.4856884152469971,-0.9817518606151439,-0.823684676633446,1,Low,Low,Low,Low,LLLL,0
3,0,18.0,47.0,46.0,3.0,29.0,394.0,6.0,4.0,3.0,100.0,101.0,3.0,31.0,281.0,3.0,3.0,4.0,567.0,2076.72,208.0,100.0,688.0,2342.44,186.0,208.0,0.9926369314110279,0.8621975482194233,0.40446599918481085,0.6705227059065095,0,High,High,High,High,HHHH,4
4,0,30.0,23.0,15.0,5.0,14.0,500.0,7.0,10.0,7.0,59.0,54.0,6.0,28.0,668.0,6.0,7.0,3.0,423.0,2417.73,126.0,41.0,839.0,1990.23,171.0,100.0,1.5018743057149868,1.2109648481392843,-0.3130374817306685,0.3352934932143021,0,High,High,Low,High,HHLH,3
5,0,26.0,14.0,12.0,1.0,9.0,126.0,0.0,2.0,1.0,7.0,6.0,2.0,5.0,2.0,1.0,0.0,1.0,1411.0,2084.9,217.0,70.0,687.0,2336.24,116.0,105.0,0.058058012020165264,-0.0355467476781606,0.7021335915851897,0.09357711912045422,1,High,Low,High,High,HLHH,3
6,1,18.0,27.0,20.0,2.0,18.0,171.0,6.0,2.0,2.0,19.0,14.0,2.0,20.0,233.0,2.0,2.0,3.0,1331.0,2417.81,314.0,67.0,577.0,4274.35,145.0,67.0,0.4845744213028944,0.31614570694786803,1.0034262929407096,0.2681310027029201,0,High,High,High,High,HHHH,4
7,1,6.0,0.0,0.0,0.0,0.0,0.0,0.0,0.0,0.0,0.0,0.0,0.0,0.0,0.0,0.0,0.0,0.0,105.0,1291.43,74.0,17.0,57.0,3526.32,31.0,14.0,-0.5154975215637649,-0.49373640301979127,-1.1485460507916914,-0.777810249952344,1,Low,Low,Low,Low,LLLL,0
8,0,6.0,2.0,3.0,2.0,3.0,85.0,2.0,2.0,2.0,11.0,14.0,3.0,7.0,116.0,1.0,1.0,2.0,180.0,6301.67,46.0,74.0,197.0,7370.56,35.0,99.0,-0.00717705480195141,0.02835156064489825,0.5871115038426094,0.13128419941499594,1,Low,High,High,High,LHHH,3
9,0,2.0,1.0,0.0,1.0,1.0,0.0,0.0,0.0,0.0,0.0,0.0,0.0,0.0,0.0,0.0,0.0,0.0,130.0,2088.46,0.0,130.0,208.0,2837.02,0.0,208.0,-0.45172939088400227,-0.5259283541109682,-0.22981261872193126,-0.2690534541701071,1,Low,Low,Low,Low,LLLL,0
10,0,8.0,0.0,0.0,0.0,0.0,0.0,0.0,0.0,0.0,0.0,0.0,0.0,0.0,0.0,0.0,0.0,0.0,594.0,1605.56,127.0,41.0,230.0,902.61,75.0,81.0,-0.4994015460181763,-0.47764042747420277,-0.41914875151143727,-0.6485157243797683,1,Low,Low,Low,Low,LLLL,0
11,0,9.0,0.0,0.0,0.0,0.0,0.0,0.0,0.0,0.0,1.0,1.0,1.0,2.0,2.0,0.0,1.0,1.0,338.0,1731.66,47.0,126.0,1415.0,1633.36,44.0,247.0,-0.4913535582453821,-0.2745251577323267,-0.09055763402910211,0.6958001710244428,1,Low,Low,Low,High,LLLH,1
12,0,21.0,27.0,28.0,2.0,15.0,141.0,2.0,2.0,2.0,41.0,45.0,3.0,20.0,210.0,3.0,3.0,3.0,1624.0,1726.29,327.0,82.0,1876.0,2045.15,315.0,180.0,0.39125215088546333,0.5521735998728322,1.1596175145297245,1.84254798117485,0,High,High,High,High,HHHH,4
13,0,78.0,26.0,21.0,7.0,11.0,604.0,5.0,1.0,4.0,42.0,43.0,6.0,36.0,1021.0,5.0,4.0,6.0,1433.0,1338.17,396.0,87.0,1759.0,1707.9,336.0,151.0,1.5026042532586696,1.7536715279787336,1.1866970692154226,1.6983286258641022,0,High,High,High,High,HHHH,4
14,0,0.0,3.0,2.0,1.0,2.0,33.0,1.0,0.0,1.0,12.0,10.0,1.0,6.0,0.0,0.0,0.0,0.0,919.0,1539.83,230.0,32.0,1098.0,1644.81,259.0,52.0,-0.32645671219039873,-0.4042702895053832,-0.00758807854204846,0.6362643459532226,1,Low,Low,Low,High,LLLH,1
15,0,62.0,0.0,0.0,0.0,0.0,159.0,1.0,5.0,3.0,15.0,19.0,5.0,9.0,309.0,3.0,4.0,5.0,841.0,2735.67,218.0,71.0,467.0,2646.68,181.0,94.0,0.3880815741649428,1.0696945075390525,0.5381740874075134,0.180966917013967,0,High,High,High,High,HHHH,4
16,0,7.0,0.0,0.0,0.0,0.0,0.0,0.0,0.0,0.0,0.0,0.0,0.0,0.0,4.0,1.0,0.0,1.0,209.0,2483.25,19.0,46.0,654.0,3649.08,21.0,83.0,-0.5074495337909706,-0.3718025475186983,-0.7015563177054344,-0.160032566486768,1,Low,Low,Low,Low,LLLL,0
17,0,11.0,0.0,0.0,0.0,0.0,36.0,1.0,1.0,1.0,0.0,0.0,0.0,0.0,0.0,0.0,0.0,0.0,715.0,1920.42,212.0,126.0,454.0,1880.62,114.0,221.0,-0.3275146999912728,-0.4534964641558201,0.6752800239891977,0.22374861329448342,1,Low,Low,High,High,LLHH,2
18,0,9.0,19.0,13.0,2.0,9.0,0.0,0.0,0.0,0.0,40.0,45.0,3.0,22.0,0.0,0.0,0.0,0.0,794.0,1804.91,142.0,16.0,236.0,1592.8,84.0,16.0,-0.14002790233567375,-0.0016912549043532528,-0.40352147439835034,-0.7208955494939931,1,Low,Low,Low,Low,LLLL,0
19,0,10.0,9.0,6.0,2.0,4.0,1085.0,5.0,7.0,1.0,8.0,2.0,2.0,3.0,3068.0,11.0,4.0,2.0,687.0,1701.75,243.0,93.0,381.0,3368.5,44.0,304.0,0.3539940678521045,0.769344544182129,0.4258895733601631,0.3857083360109659,0,High,High,High,High,HHHH,4
20,0,0.0,141.0,212.0,2.0,66.0,885.0,11.0,21.0,2.0,172.0,284.0,2.0,94.0,1079.0,7.0,20.0,1.0,288.0,2525.0,100.0,75.0,395.0,3607.59,96.0,124.0,2.5127964728518317,2.018963873779808,-0.16873111750079978,0.05068723306953808,0,High,High,Low,High,HHLH,3
21,1,0.0,204.0,132.0,1.0,63.0,883.0,21.0,10.0,1.0,282.0,170.0,1.0,93.0,1079.0,20.0,7.0,1.0,67.0,4455.22,7.0,44.0,177.0,5627.12,39.0,71.0,2.224078590932787,1.941768981789025,-0.32283261076491176,-0.19633892697694844,0,High,High,Low,Low,HHLL,2
22,0,13.0,4.0,4.0,2.0,4.0,40.0,1.0,0.0,1.0,1.0,0.0,1.0,1.0,153.0,1.0,2.0,2.0,1177.0,1706.71,154.0,110.0,928.0,3069.83,135.0,186.0,-0.10893876478329517,-0.08360985289019782,0.5984061645967329,0.686930892010865,0,Low,Low,High,High,LLHH,2
23,0,8.0,16.0,13.0,1.0,11.0,0.0,0.0,0.0,0.0,28.0,25.0,2.0,19.0,87.0,7.0,1.0,2.0,614.0,2168.4,172.0,68.0,515.0,3296.5,97.0,155.0,-0.22083992852267464,0.2983014757850304,0.09175899527431886,0.19324648777017805,1,Low,High,High,High,LHHH,3
24,0,0.0,3.0,3.0,1.0,2.0,81.0,0.0,1.0,1.0,6.0,5.0,1.0,4.0,199.0,1.0,0.0,1.0,166.0,1913.86,58.0,103.0,108.0,1716.67,2.0,105.0,-0.3150665812714069,-0.2947285044742372,-0.3005185732089622,-0.8098392251322712,1,Low,Low,Low,Low,LLLL,0
25,0,12.0,1.0,1.0,1.0,2.0,0.0,0.0,0.0,0.0,10.0,15.0,4.0,10.0,215.0,2.0,2.0,3.0,904.0,1458.85,255.0,31.0,1599.0,1465.29,307.0,130.0,-0.35845224732731146,0.32164453907353396,0.027957625726109436,1.38193910403792,0,Low,High,High,High,LHHH,3
27,0,21.0,28.0,32.0,4.0,22.0,115.0,3.0,3.0,2.0,20.0,23.0,4.0,24.0,100.0,1.0,1.0,2.0,804.0,1994.03,176.0,15.0,299.0,3201.67,75.0,6.0,0.6917974613990164,0.34874270430718823,-0.2554746342954601,-0.5188199990018779,1,High,High,Low,Low,HHLL,2
28,0,14.0,5.0,6.0,1.0,4.0,0.0,0.0,0.0,0.0,2.0,2.0,2.0,3.0,259.0,3.0,5.0,2.0,84.0,2289.29,45.0,2.0,242.0,2184.3,85.0,15.0,-0.29549935163970353,0.1908391685901597,-1.1069877392003535,-0.6347671953951588,1,Low,High,Low,Low,LHLL,1
29,0,30.0,2.0,1.0,1.0,2.0,0.0,0.0,0.0,0.0,0.0,0.0,0.0,0.0,0.0,0.0,0.0,0.0,1234.0,1771.56,254.0,98.0,503.0,1725.45,138.0,220.0,-0.2105551502395101,-0.3005846964727295,0.8486222904809122,0.32016035072997934,1,Low,Low,High,High,LLHH,2
30,0,24.0,0.0,0.0,0.0,0.0,0.0,0.0,0.0,0.0,0.0,0.0,0.0,0.0,0.0,0.0,0.0,0.0,826.0,2203.87,212.0,99.0,162.0,1029.63,34.0,121.0,-0.3706337416534685,-0.34887262310949496,0.5984673397249589,-0.7009681120091139,1,Low,Low,High,Low,LLHL,1
32,1,11.0,0.0,0.0,0.0,0.0,0.0,0.0,0.0,0.0,0.0,0.0,0.0,0.0,0.0,0.0,0.0,0.0,841.0,1536.03,205.0,26.0,96.0,3190.62,13.0,59.0,-0.4752575826997936,-0.4534964641558201,-0.17829625915470967,-0.7201314411929987,1,Low,Low,Low,Low,LLLL,0
33,0,25.0,13.0,18.0,2.0,7.0,48.0,1.0,0.0,1.0,39.0,39.0,2.0,15.0,331.0,3.0,5.0,2.0,120.0,960.0,47.0,41.0,237.0,1848.1,53.0,91.0,0.08805214413149468,0.4781428601231517,-1.1120410100466736,-0.5612322021579312,1,High,High,Low,Low,HHLL,2
34,0,8.0,0.0,0.0,0.0,0.0,0.0,0.0,0.0,0.0,0.0,0.0,0.0,0.0,0.0,0.0,0.0,0.0,1208.0,2095.28,269.0,118.0,640.0,1970.16,96.0,353.0,-0.4994015460181763,-0.47764042747420277,1.1237153743090844,0.7165682074986282,0,Low,Low,High,High,LLHH,2
35,0,3.0,1.0,0.0,1.0,1.0,0.0,0.0,0.0,0.0,7.0,8.0,1.0,5.0,2.0,0.0,1.0,1.0,413.0,1818.16,110.0,100.0,933.0,1071.7,285.0,159.0,-0.443681403111208,-0.28383303065533777,-0.046378197584177994,0.8707020138273486,1,Low,Low,Low,High,LLLH,1
36,1,33.0,39.0,28.0,3.0,20.0,1515.0,5.0,9.0,2.0,176.0,159.0,5.0,65.0,4104.0,12.0,11.0,4.0,483.0,1558.39,142.0,19.0,478.0,2863.18,127.0,15.0,1.1464352667733702,2.606359648366788,-0.6322974246997588,-0.22391527906130415,0,High,High,Low,Low,HHLL,2
37,0,39.0,29.0,41.0,3.0,19.0,1648.0,16.0,6.0,3.0,91.0,109.0,6.0,45.0,4251.0,22.0,12.0,3.0,290.0,1553.79,100.0,93.0,608.0,1880.43,140.0,55.0,1.5154955603409546,2.701563544028543,-0.27632556942291636,-0.0953336830883094,0,High,High,Low,Low,HHLL,2
38,0,32.0,0.0,0.0,0.0,0.0,5.0,1.0,0.0,1.0,0.0,0.0,0.0,0.0,0.0,0.0,0.0,0.0,544.0,2279.23,153.0,63.0,94.0,2080.85,29.0,55.0,-0.19116300068554046,-0.284488720927141,-0.018252031364032598,-0.8292848023922592,1,Low,Low,Low,Low,LLLL,0
39,0,33.0,24.0,15.0,6.0,28.0,989.0,8.0,4.0,1.0,61.0,55.0,4.0,46.0,4503.0,19.0,13.0,2.0,1046.0,1677.82,156.0,41.0,374.0,2286.1,105.0,91.0,1.1612349933877633,2.283929155824594,-0.04054551435928465,-0.217233647408698,0,High,High,Low,Low,HHLL,2
40,0,0.0,0.0,0.0,0.0,0.0,0.0,0.0,0.0,0.0,0.0,0.0,0.0,0.0,0.0,0.0,0.0,0.0,95.0,1749.47,0.0,95.0,202.0,1706.44,4.0,196.0,-0.5637854482005302,-0.5420243296565567,-0.6227994204393521,-0.45221113027365006,1,Low,Low,Low,Low,LLLL,0
41,1,10.0,0.0,0.0,0.0,0.0,0.0,0.0,0.0,0.0,0.0,0.0,0.0,0.0,0.0,0.0,0.0,0.0,1380.0,2465.65,243.0,82.0,605.0,3742.81,101.0,157.0,-0.48330557047258793,-0.46154445192861426,0.956975619795515,0.33873925759238527,1,Low,Low,High,High,LLHH,2
42,0,13.0,2.0,1.0,1.0,1.0,100.0,1.0,1.0,1.0,0.0,0.0,0.0,0.0,0.0,0.0,0.0,0.0,1060.0,1900.19,272.0,92.0,371.0,1901.08,143.0,93.0,-0.19938257049806232,-0.4374004886102316,0.7815766254642493,-0.12924812271789637,1,Low,Low,High,Low,LLHL,1
43,0,14.0,0.0,1.0,1.0,1.0,0.0,0.0,0.0,0.0,8.0,7.0,1.0,5.0,2.0,1.0,0.0,1.0,304.0,1583.88,107.0,150.0,421.0,1274.11,17.0,404.0,-0.3551438148631423,-0.1950211557220588,0.22162253169049861,0.34218376879223844,1,Low,Low,High,High,LLHH,2
44,0,7.0,0.0,0.0,0.0,0.0,0.0,0.0,0.0,0.0,0.0,0.0,0.0,0.0,0.0,0.0,0.0,0.0,1246.0,2329.7,249.0,61.0,815.0,3531.53,113.0,114.0,-0.5074495337909706,-0.4856884152469971,0.6881091240737873,0.3657153959446867,1,Low,Low,High,High,LLHH,2
45,0,2.0,0.0,0.0,0.0,0.0,0.0,0.0,0.0,0.0,0.0,0.0,0.0,0.0,0.0,0.0,0.0,0.0,525.0,1556.0,135.0,75.0,243.0,2480.25,21.0,221.0,-0.5476894726549417,-0.5259283541109682,-0.1753730321816201,-0.17711052091952656,1,Low,Low,Low,Low,LLLL,0
46,1,26.0,21.0,18.0,2.0,9.0,536.0,0.0,8.0,1.0,8.0,7.0,3.0,4.0,120.0,2.0,3.0,2.0,420.0,1767.14,154.0,59.0,559.0,2132.74,116.0,102.0,0.4116572767991069,0.25698453670712595,-0.25689445638215597,-0.033971062728808406,1,High,High,Low,Low,HHLL,2
47,0,10.0,19.0,32.0,2.0,16.0,2085.0,27.0,11.0,2.0,9.0,21.0,4.0,19.0,1894.0,10.0,19.0,3.0,412.0,1940.53,126.0,59.0,933.0,2622.19,128.0,76.0,1.5285655474907052,1.4339525055340618,-0.299134719039064,0.25830744456225085,0,High,High,Low,High,HHLH,3
48,1,16.0,79.0,54.0,1.0,46.0,2279.0,9.0,11.0,2.0,89.0,50.0,2.0,45.0,2146.0,19.0,14.0,2.0,1436.0,2296.59,283.0,86.0,1105.0,3376.83,225.0,297.0,1.5801929674537307,1.7728911336192406,1.0972676274251378,1.526325901993133,0,High,High,High,High,HHHH,4
49,0,38.0,95.0,127.0,6.0,76.0,3808.0,21.0,14.0,4.0,77.0,123.0,5.0,69.0,2289.0,16.0,25.0,5.0,1563.0,2135.51,410.0,54.0,594.0,2935.86,216.0,85.0,3.557012391667521,2.92044731014085,1.2488670082427848,0.40796837355005994,0,High,High,High,High,HHHH,4
50,0,10.0,3.0,3.0,1.0,2.0,159.0,0.0,1.0,1.0,2.0,1.0,1.0,2.0,0.0,0.0,0.0,0.0,1442.0,1625.66,346.0,112.0,762.0,1869.29,240.0,256.0,-0.2223995507966085,-0.3782807878732934,1.321724567817411,1.0025941124187066,0,Low,Low,High,High,LLHH,2
51,1,14.0,33.0,23.0,2.0,23.0,368.0,2.0,2.0,2.0,29.0,31.0,2.0,22.0,87.0,1.0,7.0,1.0,540.0,1541.67,224.0,73.0,1058.0,2445.94,276.0,172.0,0.4514024865523891,0.2953014681657575,0.07698172386807783,1.156319040879874,0,High,High,High,High,HHHH,4
52,0,65.0,7.0,10.0,4.0,6.0,46.0,1.0,2.0,3.0,15.0,19.0,8.0,13.0,548.0,8.0,4.0,10.0,1391.0,1508.2,360.0,138.0,2552.0,2373.08,316.0,373.0,0.7540116244261965,1.914894400191241,1.5116840991238427,2.973050318151655,0,High,High,High,High,HHHH,4
53,1,6.0,0.0,0.0,0.0,0.0,0.0,0.0,0.0,0.0,0.0,0.0,0.0,0.0,0.0,0.0,0.0,0.0,584.0,2229.97,198.0,73.0,519.0,2653.76,179.0,159.0,-0.5154975215637649,-0.49373640301979127,0.20701780055324429,0.4153902663266902,1,Low,Low,High,High,LLHH,2
54,1,23.0,0.0,0.0,0.0,0.0,0.0,0.0,0.0,0.0,3.0,2.0,2.0,2.0,0.0,0.0,0.0,0.0,1594.0,1417.38,233.0,20.0,377.0,1869.23,127.0,151.0,-0.37868172942626277,-0.2046482734616505,0.28125070057969015,-0.004954328177228212,1,Low,Low,High,Low,LLHL,1
55,0,15.0,18.0,20.0,1.0,1.0,0.0,0.0,0.0,0.0,7.0,6.0,2.0,4.0,0.0,0.0,0.0,0.0,785.0,1473.63,186.0,59.0,795.0,1546.04,190.0,63.0,-0.23467835932340908,-0.24407208672553113,-0.017934349690326853,0.19542671046977445,1,Low,Low,Low,High,LLLH,1
57,0,7.0,4.0,3.0,1.0,2.0,38.0,0.0,3.0,3.0,5.0,12.0,3.0,8.0,0.0,0.0,0.0,1.0,1142.0,2362.96,269.0,62.0,1178.0,1936.5,178.0,54.0,-0.032110076782333956,-0.13151379930583426,0.7010226346786861,0.44735611839021316,0,Low,Low,High,High,LLHH,2
58,0,22.0,7.0,3.0,2.0,4.0,4.0,1.0,0.0,1.0,16.0,9.0,3.0,9.0,353.0,2.0,3.0,3.0,756.0,3229.37,169.0,73.0,677.0,3189.22,104.0,123.0,-0.036074802949784227,0.3812370806378697,0.487226393915332,0.2172765475188309,0,Low,High,High,High,LHHH,3
59,0,7.0,2.0,6.0,1.0,3.0,233.0,2.0,1.0,2.0,6.0,4.0,2.0,2.0,0.0,0.0,0.0,0.0,145.0,2168.28,43.0,31.0,262.0,5398.85,53.0,49.0,-0.07786057676856754,-0.32579082026997713,-0.8731414578959165,-0.18657827543211775,1,Low,Low,Low,Low,LLLL,0
61,1,19.0,10.0,11.0,1.0,5.0,0.0,0.0,0.0,0.0,16.0,14.0,1.0,6.0,0.0,0.0,0.0,0.0,2011.0,1980.66,352.0,87.0,392.0,3358.16,103.0,156.0,-0.21512340136012226,-0.23913828463239165,1.5751215993891305,0.13988924243700646,0,Low,Low,High,High,LLHH,2
62,0,3.0,0.0,0.0,0.0,0.0,0.0,0.0,0.0,0.0,5.0,6.0,1.0,2.0,67.0,1.0,0.0,1.0,313.0,3092.01,55.0,131.0,748.0,5733.69,62.0,253.0,-0.5396414848821476,-0.30034873454258193,0.31463748695186,0.8744536097784272,1,Low,Low,High,High,LLHH,2
63,0,8.0,8.0,10.0,2.0,6.0,320.0,2.0,2.0,1.0,2.0,3.0,1.0,3.0,71.0,0.0,2.0,1.0,948.0,1606.96,211.0,33.0,376.0,2281.12,96.0,140.0,0.027060000982873846,-0.22893538957642187,-0.020533599731741653,-0.09510227942695902,1,High,Low,Low,Low,HLLL,1
64,0,16.0,0.0,1.0,1.0,1.0,77.0,0.0,2.0,2.0,12.0,22.0,4.0,10.0,3.0,0.0,1.0,1.0,827.0,2307.13,252.0,43.0,1290.0,3141.4,197.0,87.0,-0.0967111006511518,0.07976502145069767,0.2916052983425484,0.8641109974471624,0,Low,High,High,High,LHHH,3
65,0,15.0,2.0,1.0,1.0,2.0,0.0,0.0,0.0,0.0,0.0,0.0,0.0,0.0,70.0,0.0,1.0,1.0,699.0,2521.46,208.0,86.0,522.0,1963.22,113.0,234.0,-0.33127496683142366,-0.29920287462711603,0.48773346301320075,0.32020093344434264,1,Low,Low,High,High,LLHH,2
66,1,8.0,0.0,0.0,0.0,0.0,134.0,1.0,1.0,1.0,1.0,1.0,1.0,1.0,20.0,1.0,0.0,1.0,39.0,738.46,8.0,30.0,66.0,1940.91,14.0,31.0,-0.33634659960206725,-0.28630940014869183,-1.4234196546337399,-0.9976161685805964,1,Low,Low,Low,Low,LLLL,0
67,0,6.0,19.0,15.0,1.0,4.0,850.0,1.0,3.0,1.0,3.0,2.0,1.0,1.0,14.0,0.0,1.0,1.0,542.0,2230.63,144.0,136.0,476.0,1807.56,58.0,362.0,0.040522168664468526,-0.2989189283803834,0.5314477062959533,0.47014502799378094,1,High,Low,High,High,HLHH,3
68,1,17.0,1.0,0.0,1.0,1.0,37.0,1.0,1.0,1.0,5.0,5.0,2.0,6.0,0.0,0.0,0.0,0.0,152.0,1383.55,55.0,43.0,257.0,1617.9,100.0,33.0,-0.18311044603553123,-0.2198064577102763,-0.941896792324086,-0.5916772380094188,1,Low,Low,Low,Low,LLLL,0
69,0,32.0,12.0,10.0,4.0,12.0,459.0,5.0,10.0,5.0,6.0,5.0,4.0,5.0,347.0,4.0,3.0,3.0,848.0,1765.68,275.0,63.0,1340.0,3199.03,191.0,168.0,1.131690312626217,0.5482440371856478,0.39226076934373355,1.1399089787289465,0,High,High,High,High,HHHH,4
70,0,0.0,2.0,4.0,1.0,4.0,0.0,0.0,0.0,0.0,6.0,4.0,1.0,6.0,130.0,0.0,1.0,1.0,799.0,1484.61,174.0,88.0,914.0,1939.82,135.0,286.0,-0.4233572118410063,-0.2927494054741763,0.1924238742629268,0.8353973029591946,1,Low,Low,High,High,LLHH,2
71,0,12.0,0.0,0.0,0.0,0.0,0.0,0.0,0.0,0.0,2.0,1.0,1.0,1.0,41.0,1.0,0.0,1.0,178.0,1946.63,20.0,156.0,643.0,1679.16,68.0,445.0,-0.46720959492699937,-0.24988994961359812,0.03150373750643776,0.8665878884221133,1,Low,Low,High,High,LLHH,2
72,0,19.0,4.0,4.0,1.0,4.0,0.0,0.0,0.0,0.0,2.0,1.0,1.0,1.0,143.0,1.0,0.0,1.0,1615.0,2272.01,325.0,94.0,1087.0,1577.0,232.0,100.0,-0.2643788098029056,-0.1803797128605353,1.3881947826333032,0.6726385350470013,0,Low,Low,High,High,LLHH,2
73,0,13.0,2.0,5.0,1.0,3.0,0.0,0.0,0.0,0.0,10.0,12.0,2.0,3.0,143.0,0.0,1.0,1.0,467.0,1770.45,149.0,13.0,668.0,2573.35,166.0,9.0,-0.3254445567737613,-0.1212227291201066,-0.6142715043052402,-0.008464402883247901,1,Low,Low,Low,Low,LLLL,0
74,1,30.0,7.0,6.0,2.0,4.0,43.0,5.0,0.0,1.0,8.0,8.0,2.0,4.0,14.0,1.0,1.0,1.0,803.0,2172.85,174.0,36.0,171.0,2289.47,28.0,114.0,0.15139230436214557,0.030180986303538406,-0.04536499206569526,-0.5647457371426287,1,High,High,Low,Low,HHLL,2
75,1,65.0,8.0,21.0,2.0,14.0,197.0,1.0,0.0,1.0,18.0,19.0,3.0,17.0,152.0,0.0,2.0,1.0,655.0,1297.1,206.0,62.0,741.0,1871.66,142.0,107.0,0.49549435691509747,0.5102290143291623,-0.059547577220466316,0.1675257070187158,0,High,High,Low,High,HHLH,3
76,0,15.0,7.0,8.0,2.0,9.0,0.0,0.0,0.0,0.0,11.0,14.0,2.0,11.0,48.0,1.0,1.0,2.0,687.0,1789.52,155.0,35.0,321.0,2246.73,114.0,73.0,-0.14335498145313924,0.0515266584270132,-0.28032500939397276,-0.28406261800305144,1,Low,High,Low,Low,LHLL,1
77,0,1.0,0.0,0.0,0.0,0.0,0.0,0.0,0.0,0.0,0.0,0.0,0.0,0.0,0.0,0.0,0.0,0.0,20.0,555.0,3.0,17.0,46.0,1571.74,10.0,33.0,-0.5557374604277361,-0.5339763418837625,-1.6028797076561832,-1.0706516041085545,1,Low,Low,Low,Low,LLLL,0
78,0,16.0,0.0,0.0,0.0,0.0,0.0,0.0,0.0,0.0,0.0,0.0,0.0,0.0,0.0,0.0,0.0,0.0,1028.0,2191.34,209.0,51.0,840.0,2370.36,166.0,97.0,-0.4350176438358224,-0.41325652529184886,0.32061809943721464,0.3609153982540347,1,Low,Low,High,High,LLHH,2
79,0,18.0,0.0,0.0,0.0,0.0,0.0,0.0,0.0,1.0,12.0,13.0,1.0,6.0,542.0,3.0,3.0,2.0,1144.0,1724.74,292.0,95.0,939.0,1592.65,231.0,153.0,-0.33158118449025425,0.17730846532805722,0.8699345363630356,0.7333744946082115,0,Low,High,High,High,LHHH,3
80,0,22.0,0.0,0.0,0.0,0.0,0.0,0.0,0.0,0.0,0.0,0.0,0.0,0.0,72.0,0.0,1.0,1.0,649.0,1722.8,185.0,123.0,426.0,1519.01,56.0,301.0,-0.386729717199057,-0.24260864017160533,0.4794275471130421,0.19652761472210917,1,Low,Low,High,High,LLHH,2
81,0,62.0,0.0,0.0,0.0,0.0,0.0,0.0,0.0,1.0,0.0,1.0,1.0,1.0,36.0,1.0,0.0,1.0,1031.0,1117.94,302.0,114.0,1557.0,1925.82,284.0,188.0,0.02253027751269231,0.1488333609883748,0.825739949505471,1.515030266037334,0,High,High,High,High,HHHH,4
82,0,2.0,3.0,3.0,1.0,2.0,81.0,1.0,0.0,1.0,5.0,6.0,1.0,4.0,199.0,0.0,1.0,1.0,170.0,1478.82,66.0,12.0,185.0,1895.68,64.0,73.0,-0.2998179104142186,-0.2789165383611911,-1.124165255850642,-0.6081834895831659,1,Low,Low,Low,Low,LLLL,0
83,0,20.0,0.0,0.0,0.0,0.0,61.0,0.0,1.0,1.0,2.0,1.0,1.0,1.0,0.0,0.0,0.0,0.0,654.0,1322.94,163.0,50.0,1058.0,2814.27,138.0,89.0,-0.2781417985806207,-0.3041708360096372,-0.27757304567006286,0.44957083066995535,1,Low,Low,Low,High,LLLH,1
84,0,6.0,0.0,0.0,0.0,0.0,0.0,0.0,0.0,0.0,0.0,0.0,0.0,0.0,0.0,0.0,0.0,0.0,654.0,2107.8,224.0,60.0,203.0,3560.1,86.0,70.0,-0.5154975215637649,-0.49373640301979127,0.18921712895426224,-0.2965391381405307,1,Low,Low,High,Low,LLHL,1
85,0,25.0,36.0,26.0,3.0,10.0,1942.0,12.0,3.0,3.0,11.0,8.0,3.0,3.0,374.0,6.0,1.0,2.0,566.0,1273.14,142.0,12.0,488.0,2004.1,94.0,34.0,1.1452617060963144,0.3502153870459533,-0.7133011278180762,-0.3943452838840458,1,High,High,Low,Low,HHLL,2
86,0,3.0,0.0,0.0,0.0,0.0,0.0,0.0,0.0,0.0,0.0,0.0,0.0,0.0,0.0,0.0,0.0,0.0,304.0,1252.3,111.0,38.0,133.0,1357.89,54.0,43.0,-0.5396414848821476,-0.517880366338174,-0.7589810991590189,-0.8490205037968309,1,Low,Low,Low,Low,LLLL,0
87,0,13.0,0.0,0.0,0.0,0.0,0.0,0.0,0.0,0.0,0.0,0.0,0.0,0.0,0.0,0.0,0.0,0.0,842.0,1497.86,279.0,96.0,372.0,1348.39,148.0,69.0,-0.4591616071542052,-0.4374004886102316,0.5971416207135771,-0.2619776590836138,1,Low,Low,High,Low,LLHL,1
88,0,34.0,5.0,3.0,3.0,5.0,140.0,7.0,1.0,3.0,20.0,16.0,6.0,14.0,373.0,4.0,7.0,6.0,1780.0,2166.07,332.0,91.0,1922.0,1551.2,318.0,162.0,0.53289473810139,1.1680279227326846,1.4568868553816103,1.7612190030797765,0,High,High,High,High,HHHH,4
89,0,0.0,7.0,8.0,1.0,3.0,24.0,1.0,0.0,1.0,1.0,2.0,1.0,1.0,45.0,0.0,2.0,1.0,130.0,1686.92,47.0,41.0,150.0,4526.0,13.0,109.0,-0.28771718795978907,-0.312472363382187,-0.9156089121441993,-0.34129370871843323,1,Low,Low,Low,Low,LLLL,0
90,1,25.0,240.0,272.0,5.0,72.0,6532.0,23.0,25.0,3.0,155.0,180.0,6.0,70.0,4391.0,11.0,16.0,3.0,1319.0,1854.13,348.0,86.0,838.0,3041.17,170.0,122.0,4.909410282969707,2.7328031416260843,1.1027045850209785,0.5447513941111761,0,High,High,High,High,HHHH,4
91,0,13.0,264.0,233.0,2.0,61.0,4591.0,24.0,17.0,1.0,164.0,145.0,3.0,53.0,1940.0,10.0,9.0,2.0,566.0,2596.64,161.0,73.0,814.0,2870.27,103.0,77.0,3.7366534793120354,1.623550639479008,0.18272053825579768,0.12180789587234399,0,High,High,High,High,HHHH,4
92,0,0.0,6.0,5.0,3.0,5.0,188.0,0.0,4.0,3.0,14.0,15.0,3.0,9.0,200.0,2.0,3.0,4.0,1651.0,2344.22,287.0,106.0,1619.0,1815.75,316.0,269.0,0.17056374224287177,0.2699287381982053,1.4135778557146332,1.9130178868445058,0,High,High,High,High,HHHH,4
93,1,8.0,70.0,93.0,1.0,19.0,0.0,0.0,0.0,1.0,118.0,167.0,1.0,21.0,587.0,2.0,0.0,1.0,447.0,2353.02,166.0,14.0,201.0,1735.82,73.0,16.0,0.35177668408062174,0.3812904840876712,-0.4154659312949185,-0.7654524341338436,1,High,High,Low,Low,HHLL,2
94,0,13.0,3.0,7.0,2.0,3.0,45.0,2.0,0.0,1.0,6.0,10.0,1.0,2.0,228.0,0.0,1.0,1.0,742.0,2095.96,174.0,12.0,473.0,3507.4,123.0,33.0,-0.08485083310461766,-0.1917080636171281,-0.2965249690581416,-0.0966329538633475,1,Low,Low,Low,Low,LLLL,0
95,0,10.0,17.0,34.0,4.0,15.0,366.0,6.0,11.0,4.0,14.0,20.0,7.0,20.0,1310.0,4.0,10.0,4.0,1329.0,2247.4,234.0,106.0,1274.0,2117.66,252.0,200.0,1.025003042831869,1.1398243451122687,1.0363530283437283,1.2646564450100426,0,High,High,High,High,HHHH,4
96,1,61.0,13.0,10.0,4.0,7.0,482.0,10.0,3.0,5.0,15.0,14.0,4.0,14.0,459.0,7.0,3.0,3.0,150.0,1030.0,43.0,39.0,1104.0,1617.12,191.0,94.0,1.2630764059904012,0.9831352705840067,-1.1035282712742118,0.523661223982309,0,High,High,Low,High,HHLH,3
97,0,15.0,20.0,14.0,3.0,8.0,162.0,1.0,4.0,2.0,19.0,15.0,3.0,15.0,89.0,2.0,0.0,1.0,1262.0,1731.06,319.0,79.0,200.0,2172.0,93.0,52.0,0.3259622955515855,0.08292573174498517,0.8935730228901293,-0.5210744992949304,1,High,High,High,Low,HHHL,3
98,0,2.0,8.0,8.0,1.0,3.0,1698.0,6.0,3.0,2.0,4.0,2.0,1.0,2.0,207.0,1.0,1.0,2.0,834.0,1351.08,268.0,118.0,392.0,2497.19,94.0,216.0,0.29857056800506915,-0.18492870257517122,0.699209357037669,0.17728303833507428,0,High,Low,High,High,HLHH,3
99,0,24.0,0.0,0.0,0.0,0.0,0.0,0.0,0.0,0.0,3.0,4.0,1.0,2.0,0.0,0.0,0.0,0.0,1055.0,1918.58,222.0,81.0,433.0,2241.34,133.0,152.0,-0.3706337416534685,-0.25947405908460985,0.5465614495851578,0.11044873474620169,1,Low,Low,High,High,LLHH,2
100,1,40.0,18.0,23.0,6.0,16.0,218.0,4.0,2.0,4.0,48.0,54.0,9.0,30.0,125.0,4.0,2.0,5.0,1816.0,2793.17,316.0,55.0,1183.0,3358.58,246.0,85.0,1.0847353742984347,1.336901011181809,1.3045347308260367,0.988849868242974,0,High,High,High,High,HHHH,4
101,0,0.0,0.0,0.0,0.0,0.0,0.0,0.0,0.0,0.0,0.0,0.0,0.0,0.0,0.0,0.0,0.0,0.0,414.0,1161.59,157.0,91.0,907.0,1577.07,198.0,210.0,-0.5637854482005302,-0.5420243296565567,-0.1515040147238335,0.7688032477555242,1,Low,Low,Low,High,LLLH,1
102,0,6.0,21.0,25.0,2.0,10.0,2.0,0.0,1.0,1.0,43.0,36.0,1.0,14.0,420.0,5.0,7.0,1.0,674.0,1961.13,195.0,108.0,488.0,1985.04,117.0,169.0,0.003630880532742071,0.32220477840332634,0.46528056871494766,0.10963035950006345,1,High,High,High,High,HHHH,4
103,0,1.0,0.0,0.0,0.0,0.0,0.0,0.0,0.0,0.0,0.0,0.0,0.0,0.0,0.0,0.0,0.0,0.0,84.0,3228.57,0.0,84.0,118.0,3101.69,0.0,118.0,-0.5557374604277361,-0.5339763418837625,-0.33104895118939265,-0.5784913455102506,1,Low,Low,Low,Low,LLLL,0
104,1,39.0,38.0,36.0,2.0,21.0,194.0,5.0,0.0,2.0,87.0,79.0,4.0,25.0,1679.0,5.0,0.0,1.0,600.0,2406.5,205.0,58.0,371.0,3747.17,62.0,182.0,0.6859036264850253,0.914887897376182,0.16236041191763628,0.1126499367641109,0,High,High,High,High,HHHH,4
105,0,8.0,0.0,0.0,0.0,0.0,0.0,0.0,0.0,0.0,18.0,13.0,2.0,6.0,240.0,3.0,4.0,3.0,1325.0,1940.15,223.0,106.0,1104.0,2732.07,186.0,157.0,-0.4994015460181763,0.24592714532717544,0.9209348093283332,0.856936911121985,0,Low,High,High,High,LHHH,3
106,0,15.0,20.0,27.0,2.0,9.0,1031.0,5.0,11.0,3.0,0.0,0.0,0.0,0.0,745.0,4.0,1.0,3.0,904.0,2231.08,234.0,78.0,225.0,2536.0,27.0,126.0,0.817768899350948,0.08285779545963033,0.5481216254742447,-0.45871719922461035,1,High,High,High,Low,HHHL,3
107,1,27.0,0.0,0.0,0.0,0.0,0.0,0.0,0.0,0.0,0.0,0.0,0.0,0.0,0.0,0.0,0.0,1.0,817.0,1457.41,277.0,81.0,678.0,1355.75,200.0,141.0,-0.3464897783350858,-0.24542903180745393,0.44419828526438176,0.36771811321292913,1,Low,Low,High,High,LLHH,2
108,0,42.0,4.0,4.0,2.0,4.0,184.0,1.0,0.0,1.0,13.0,14.0,5.0,9.0,437.0,6.0,3.0,2.0,652.0,2233.9,202.0,81.0,823.0,1754.07,186.0,146.0,0.1469522395450103,0.7450864615826082,0.3257704766046492,0.48992506564675925,0,High,High,High,High,HHHH,4
110,1,3.0,0.0,0.0,0.0,0.0,0.0,0.0,0.0,0.0,0.0,0.0,0.0,0.0,0.0,0.0,0.0,0.0,52.0,12871.15,1.0,51.0,72.0,8991.67,0.0,72.0,-0.5396414848821476,-0.517880366338174,1.9109679693748112,0.05570725964364551,1,Low,Low,High,High,LLHH,2
111,0,25.0,3.0,3.0,1.0,1.0,146.0,2.0,2.0,2.0,2.0,4.0,1.0,4.0,298.0,5.0,0.0,2.0,523.0,1961.19,212.0,46.0,391.0,2858.82,105.0,71.0,0.05561801799152885,0.12723558253303935,-0.07725249230616194,-0.18919118161738027,1,High,High,Low,Low,HHLL,2
112,1,8.0,0.0,0.0,0.0,0.0,0.0,0.0,0.0,0.0,0.0,1.0,1.0,1.0,0.0,0.0,0.0,0.0,388.0,2828.35,126.0,39.0,241.0,1330.71,6.0,235.0,-0.4994015460181763,-0.4037769672060296,-0.24288292680501028,-0.3468618126355111,1,Low,Low,Low,Low,LLLL,0
113,1,6.0,0.0,0.0,0.0,0.0,0.0,0.0,0.0,0.0,0.0,0.0,0.0,0.0,0.0,0.0,0.0,0.0,713.0,1657.78,191.0,31.0,215.0,2042.79,66.0,116.0,-0.5154975215637649,-0.49373640301979127,-0.22495401900650874,-0.4246246789830544,1,Low,Low,Low,Low,LLLL,0
114,0,7.0,48.0,64.0,2.0,16.0,22.0,0.0,1.0,1.0,10.0,9.0,2.0,8.0,0.0,0.0,0.0,0.0,1528.0,2164.99,276.0,58.0,491.0,3591.45,124.0,48.0,0.2739072555509214,-0.2738111075583146,0.8714578868462791,-0.021700777227058626,1,High,Low,High,Low,HLHL,2
115,0,30.0,25.0,22.0,1.0,12.0,26.0,0.0,1.0,1.0,38.0,32.0,1.0,25.0,0.0,0.0,0.0,0.0,503.0,1363.42,185.0,35.0,181.0,2040.33,61.0,54.0,0.1398725422865087,0.03146979549005976,-0.41470806288875006,-0.6615285696665293,1,High,High,Low,Low,HHLL,2
116,0,5.0,5.0,4.0,2.0,6.0,415.0,4.0,11.0,2.0,16.0,10.0,2.0,12.0,39.0,0.0,1.0,1.0,509.0,1827.11,214.0,88.0,598.0,2160.7,178.0,170.0,0.38198379934155624,-0.13569894781684327,0.2246618555187955,0.43404661396541233,0,High,Low,High,High,HLHH,3
117,0,11.0,0.0,0.0,0.0,0.0,0.0,0.0,0.0,1.0,0.0,0.0,0.0,0.0,532.0,2.0,2.0,1.0,0.0,0.0,0.0,0.0,27.0,3411.11,1.0,26.0,-0.3879170988998139,-0.16982288695254352,-1.906676127813071,-0.8851490648093483,1,Low,Low,Low,Low,LLLL,0
118,0,31.0,0.0,3.0,1.0,3.0,43.0,0.0,1.0,1.0,4.0,3.0,2.0,4.0,0.0,0.0,0.0,0.0,1331.0,1867.84,138.0,34.0,158.0,2439.87,69.0,16.0,-0.07086201676877753,-0.12446946025324898,0.07210536061614975,-0.7131880719928158,1,Low,Low,High,Low,LLHL,1
119,0,7.0,19.0,25.0,1.0,16.0,57.0,2.0,2.0,2.0,70.0,55.0,3.0,26.0,252.0,4.0,1.0,2.0,1004.0,2320.52,219.0,77.0,1428.0,2129.62,230.0,149.0,0.1586417260511198,0.4297326344242544,0.5797036178858502,1.1354048605197096,0,High,High,High,High,HHHH,4
120,0,3.0,23.0,23.0,2.0,18.0,128.0,2.0,1.0,1.0,26.0,35.0,2.0,22.0,72.0,3.0,2.0,1.0,1252.0,2048.96,201.0,73.0,252.0,4225.0,41.0,159.0,0.13111847249445185,0.10578562185783864,0.5733063330995842,-0.053151110432551746,1,High,High,High,Low,HHHL,3
121,0,12.0,14.0,11.0,3.0,9.0,190.0,3.0,0.0,1.0,13.0,17.0,1.0,4.0,2290.0,1.0,0.0,1.0,736.0,2110.6,215.0,30.0,94.0,3220.21,25.0,61.0,0.14395845359820647,0.10100597360365626,-0.029540713158512116,-0.66797688040297,1,High,High,Low,Low,HHLL,2
122,0,33.0,1.0,1.0,1.0,2.0,3.0,0.0,1.0,1.0,63.0,61.0,2.0,13.0,192.0,1.0,2.0,2.0,1167.0,2149.36,126.0,65.0,867.0,1573.7,167.0,83.0,-0.07382285172073123,0.41265362400842914,0.2616146357570411,0.22988566435423458,1,Low,High,High,High,LHHH,3
123,1,18.0,6.0,3.0,2.0,3.0,0.0,0.0,0.0,0.0,3.0,1.0,1.0,3.0,0.0,0.0,0.0,0.0,959.0,1200.31,298.0,81.0,956.0,2014.96,131.0,127.0,-0.1959848903599181,-0.3060118208652225,0.5250223322098877,0.3617882302432806,1,Low,Low,High,High,LLHH,2
124,0,0.0,0.0,0.0,0.0,0.0,0.0,0.0,0.0,0.0,0.0,0.0,0.0,0.0,0.0,0.0,0.0,0.0,303.0,2174.26,96.0,60.0,143.0,2672.73,33.0,96.0,-0.5637854482005302,-0.5420243296565567,-0.38460934498982,-0.5701869975611678,1,Low,Low,Low,Low,LLLL,0
125,0,1.0,0.0,0.0,0.0,0.0,0.0,0.0,0.0,0.0,0.0,0.0,0.0,0.0,0.0,0.0,0.0,0.0,369.0,1633.33,71.0,69.0,162.0,1338.89,2.0,160.0,-0.5557374604277361,-0.5339763418837625,-0.4874336387400453,-0.6511880951560044,1,Low,Low,Low,Low,LLLL,0
126,0,5.0,8.0,8.0,1.0,6.0,39.0,1.0,2.0,1.0,2.0,2.0,1.0,2.0,0.0,0.0,0.0,0.0,328.0,1789.94,130.0,120.0,396.0,1871.21,109.0,229.0,-0.15721270711839752,-0.41698080640122015,0.11557658642361673,0.18873001029736078,1,Low,Low,High,High,LLHH,2
127,0,4.0,0.0,0.0,0.0,0.0,0.0,0.0,0.0,0.0,0.0,0.0,0.0,0.0,0.0,0.0,0.0,0.0,655.0,1719.39,203.0,135.0,545.0,1868.26,100.0,298.0,-0.5315934971093532,-0.5098323785653798,0.6324278729910511,0.4774103398355386,1,Low,Low,High,High,LLHH,2
128,0,20.0,10.0,13.0,3.0,9.0,0.0,0.0,0.0,1.0,5.0,5.0,3.0,4.0,199.0,2.0,0.0,2.0,826.0,1663.8,259.0,55.0,526.0,2219.77,131.0,142.0,0.09171313105701763,0.10999256779229855,0.2402469394747437,0.13435741481275681,1,High,High,High,High,HHHH,4
129,0,8.0,3.0,1.0,1.0,3.0,17.0,1.0,0.0,1.0,2.0,5.0,2.0,4.0,3.0,1.0,0.0,1.0,459.0,2520.92,135.0,28.0,343.0,1811.37,74.0,42.0,-0.25786155279755046,-0.19576690857296591,-0.3426956638130549,-0.5698650596645719,1,Low,Low,Low,Low,LLLL,0
130,0,18.0,0.0,0.0,0.0,0.0,0.0,0.0,0.0,0.0,0.0,0.0,0.0,0.0,0.0,0.0,0.0,0.0,1168.0,1665.92,263.0,54.0,1076.0,1723.88,242.0,132.0,-0.418921668290234,-0.39716054974626036,0.4518040439446989,0.8215783923103548,1,Low,Low,High,High,LLHH,2
131,1,24.0,0.0,0.0,0.0,0.0,61.0,1.0,0.0,1.0,16.0,12.0,3.0,7.0,1052.0,1.0,3.0,2.0,114.0,1081.58,37.0,30.0,502.0,1925.5,114.0,30.0,-0.24679715217784393,0.3661265938865114,-1.20235090587523,-0.33585126531104803,1,Low,High,Low,Low,LHLL,1
132,1,16.0,0.0,0.0,0.0,0.0,0.0,0.0,0.0,0.0,0.0,0.0,0.0,0.0,0.0,0.0,0.0,0.0,1253.0,1614.21,362.0,105.0,557.0,1965.35,145.0,172.0,-0.4350176438358224,-0.41325652529184886,1.1949032529605472,0.2657358338747323,1,Low,Low,High,High,LLHH,2
133,0,21.0,31.0,35.0,4.0,16.0,488.0,5.0,6.0,4.0,28.0,18.0,3.0,8.0,102.0,1.0,0.0,1.0,705.0,1859.57,198.0,17.0,452.0,1232.52,152.0,40.0,1.0218292845924222,0.0724896696387012,-0.2694549163339879,-0.298243048946157,1,High,High,Low,Low,HHLL,2
135,1,23.0,0.0,0.0,0.0,0.0,0.0,0.0,0.0,0.0,3.0,1.0,1.0,2.0,2.0,0.0,1.0,1.0,29.0,8472.41,2.0,27.0,101.0,5391.09,5.0,96.0,-0.37868172942626277,-0.1588230509903458,0.5539516614382485,-0.3262918534787006,1,Low,Low,High,Low,LLHL,1
136,0,18.0,138.0,135.0,3.0,73.0,432.0,1.0,6.0,3.0,180.0,191.0,4.0,81.0,10298.0,8.0,14.0,4.0,1512.0,2077.18,255.0,113.0,1431.0,3097.69,177.0,218.0,1.8954218461124104,3.3419642483709255,1.2213764726065675,1.2965630781675475,0,High,High,High,High,HHHH,4
137,1,27.0,138.0,135.0,4.0,74.0,237.0,4.0,1.0,2.0,183.0,170.0,4.0,82.0,10248.0,7.0,8.0,2.0,1297.0,1953.12,270.0,85.0,927.0,3257.93,192.0,86.0,1.8848053570610495,2.9912814441753937,0.8765510744742947,0.6034626005189472,0,High,High,High,High,HHHH,4
138,0,12.0,0.0,0.0,0.0,0.0,0.0,0.0,0.0,0.0,0.0,0.0,0.0,0.0,0.0,0.0,0.0,0.0,527.0,1620.11,93.0,134.0,304.0,2081.25,30.0,265.0,-0.46720959492699937,-0.4454484763830258,0.19548199403697686,-0.018575858679745372,1,Low,Low,High,Low,LLHL,1
139,0,31.0,12.0,22.0,3.0,14.0,1841.0,4.0,2.0,2.0,60.0,61.0,2.0,25.0,275.0,2.0,2.0,1.0,832.0,2512.5,165.0,11.0,236.0,3461.44,81.0,18.0,0.8009400303404993,0.4339415955260307,-0.1675964344940697,-0.46812988353210166,1,High,High,Low,Low,HHLL,2
140,0,16.0,11.0,10.0,2.0,9.0,4.0,2.0,0.0,1.0,14.0,12.0,2.0,11.0,131.0,5.0,1.0,2.0,1450.0,2483.79,258.0,88.0,548.0,2528.1,114.0,235.0,0.024808075362292303,0.20803890292993232,1.097019359285419,0.42302213816502116,0,High,High,High,High,HHHH,4
141,0,12.0,33.0,39.0,2.0,17.0,61.0,1.0,0.0,1.0,87.0,85.0,3.0,42.0,6.0,0.0,1.0,1.0,269.0,1667.29,97.0,51.0,271.0,1852.03,64.0,69.0,0.20757193622040593,0.39649496729587164,-0.6077974590650644,-0.5662065482507856,1,High,High,Low,Low,HHLL,2
142,0,14.0,0.0,0.0,0.0,0.0,0.0,0.0,0.0,0.0,0.0,0.0,0.0,0.0,2.0,0.0,1.0,1.0,674.0,1935.635,185.0,49.0,430.0,2194.175,103.0,105.0,-0.451113619381411,-0.3160337439622457,-0.048022748193753156,-0.15372104523205002,1,Low,Low,Low,Low,LLLL,0
144,0,16.0,15.0,16.0,2.0,15.0,284.0,3.0,2.0,2.0,34.0,38.0,4.0,13.0,742.0,9.0,7.0,2.0,1021.0,1785.31,241.0,44.0,1162.0,2315.58,162.0,120.0,0.3274041674080695,0.8407867164824513,0.2480713415315177,0.6378552396938395,0,High,High,High,High,HHHH,4
145,0,2.0,3.0,6.0,1.0,7.0,3425.0,4.0,2.0,1.0,11.0,10.0,1.0,6.0,1032.0,1.0,0.0,1.0,972.0,1386.11,264.0,92.0,336.0,2066.96,94.0,179.0,0.41708769711815274,-0.14302708157409155,0.569957874459175,-0.03752556830539641,1,High,Low,High,Low,HLHL,2
146,1,25.0,21.0,21.0,4.0,23.0,3425.0,2.0,4.0,1.0,48.0,58.0,4.0,37.0,1206.0,2.0,1.0,3.0,652.0,2050.31,144.0,24.0,240.0,2650.0,76.0,43.0,1.1097165638680129,0.8162850073630259,-0.35470918318481504,-0.5165660745381532,1,High,High,Low,Low,HHLL,2
147,0,18.0,5.0,8.0,1.0,3.0,463.0,7.0,2.0,1.0,9.0,10.0,1.0,5.0,253.0,6.0,1.0,1.0,846.0,1320.57,213.0,13.0,378.0,1073.02,82.0,9.0,0.13708738052366257,0.07983366821481187,-0.3131489704143959,-0.7216715226755261,1,High,High,Low,Low,HHLL,2
148,0,31.0,0.0,0.0,0.0,0.0,0.0,0.0,0.0,0.0,2.0,0.0,1.0,2.0,0.0,0.0,0.0,0.0,1310.0,2078.47,238.0,57.0,501.0,5368.26,103.0,78.0,-0.31429782724390887,-0.2108129649806588,0.5962285654027925,0.2485409621406519,1,Low,Low,High,High,LLHH,2
149,0,0.0,9.0,7.0,1.0,4.0,49.0,0.0,2.0,2.0,54.0,49.0,2.0,26.0,123.0,1.0,2.0,1.0,1636.0,2236.43,324.0,104.0,1178.0,2847.45,252.0,350.0,-0.1550330085025919,0.10955209948755978,1.4695027712053166,1.7684239058193618,0,Low,High,High,High,LHHH,3
150,0,2.0,0.0,0.0,0.0,0.0,0.0,0.0,0.0,0.0,0.0,0.0,0.0,0.0,0.0,0.0,0.0,0.0,75.0,3192.0,0.0,75.0,207.0,2528.99,10.0,197.0,-0.5476894726549417,-0.5259283541109682,-0.4188514477660081,-0.31069142874146755,1,Low,Low,Low,Low,LLLL,0
151,1,30.0,8.0,8.0,1.0,2.0,28.0,1.0,1.0,2.0,39.0,43.0,2.0,17.0,0.0,0.0,0.0,0.0,1547.0,1689.85,306.0,77.0,699.0,3537.77,132.0,88.0,0.06277943442356666,0.06491826530153265,1.0008816944534797,0.2717102671192622,0,High,High,High,High,HHHH,4
152,0,14.0,26.0,24.0,2.0,13.0,411.0,11.0,8.0,1.0,39.0,41.0,2.0,19.0,38.0,2.0,1.0,2.0,1169.0,2354.06,264.0,66.0,871.0,2217.11,203.0,149.0,0.6646088587727115,0.21121781698475364,0.7326111831071528,0.6581036845440205,0,High,High,High,High,HHHH,4
153,0,4.0,1.0,1.0,1.0,1.0,72.0,0.0,2.0,1.0,6.0,6.0,1.0,3.0,10.0,2.0,0.0,1.0,654.0,1059.17,185.0,97.0,401.0,1676.56,76.0,264.0,-0.27837534828734056,-0.25770820360093705,0.09843316505677174,0.15649015466507904,1,Low,Low,High,High,LLHH,2
154,1,24.0,0.0,0.0,0.0,0.0,0.0,0.0,0.0,0.0,14.0,12.0,1.0,10.0,0.0,0.0,0.0,0.0,1043.0,1867.88,280.0,39.0,770.0,2046.23,239.0,62.0,-0.3706337416534685,-0.17952876090622621,0.3579294038577345,0.41999940073548825,1,Low,Low,High,High,LLHH,2
155,0,15.0,6.0,8.0,2.0,5.0,0.0,0.0,0.0,0.0,6.0,7.0,2.0,5.0,3.0,1.0,0.0,1.0,1141.0,2177.56,248.0,139.0,598.0,1677.09,92.0,358.0,-0.1854052022463015,-0.12392067178130804,1.2123586436031042,0.6479403300124545,0,Low,Low,High,High,LLHH,2
156,0,8.0,0.0,0.0,0.0,0.0,0.0,0.0,0.0,0.0,0.0,0.0,0.0,0.0,0.0,0.0,0.0,0.0,697.0,2549.78,180.0,75.0,592.0,4201.01,143.0,58.0,-0.4994015460181763,-0.47764042747420277,0.3221947702964121,0.23313912583185326,1,Low,Low,High,High,LLHH,2
157,1,23.0,10.0,10.0,3.0,5.0,116.0,4.0,0.0,2.0,14.0,13.0,3.0,9.0,0.0,0.0,0.0,0.0,1210.0,2172.64,285.0,82.0,633.0,2864.93,155.0,174.0,0.28103654733911326,-0.060499526071577096,0.9014176829125556,0.48538774507362326,0,High,Low,High,High,HLHH,3
158,1,39.0,12.0,11.0,2.0,8.0,575.0,2.0,5.0,3.0,9.0,13.0,2.0,7.0,561.0,4.0,2.0,2.0,1239.0,2083.05,279.0,57.0,813.0,2996.68,241.0,117.0,0.609193260532909,0.4168571628482635,0.6756448026278178,0.7609900831901267,0,High,High,High,High,HHHH,4
160,0,4.0,0.0,0.0,0.0,0.0,0.0,0.0,0.0,0.0,0.0,0.0,0.0,0.0,0.0,0.0,0.0,0.0,244.0,1401.64,32.0,117.0,823.0,1399.03,30.0,260.0,-0.5315934971093532,-0.5098323785653798,-0.35108062112212657,0.23716779682241695,1,Low,Low,Low,High,LLLH,1
161,0,10.0,1.0,0.0,1.0,1.0,60.0,0.0,1.0,1.0,1.0,11.0,1.0,3.0,0.0,0.0,0.0,0.0,47.0,714.89,18.0,17.0,148.0,3881.76,40.0,40.0,-0.2628178400856601,-0.3580267976099935,-1.500286193551013,-0.5507822390037586,1,Low,Low,Low,Low,LLLL,0
162,1,30.0,0.0,0.0,0.0,0.0,0.0,0.0,0.0,0.0,0.0,1.0,1.0,1.0,0.0,0.0,0.0,0.0,674.0,1935.635,185.0,49.0,430.0,2194.175,103.0,105.0,-0.3223458150167031,-0.2267212362045563,-0.048022748193753156,-0.15372104523205002,1,Low,Low,Low,Low,LLLL,0
163,0,12.0,18.0,25.0,5.0,15.0,25.0,0.0,1.0,1.0,16.0,20.0,4.0,19.0,0.0,0.0,0.0,0.0,802.0,2942.77,256.0,42.0,589.0,2283.87,180.0,89.0,0.3447012488299667,-0.005564798586436622,0.4466645531142601,0.19760307525666804,0,High,Low,High,High,HLHH,3
164,1,8.0,96.0,81.0,3.0,40.0,11.0,1.0,0.0,1.0,50.0,34.0,4.0,27.0,0.0,0.0,0.0,0.0,877.0,2138.31,238.0,28.0,535.0,1994.02,175.0,56.0,0.7939941012327978,0.08627626662994471,0.11500874730354832,-0.0019166067123708164,0,High,High,High,Low,HHHL,3
165,1,10.0,2.0,1.0,2.0,3.0,18.0,0.0,1.0,1.0,3.0,4.0,1.0,4.0,47.0,1.0,1.0,1.0,433.0,1670.44,182.0,9.0,374.0,2827.54,68.0,40.0,-0.16062280550351002,-0.20620547861332844,-0.5958235290353736,-0.436009756572199,1,Low,Low,Low,Low,LLLL,0
167,0,7.0,0.0,0.0,0.0,0.0,0.0,0.0,0.0,0.0,3.0,3.0,1.0,1.0,26.0,1.0,3.0,1.0,1218.0,1857.88,237.0,60.0,610.0,1504.92,160.0,50.0,-0.5074495337909706,-0.1861898826519356,0.5040046041041896,-0.08930775923696298,1,Low,Low,High,Low,LLHL,1
168,0,6.0,0.0,0.0,0.0,0.0,0.0,0.0,0.0,0.0,0.0,0.0,0.0,0.0,0.0,0.0,0.0,0.0,910.0,1445.27,203.0,0.0,283.0,1097.17,148.0,4.0,-0.5154975215637649,-0.49373640301979127,-0.37639171451233133,-0.563265714477646,1,Low,Low,Low,Low,LLLL,0
169,0,14.0,0.0,0.0,0.0,0.0,218.0,4.0,2.0,2.0,6.0,6.0,1.0,3.0,785.0,6.0,0.0,1.0,531.0,3044.07,189.0,42.0,112.0,9168.75,30.0,55.0,-0.07888574946020073,0.059149090543987065,0.11083161139580727,0.16290921747662257,1,Low,High,High,High,LHHH,3
170,0,0.0,16.0,18.0,2.0,7.0,0.0,0.0,0.0,0.0,16.0,16.0,3.0,7.0,0.0,0.0,0.0,0.0,1067.0,1731.12,211.0,21.0,614.0,2263.68,159.0,95.0,-0.22585299600699493,-0.25069305764342203,-0.012929225869112021,0.15563998499859433,1,Low,Low,Low,High,LLLH,1
171,0,32.0,17.0,15.0,2.0,13.0,329.0,4.0,1.0,2.0,17.0,17.0,2.0,12.0,19.0,1.0,0.0,1.0,382.0,1671.2,172.0,20.0,270.0,967.78,103.0,79.0,0.445870859368372,0.09161689370998877,-0.5671608739566251,-0.5168374249470727,1,High,High,Low,Low,HHLL,2
172,0,7.0,34.0,40.0,1.0,14.0,982.0,4.0,7.0,2.0,67.0,80.0,3.0,37.0,1698.0,2.0,5.0,3.0,1168.0,2042.21,192.0,75.0,719.0,2251.04,218.0,130.0,0.5677981768721279,0.8667234677313351,0.5101896615985052,0.5501377905434331,0,High,High,High,High,HHHH,4
173,0,32.0,4.0,2.0,2.0,3.0,600.0,4.0,4.0,3.0,11.0,12.0,2.0,9.0,799.0,2.0,6.0,4.0,945.0,2165.08,261.0,68.0,697.0,2590.67,201.0,156.0,0.48245628111815697,0.6309948352664365,0.5546708365651363,0.6018156795013849,0,High,High,High,High,HHHH,4
174,1,23.0,0.0,3.0,1.0,1.0,339.0,0.0,3.0,2.0,12.0,21.0,4.0,12.0,20.0,1.0,0.0,1.0,960.0,2861.56,122.0,90.0,365.0,2552.88,62.0,244.0,0.03445965912748081,0.1498053784505251,0.512998501247369,0.1386113063603696,1,High,High,High,High,HHHH,4
176,1,63.0,379.0,324.0,5.0,99.0,376.0,3.0,3.0,2.0,728.0,640.0,11.0,202.0,1743.0,6.0,9.0,4.0,1463.0,1746.07,337.0,98.0,1979.0,2107.88,246.0,186.0,3.8581029565406837,5.116373167859253,1.2261709616457022,1.6940730760999414,0,High,High,High,High,HHHH,4
177,1,20.0,4.0,3.0,1.0,1.0,21.0,1.0,0.0,1.0,16.0,13.0,2.0,5.0,13.0,1.0,0.0,1.0,1419.0,2694.29,304.0,59.0,858.0,2710.84,151.0,160.0,-0.17104977211252848,-0.05799822105700711,1.0349058139342726,0.5642190483010565,0,Low,Low,High,High,LLHH,2
178,0,25.0,24.0,30.0,4.0,16.0,87.0,2.0,2.0,3.0,35.0,24.0,4.0,18.0,527.0,0.0,2.0,2.0,922.0,1915.51,206.0,16.0,454.0,2045.15,134.0,82.0,0.6754327577827506,0.4218246439735456,-0.1077267867707378,-0.11791770431339185,1,High,High,Low,Low,HHLL,2
179,0,9.0,39.0,40.0,3.0,24.0,258.0,3.0,3.0,4.0,40.0,38.0,4.0,27.0,19.0,1.0,0.0,1.0,799.0,1607.76,288.0,99.0,1063.0,2397.74,263.0,148.0,0.7862924105642178,0.20115581420554052,0.6507358922702416,1.0310526989543813,0,High,High,High,High,HHHH,4
180,0,19.0,1.0,3.0,2.0,3.0,98.0,0.0,3.0,1.0,20.0,18.0,1.0,4.0,352.0,0.0,5.0,3.0,1109.0,1990.98,206.0,57.0,1457.0,1902.75,305.0,162.0,-0.017013645165646237,0.21250935709520669,0.35687628266785987,1.4354550851517722,0,Low,High,High,High,LHHH,3
181,0,24.0,0.0,0.0,0.0,0.0,0.0,0.0,0.0,0.0,0.0,0.0,0.0,0.0,0.0,0.0,0.0,0.0,610.0,2201.8,242.0,34.0,682.0,3225.66,210.0,70.0,-0.3706337416534685,-0.34887262310949496,0.030171418999632937,0.441130154765353,1,Low,Low,High,High,LLHH,2
182,0,18.0,0.0,0.0,0.0,0.0,0.0,0.0,0.0,0.0,1.0,0.0,1.0,1.0,0.0,0.0,0.0,0.0,860.0,2368.6,246.0,15.0,286.0,6162.59,93.0,46.0,-0.418921668290234,-0.3233218708527009,0.08356033691748815,0.07009207460855568,1,Low,Low,High,High,LLHH,2
183,1,22.0,4.0,2.0,2.0,5.0,7.0,1.0,2.0,2.0,1.0,1.0,1.0,2.0,0.0,0.0,0.0,0.0,1107.0,1913.55,312.0,79.0,771.0,3567.7,215.0,115.0,0.10497051580849363,-0.28322007356119333,0.8267316867678478,0.7101449738504763,0,High,Low,High,High,HLHH,3
184,0,6.0,0.0,0.0,0.0,0.0,0.0,0.0,0.0,0.0,0.0,0.0,0.0,0.0,0.0,0.0,0.0,0.0,21.0,1914.29,0.0,21.0,63.0,1990.48,1.0,60.0,-0.5154975215637649,-0.49373640301979127,-1.2228202748187806,-0.9486795543030078,1,Low,Low,Low,Low,LLLL,0
185,0,10.0,0.0,3.0,2.0,3.0,645.0,9.0,11.0,3.0,0.0,0.0,0.0,0.0,59.0,1.0,1.0,2.0,829.0,1966.47,266.0,107.0,367.0,1911.99,67.0,251.0,0.6328540307568833,-0.22749434610742134,0.7624859871498951,0.09175423063340765,0,High,Low,High,High,HLHH,3
186,0,62.0,2.0,3.0,1.0,1.0,99.0,1.0,1.0,1.0,4.0,6.0,2.0,5.0,45.0,1.0,2.0,2.0,403.0,1295.29,129.0,36.0,641.0,1256.16,148.0,137.0,0.20089866467048711,0.40201052192091,-0.6506687079142277,0.12815763073203576,1,High,High,Low,High,HHLH,3
187,1,12.0,4.0,5.0,1.0,7.0,0.0,0.0,0.0,0.0,2.0,1.0,1.0,1.0,0.0,0.0,0.0,0.0,309.0,2496.12,102.0,48.0,319.0,3025.39,89.0,114.0,-0.28840900657588825,-0.3685547381919911,-0.375966853741167,-0.13957554218510337,1,Low,Low,Low,Low,LLLL,0
188,0,17.0,2.0,3.0,1.0,2.0,53.0,0.0,1.0,1.0,12.0,15.0,1.0,3.0,17.0,0.0,1.0,1.0,728.0,2171.29,225.0,63.0,952.0,2422.37,192.0,109.0,-0.18565898165643502,-0.16360851606069288,0.27790410368121055,0.5782152299720705,1,Low,Low,High,High,LLHH,2
189,1,16.0,0.0,0.0,0.0,0.0,0.0,0.0,0.0,0.0,0.0,0.0,0.0,0.0,0.0,0.0,0.0,0.0,688.0,2119.19,201.0,28.0,287.0,2563.07,78.0,52.0,-0.4350176438358224,-0.41325652529184886,-0.1139518660687786,-0.4599938707003157,1,Low,Low,Low,Low,LLLL,0
190,0,53.0,10.0,8.0,3.0,5.0,402.0,7.0,4.0,5.0,6.0,7.0,4.0,8.0,131.0,3.0,3.0,5.0,1084.0,1905.44,326.0,61.0,1653.0,1553.9,258.0,104.0,1.0152428882831637,0.8360724900311403,0.7065276577288828,1.1740970302785443,0,High,High,High,High,HHHH,4
191,0,9.0,0.0,0.0,0.0,0.0,0.0,0.0,0.0,0.0,1.0,1.0,1.0,1.0,23.0,0.0,1.0,1.0,674.0,1967.36,219.0,86.0,806.0,2337.1,259.0,88.0,-0.4913535582453821,-0.27818272311412695,0.3599995482891121,0.6390264711232629,1,Low,Low,High,High,LLHH,2
192,0,20.0,19.0,13.0,2.0,12.0,41.0,0.0,1.0,1.0,15.0,16.0,2.0,10.0,0.0,0.0,0.0,0.0,635.0,1853.86,230.0,74.0,819.0,1167.03,245.0,65.0,0.09932162408009834,-0.13809227762395204,0.24214129277881,0.3644619215907413,1,High,Low,High,High,HLHH,3
193,0,25.0,47.0,43.0,3.0,22.0,63.0,0.0,2.0,2.0,33.0,30.0,2.0,22.0,0.0,0.0,0.0,0.0,804.0,2158.58,316.0,54.0,284.0,4136.62,98.0,71.0,0.6150907571784945,0.02741815762182974,0.5169649845241492,-0.11378628434240573,0,High,High,High,Low,HHHL,3
194,0,18.0,21.0,26.0,2.0,15.0,70.0,2.0,0.0,1.0,44.0,51.0,3.0,25.0,39.0,0.0,1.0,1.0,480.0,1982.5,184.0,87.0,598.0,3878.43,160.0,108.0,0.18876342307417962,0.22324816823092922,0.1509811552187728,0.4111176912719071,0,High,High,High,High,HHHH,4
195,1,19.0,11.0,13.0,1.0,6.0,70.0,0.0,2.0,1.0,1.0,3.0,1.0,2.0,0.0,0.0,0.0,0.0,1380.0,2842.61,305.0,73.0,594.0,2643.43,105.0,109.0,-0.0423472423988687,-0.3042841962074871,1.16627091356346,0.04334933066511522,1,Low,Low,High,High,LLHH,2
196,1,16.0,0.0,0.0,0.0,0.0,0.0,0.0,0.0,0.0,0.0,0.0,0.0,0.0,0.0,0.0,0.0,0.0,1091.0,2566.36,225.0,44.0,482.0,4874.69,117.0,50.0,-0.4350176438358224,-0.41325652529184886,0.44772584693553436,0.12972280561793695,1,Low,Low,High,High,LLHH,2
197,1,0.0,6.0,5.0,2.0,4.0,191.0,1.0,2.0,1.0,15.0,14.0,2.0,11.0,306.0,3.0,2.0,1.0,1256.0,2346.5,111.0,112.0,577.0,1871.23,126.0,317.0,-0.12523498992862414,-0.0072089362240923514,0.7028480940688294,0.6536122082097137,0,Low,Low,High,High,LLHH,2
198,0,9.0,0.0,0.0,0.0,0.0,0.0,0.0,0.0,0.0,0.0,0.0,0.0,0.0,0.0,0.0,0.0,0.0,1044.0,3139.66,210.0,35.0,508.0,2499.21,104.0,132.0,-0.4913535582453821,-0.46959243970140857,0.45225481024643155,0.031547228754346374,1,Low,Low,High,High,LLHH,2
199,0,9.0,2.0,2.0,1.0,2.0,28.0,0.0,1.0,1.0,0.0,0.0,0.0,0.0,0.0,0.0,0.0,0.0,742.0,1440.97,207.0,88.0,135.0,2253.33,22.0,111.0,-0.2569920624645385,-0.46959243970140857,0.24403872756332062,-0.6260879911621035,1,Low,Low,High,Low,LLHL,1
200,0,32.0,3.0,5.0,2.0,4.0,100.0,0.0,1.0,1.0,17.0,12.0,2.0,7.0,4.0,2.0,0.0,1.0,605.0,1491.57,209.0,81.0,404.0,2571.53,83.0,177.0,0.05420476321772157,0.08419986201644108,0.12358016736239015,0.03393194129455046,1,High,High,High,High,HHHH,4
201,0,21.0,0.0,0.0,0.0,0.0,0.0,0.0,0.0,0.0,13.0,12.0,1.0,6.0,10.0,1.0,1.0,1.0,1407.0,1795.74,322.0,64.0,459.0,3003.27,158.0,75.0,-0.3947777049718513,-0.08224592993145029,0.8859713071579122,0.08197066342227446,1,Low,Low,High,High,LLHH,2
203,0,7.0,9.0,12.0,1.0,6.0,41.0,1.0,0.0,1.0,16.0,14.0,1.0,9.0,0.0,0.0,0.0,0.0,817.0,2185.19,236.0,57.0,202.0,1584.65,102.0,58.0,-0.18122362746751738,-0.316604360313064,0.3194950370277394,-0.5492954827456976,1,Low,Low,High,Low,LLHL,1
204,0,10.0,0.0,0.0,0.0,0.0,54.0,1.0,0.0,1.0,5.0,5.0,1.0,4.0,48.0,0.0,1.0,1.0,360.0,2780.83,142.0,54.0,283.0,2405.3,66.0,154.0,-0.36056269983321954,-0.23557571998418522,-0.10369651276121912,-0.20755328198167428,1,Low,Low,Low,Low,LLLL,0
205,0,15.0,3.0,4.0,1.0,2.0,0.0,0.0,0.0,0.0,0.0,0.0,0.0,0.0,0.0,0.0,0.0,0.0,922.0,2173.21,250.0,107.0,616.0,1875.49,178.0,142.0,-0.31911252987941624,-0.4213045130646431,0.8256738423744419,0.3195531810909597,1,Low,Low,High,High,LLHH,2
206,0,6.0,0.0,0.0,0.0,0.0,295.0,1.0,5.0,1.0,0.0,0.0,0.0,0.0,0.0,0.0,0.0,0.0,589.0,1894.23,197.0,64.0,541.0,3181.33,82.0,124.0,-0.21603731417851446,-0.49373640301979127,0.04639326432198286,0.04436753980703892,1,Low,Low,High,High,LLHH,2
207,0,28.0,5.0,6.0,2.0,5.0,253.0,9.0,5.0,3.0,7.0,5.0,2.0,5.0,269.0,7.0,4.0,3.0,2061.0,1773.36,341.0,77.0,1064.0,1373.12,223.0,189.0,0.5933991217038134,0.5115551229319233,1.4377474771362195,0.8753484532841833,0,High,High,High,High,HHHH,4
208,0,33.0,16.0,18.0,5.0,15.0,710.0,4.0,9.0,5.0,18.0,28.0,5.0,16.0,557.0,3.0,14.0,5.0,1345.0,2054.5,343.0,91.0,497.0,6479.88,107.0,164.0,1.273091178286935,1.2689368172404674,1.1965781665451305,0.6831494157853696,0,High,High,High,High,HHHH,4
209,0,9.0,0.0,0.0,0.0,0.0,0.0,0.0,0.0,0.0,0.0,0.0,0.0,0.0,0.0,0.0,0.0,0.0,728.0,2029.95,163.0,81.0,650.0,2241.69,133.0,217.0,-0.4913535582453821,-0.46959243970140857,0.20308600658743417,0.46730616840173106,1,Low,Low,High,High,LLHH,2
210,0,9.0,2.0,4.0,1.0,2.0,574.0,2.0,14.0,3.0,1.0,7.0,2.0,5.0,38.0,1.0,0.0,1.0,607.0,2287.81,138.0,67.0,586.0,2000.17,31.0,116.0,0.42457692384345425,-0.17526369242108417,0.01015928934024779,-0.2953406306882301,1,High,Low,High,Low,HLHL,2
211,1,20.0,3.0,4.0,3.0,4.0,0.0,0.0,0.0,0.0,2.0,3.0,1.0,1.0,9.0,1.0,0.0,1.0,670.0,1663.43,187.0,16.0,314.0,2101.91,103.0,31.0,-0.09301906182857604,-0.1865593274943719,-0.38264701393925515,-0.48038273048043634,1,Low,Low,Low,Low,LLLL,0
212,0,13.0,10.0,9.0,1.0,3.0,90.0,1.0,2.0,1.0,3.0,2.0,1.0,2.0,47.0,1.0,1.0,1.0,230.0,1450.43,111.0,20.0,200.0,1099.5,17.0,53.0,-0.10501328541807496,-0.19788120769560702,-0.8974807579953556,-0.9392702354617184,1,Low,Low,Low,Low,LLLL,0
213,0,12.0,10.0,6.0,1.0,2.0,0.0,0.0,0.0,0.0,14.0,14.0,1.0,5.0,0.0,0.0,0.0,0.0,211.0,1811.37,82.0,7.0,93.0,2864.52,24.0,19.0,-0.3159371931055956,-0.3048744028290991,-1.0053410033517234,-0.8530989376802374,1,Low,Low,Low,Low,LLLL,0
214,0,6.0,0.0,0.0,0.0,0.0,157.0,4.0,1.0,1.0,9.0,10.0,1.0,7.0,0.0,0.0,0.0,0.0,402.0,1655.22,107.0,122.0,258.0,1156.98,34.0,212.0,-0.26795354580657954,-0.35415785388862386,0.07329677010569124,-0.33019055174219153,1,Low,Low,High,Low,LLHL,1
215,0,8.0,1.0,2.0,2.0,2.0,17.0,0.0,1.0,1.0,0.0,1.0,1.0,1.0,0.0,0.0,0.0,0.0,1473.0,1828.51,319.0,45.0,1324.0,1613.29,202.0,132.0,-0.1866195297537203,-0.4037769672060296,0.7720513981607725,0.836908262004478,0,Low,Low,High,High,LLHH,2
216,0,7.0,0.0,0.0,0.0,0.0,0.0,0.0,0.0,0.0,0.0,0.0,0.0,0.0,0.0,0.0,0.0,0.0,796.0,1599.12,187.0,112.0,656.0,1610.67,139.0,186.0,-0.5074495337909706,-0.4856884152469971,0.45309409382714083,0.3089385093259968,1,Low,Low,High,High,LLHH,2
217,1,45.0,15.0,18.0,6.0,10.0,0.0,0.0,0.0,0.0,11.0,14.0,3.0,5.0,74.0,1.0,2.0,3.0,443.0,2613.32,153.0,83.0,586.0,1547.1,145.0,121.0,0.49522596906106453,0.43711894791957,0.1697476887018126,0.06846862289836766,0,High,High,High,High,HHHH,4
218,1,23.0,109.0,87.0,3.0,39.0,1031.0,2.0,3.0,1.0,128.0,119.0,3.0,49.0,338.0,3.0,3.0,2.0,729.0,2007.82,191.0,7.0,152.0,6684.87,51.0,5.0,1.2324239368215604,0.9360014749516959,-0.31764244554620286,-0.23227042604600173,0,High,High,Low,Low,HHLL,2
219,0,60.0,0.0,0.0,0.0,0.0,0.0,0.0,0.0,0.0,0.0,1.0,1.0,1.0,0.0,0.0,0.0,0.0,124.0,2080.65,64.0,12.0,35.0,2468.57,14.0,18.0,-0.0809061818328759,0.014718396979270909,-1.0003442515919978,-0.9875958526058024,1,Low,High,Low,Low,LHLL,1
220,0,17.0,8.0,9.0,2.0,5.0,365.0,5.0,1.0,5.0,2.0,4.0,3.0,3.0,111.0,1.0,1.0,1.0,656.0,1195.88,192.0,9.0,1032.0,2341.86,186.0,60.0,0.49617055977326274,-0.01758115942336734,-0.5553910364400099,0.4480277578907981,1,High,Low,Low,High,HLLH,2
221,0,66.0,13.0,30.0,7.0,19.0,649.0,10.0,11.0,5.0,41.0,44.0,10.0,31.0,1565.0,25.0,4.0,17.0,1077.0,1741.23,258.0,60.0,1428.0,2332.77,194.0,68.0,1.9793379322591949,3.513036236403446,0.4501071881082045,0.7794775377696206,0,High,High,High,High,HHHH,4
222,0,9.0,0.0,0.0,0.0,0.0,250.0,3.0,1.0,1.0,2.0,2.0,1.0,1.0,88.0,1.0,0.0,1.0,1670.0,1855.33,225.0,49.0,754.0,2448.14,124.0,169.0,-0.256243873766203,-0.26642347151608686,0.6528293530699218,0.3858621921649724,1,Low,Low,High,High,LLHH,2
223,0,5.0,0.0,0.0,0.0,0.0,0.0,0.0,0.0,0.0,0.0,0.0,0.0,0.0,0.0,0.0,0.0,0.0,535.0,2648.97,177.0,56.0,435.0,5691.72,50.0,172.0,-0.5235455093365591,-0.5017843907925855,0.0874969068907433,0.35084617800077844,1,Low,Low,High,High,LLHH,2
224,0,4.0,2.0,0.0,1.0,1.0,0.0,0.0,0.0,0.0,8.0,6.0,1.0,2.0,30.0,0.0,2.0,1.0,487.0,2616.84,135.0,27.0,612.0,4168.63,138.0,90.0,-0.43260009816090883,-0.25908223269716335,-0.3086924415737926,0.3252081387103157,1,Low,Low,Low,High,LLLH,1
225,1,11.0,6.0,15.0,5.0,10.0,1546.0,11.0,3.0,5.0,39.0,40.0,5.0,28.0,813.0,4.0,9.0,3.0,1188.0,2456.82,161.0,70.0,357.0,1919.33,83.0,197.0,1.1603046034899578,0.9583484241722515,0.498790781636478,-0.026173820350822663,0,High,High,High,Low,HHHL,3
226,0,28.0,0.0,0.0,0.0,0.0,0.0,0.0,0.0,0.0,0.0,0.0,0.0,0.0,0.0,0.0,0.0,0.0,235.0,1318.72,93.0,2.0,128.0,1368.75,72.0,10.0,-0.33844179056229157,-0.31668067201831795,-1.1277152586482628,-0.8898208095688059,1,Low,Low,Low,Low,LLLL,0
227,0,19.0,12.0,4.0,4.0,8.0,102.0,1.0,1.0,2.0,22.0,14.0,4.0,12.0,0.0,0.0,0.0,0.0,1121.0,1941.03,112.0,44.0,253.0,2384.58,43.0,172.0,0.29381781998026946,0.006032946525437732,-0.03202109208645127,-0.257841328304374,1,High,High,Low,Low,HHLL,2
228,0,14.0,0.0,0.0,0.0,0.0,29.0,0.0,1.0,1.0,0.0,0.0,0.0,0.0,0.0,0.0,0.0,0.0,862.0,2064.85,252.0,69.0,422.0,2155.45,133.0,133.0,-0.33142958275455775,-0.4293525008374373,0.4595931868236599,0.031235552309679948,1,Low,Low,High,High,LLHH,2
229,0,13.0,6.0,4.0,2.0,4.0,0.0,0.0,0.0,0.0,4.0,4.0,1.0,2.0,0.0,0.0,0.0,0.0,717.0,2237.66,187.0,44.0,703.0,2182.36,131.0,134.0,-0.22342756339514086,-0.34648678562391577,0.022618938278517263,0.22870054035569404,1,Low,Low,High,High,LLHH,2
230,0,5.0,0.0,0.0,0.0,0.0,0.0,0.0,0.0,0.0,0.0,0.0,0.0,0.0,0.0,0.0,0.0,0.0,801.0,1756.93,153.0,57.0,348.0,2193.97,120.0,92.0,-0.5235455093365591,-0.5017843907925855,-0.04780320506042456,-0.19107095891995052,1,Low,Low,Low,Low,LLLL,0
231,0,8.0,0.0,0.0,0.0,0.0,0.0,0.0,0.0,0.0,0.0,0.0,0.0,0.0,0.0,0.0,0.0,0.0,801.0,1754.31,190.0,47.0,809.0,1642.4,236.0,144.0,-0.4994015460181763,-0.47764042747420277,-0.019930572746445413,0.6384574237829925,1,Low,Low,Low,High,LLLH,1
232,0,1.0,0.0,0.0,0.0,0.0,0.0,0.0,0.0,0.0,4.0,4.0,1.0,3.0,0.0,0.0,0.0,0.0,718.0,2871.31,184.0,46.0,188.0,7432.98,38.0,107.0,-0.5557374604277361,-0.4366927130331605,0.19647034501261165,0.16945821242971446,1,Low,Low,High,High,LLHH,2
233,0,14.0,0.0,1.0,1.0,1.0,0.0,0.0,0.0,0.0,0.0,0.0,0.0,0.0,0.0,0.0,0.0,0.0,383.0,2634.2,106.0,73.0,185.0,1540.54,5.0,179.0,-0.3551438148631423,-0.4293525008374373,-0.08098928899114921,-0.5367856487414262,1,Low,Low,Low,Low,LLLL,0
234,0,11.0,4.0,4.0,1.0,2.0,0.0,0.0,0.0,0.0,0.0,0.0,0.0,0.0,0.0,0.0,0.0,0.0,243.0,1961.73,75.0,40.0,128.0,3103.12,16.0,106.0,-0.3482711637930882,-0.4534964641558201,-0.7004438439336068,-0.5513104016967183,1,Low,Low,Low,Low,LLLL,0
235,1,24.0,12.0,11.0,4.0,11.0,181.0,2.0,2.0,2.0,25.0,29.0,4.0,12.0,454.0,3.0,2.0,2.0,1562.0,2184.51,359.0,74.0,1450.0,2513.59,251.0,121.0,0.45174267350393804,0.4608854303619506,1.2719910060933994,1.191483406568995,0,High,High,High,High,HHHH,4
236,0,34.0,0.0,0.0,0.0,0.0,7.0,1.0,0.0,2.0,10.0,4.0,3.0,4.0,0.0,0.0,0.0,0.0,249.0,1754.22,123.0,30.0,640.0,2418.75,180.0,43.0,-0.08741405024389899,-0.023741128762394585,-0.6900644644190943,0.10767887262751738,1,Low,Low,Low,High,LLLH,1
237,0,10.0,24.0,31.0,2.0,10.0,262.0,0.0,5.0,2.0,89.0,106.0,2.0,33.0,351.0,3.0,6.0,1.0,895.0,2895.08,269.0,101.0,726.0,2477.27,152.0,278.0,0.30239507673018484,0.6080577009963412,1.006032965513261,0.8131484148264956,0,High,High,High,High,HHHH,4
238,0,16.0,0.0,0.0,0.0,0.0,0.0,0.0,0.0,0.0,4.0,3.0,1.0,2.0,0.0,0.0,0.0,0.0,1598.0,1714.39,332.0,77.0,410.0,1999.76,144.0,145.0,-0.4350176438358224,-0.3238827426415775,1.1151020349019032,0.07862958438545758,1,Low,Low,High,High,LLHH,2
239,1,17.0,2.0,1.0,1.0,2.0,17.0,1.0,0.0,1.0,0.0,0.0,0.0,0.0,0.0,0.0,0.0,0.0,1160.0,1748.28,297.0,123.0,920.0,2061.52,186.0,331.0,-0.19821720592382167,-0.40520853751905467,1.1269804368607148,1.1812811457525436,0,Low,Low,High,High,LLHH,2
240,0,15.0,4.0,7.0,1.0,2.0,25.0,1.0,0.0,1.0,1.0,0.0,1.0,1.0,0.0,0.0,0.0,0.0,411.0,3280.29,136.0,27.0,382.0,8456.54,82.0,35.0,-0.18873834318110236,-0.3474658341710836,-0.17804295044483484,0.37938616832336575,1,Low,Low,Low,High,LLLH,1
241,0,11.0,0.0,0.0,0.0,0.0,0.0,0.0,0.0,0.0,0.0,0.0,0.0,0.0,0.0,0.0,0.0,0.0,69.0,1278.26,26.0,5.0,88.0,1114.77,47.0,7.0,-0.4752575826997936,-0.4534964641558201,-1.4127843676760068,-1.0523890943707683,1,Low,Low,Low,Low,LLLL,0
242,0,15.0,20.0,14.0,2.0,11.0,48.0,0.0,1.0,1.0,53.0,47.0,2.0,22.0,158.0,3.0,2.0,1.0,788.0,2152.16,232.0,79.0,750.0,2414.0,159.0,337.0,0.0564975352508083,0.2728570330984288,0.4593263858505776,1.0317464484573269,0,High,High,High,High,HHHH,4
243,0,16.0,4.0,3.0,1.0,1.0,1218.0,6.0,2.0,3.0,13.0,7.0,2.0,7.0,14.0,2.0,0.0,2.0,1473.0,2311.41,268.0,63.0,1106.0,1901.72,223.0,132.0,0.34891566549076214,0.022263128339201396,0.8932434354834548,0.7987686915144854,0,High,High,High,High,HHHH,4
244,0,15.0,1.0,2.0,1.0,1.0,93.0,2.0,1.0,2.0,6.0,7.0,3.0,3.0,95.0,2.0,0.0,2.0,1525.0,1743.34,329.0,36.0,642.0,2330.84,197.0,184.0,-0.0700649799960099,0.05454504030810668,0.7380601117066736,0.6008122940637355,0,Low,High,High,High,LHHH,3
246,0,9.0,0.0,0.0,0.0,0.0,53.0,1.0,0.0,1.0,15.0,12.0,1.0,3.0,0.0,0.0,0.0,0.0,705.0,2682.55,171.0,51.0,577.0,2373.48,91.0,209.0,-0.3687669331540504,-0.34332291958671235,0.1411431122421474,0.257712197930437,1,Low,Low,High,High,LLHH,2
247,1,3.0,0.0,0.0,0.0,0.0,0.0,0.0,0.0,0.0,0.0,0.0,0.0,0.0,0.0,0.0,0.0,0.0,688.0,1870.2,172.0,98.0,246.0,3917.07,51.0,151.0,-0.5396414848821476,-0.517880366338174,0.3010795617408195,-0.08887794070931052,1,Low,Low,High,Low,LLHL,1
248,0,8.0,0.0,0.0,0.0,0.0,46.0,0.0,1.0,1.0,0.0,0.0,0.0,0.0,5.0,0.0,1.0,1.0,805.0,1671.8,109.0,31.0,193.0,1559.07,68.0,77.0,-0.37706133507470074,-0.36393419053008447,-0.408016925376952,-0.6219389776839833,1,Low,Low,Low,Low,LLLL,0
249,0,23.0,9.0,13.0,1.0,7.0,0.0,0.0,0.0,0.0,3.0,1.0,1.0,2.0,0.0,0.0,0.0,0.0,752.0,3086.97,180.0,43.0,704.0,5007.1,98.0,111.0,-0.1603702357889534,-0.27214180786553743,0.2374681516307804,0.4273108492201289,1,Low,Low,High,High,LLHH,2
250,0,4.0,17.0,16.0,2.0,12.0,198.0,4.0,2.0,1.0,19.0,24.0,2.0,16.0,84.0,6.0,3.0,2.0,939.0,1342.81,342.0,129.0,946.0,1218.08,200.0,184.0,0.1338197970920885,0.26488811408157314,1.0684490754153793,0.6724149635753086,0,High,High,High,High,HHHH,4
251,0,5.0,0.0,0.0,0.0,0.0,0.0,0.0,0.0,0.0,0.0,0.0,0.0,0.0,0.0,0.0,0.0,0.0,729.0,1587.24,94.0,48.0,190.0,1102.11,14.0,176.0,-0.5235455093365591,-0.5017843907925855,-0.3831209298365938,-0.5706421391619456,1,Low,Low,Low,Low,LLLL,0
252,0,7.0,1.0,1.0,1.0,1.0,338.0,2.0,1.0,2.0,0.0,0.0,0.0,0.0,28.0,1.0,0.0,1.0,498.0,2068.07,165.0,89.0,165.0,2994.55,25.0,125.0,-0.09921176283422733,-0.36870270696728585,0.14428430777804954,-0.4481606578243753,1,Low,Low,High,Low,LLHL,1
253,0,5.0,1.0,1.0,1.0,1.0,55.0,0.0,1.0,1.0,10.0,16.0,2.0,9.0,0.0,0.0,0.0,0.0,458.0,1760.04,185.0,40.0,133.0,3378.95,55.0,50.0,-0.30079596676498027,-0.27275771488730577,-0.2976804343652638,-0.5451694284021111,1,Low,Low,Low,Low,LLLL,0
254,0,21.0,3.0,2.0,3.0,4.0,196.0,9.0,4.0,4.0,16.0,12.0,3.0,10.0,54.0,6.0,4.0,3.0,1684.0,2076.66,322.0,73.0,1012.0,1637.85,238.0,292.0,0.6428647816535942,0.5155991403243498,1.2001796117596395,1.2525325357014463,0,High,High,High,High,HHHH,4
256,0,13.0,6.0,6.0,2.0,4.0,0.0,0.0,0.0,0.0,0.0,1.0,1.0,1.0,190.0,3.0,1.0,3.0,257.0,2179.38,84.0,24.0,240.0,2262.5,78.0,42.0,-0.21734148354547259,0.03487186777806279,-0.7377157439606995,-0.5658577403614797,1,Low,High,Low,Low,LHLL,1
258,0,10.0,1.0,0.0,1.0,1.0,317.0,4.0,0.0,1.0,0.0,0.0,0.0,0.0,188.0,0.0,4.0,1.0,314.0,1171.34,122.0,5.0,256.0,1196.48,125.0,22.0,-0.14261465719241617,-0.2229195042432289,-1.0084216577977223,-0.5949150451705645,1,Low,Low,Low,Low,LLLL,0
259,0,14.0,4.0,3.0,1.0,1.0,2.0,1.0,0.0,1.0,3.0,2.0,1.0,1.0,30.0,0.0,1.0,1.0,598.0,1529.6,174.0,10.0,753.0,1482.47,153.0,57.0,-0.22230636416198962,-0.23246846583042113,-0.5482863076844685,0.005040210467928963,1,Low,Low,Low,High,LLLH,1
260,1,17.0,0.0,1.0,1.0,1.0,90.0,1.0,1.0,1.0,8.0,9.0,1.0,6.0,558.0,2.0,5.0,1.0,1128.0,2124.2,289.0,75.0,483.0,3545.96,46.0,306.0,-0.17481970924226153,0.1132591907877383,0.7942671549443847,0.49542983553922215,0,Low,High,High,High,LHHH,3
261,0,11.0,0.0,0.0,0.0,0.0,5.0,0.0,1.0,1.0,0.0,0.0,0.0,0.0,0.0,0.0,0.0,0.0,587.0,1692.16,155.0,61.0,343.0,2094.75,44.0,204.0,-0.3593234392258193,-0.4534964641558201,-0.15619696969179597,-0.1303355292602193,1,Low,Low,Low,Low,LLLL,0
262,1,34.0,5.0,3.0,2.0,4.0,169.0,6.0,0.0,2.0,2.0,0.0,2.0,1.0,498.0,6.0,1.0,6.0,778.0,1536.63,217.0,56.0,1562.0,2964.28,213.0,112.0,0.3023810514218147,0.6512125526470519,0.06173791302607093,1.1673014338707368,0,High,High,High,High,HHHH,4
263,1,71.0,9.0,4.0,2.0,6.0,1347.0,19.0,5.0,10.0,11.0,7.0,4.0,7.0,603.0,11.0,1.0,9.0,617.0,1344.41,244.0,66.0,1929.0,2160.96,297.0,55.0,2.0072312993042605,1.5653392611941253,0.07452897766820815,1.438600748937644,0,High,High,High,High,HHHH,4
264,0,2.0,0.0,0.0,0.0,0.0,0.0,0.0,0.0,0.0,0.0,0.0,0.0,0.0,0.0,0.0,0.0,0.0,1088.0,2133.36,296.0,44.0,384.0,2468.75,144.0,72.0,-0.5476894726549417,-0.5259283541109682,0.5424696144851525,-0.10425523198504028,1,Low,Low,High,Low,LLHL,1
265,1,11.0,7.0,5.0,2.0,6.0,99.0,0.0,2.0,1.0,0.0,1.0,1.0,1.0,75.0,0.0,2.0,2.0,456.0,2330.92,139.0,91.0,654.0,2538.99,160.0,209.0,-0.05550507310733377,-0.14382512850600157,0.12695359421296226,0.5831667386550821,1,Low,Low,High,High,LLHH,2
266,0,23.0,13.0,16.0,4.0,13.0,934.0,6.0,11.0,3.0,40.0,39.0,3.0,15.0,626.0,4.0,7.0,3.0,471.0,1881.53,127.0,52.0,722.0,2313.99,118.0,98.0,1.0446174321981485,0.7485086897121763,-0.3324734836407368,0.10038122811245387,0,High,High,Low,High,HHLH,3
267,0,27.0,4.0,5.0,2.0,6.0,610.0,8.0,3.0,2.0,6.0,11.0,5.0,11.0,649.0,5.0,4.0,3.0,1545.0,1431.26,299.0,96.0,794.0,1719.14,172.0,187.0,0.4748781884686515,0.7282535250284308,1.0648754967535412,0.5429917074610766,0,High,High,High,High,HHHH,4
268,0,44.0,36.0,33.0,3.0,26.0,1080.0,8.0,8.0,5.0,43.0,56.0,8.0,41.0,1999.0,10.0,12.0,4.0,978.0,1660.12,307.0,64.0,969.0,2591.95,211.0,141.0,1.5467413235956826,2.0734846200219463,0.5461137482330748,0.7824000398991301,0,High,High,High,High,HHHH,4
269,0,20.0,5.0,6.0,3.0,6.0,771.0,4.0,6.0,4.0,13.0,13.0,6.0,12.0,220.0,3.0,1.0,1.0,948.0,1596.2,205.0,26.0,515.0,3221.36,102.0,48.0,0.6832044575045949,0.3744964322870657,-0.09769428618326584,-0.13498055265904169,1,High,High,Low,Low,HHLL,2
271,0,0.0,18.0,20.0,1.0,11.0,63.0,1.0,1.0,1.0,15.0,16.0,1.0,12.0,73.0,1.0,0.0,1.0,431.0,2090.26,144.0,35.0,360.0,1523.33,127.0,66.0,-0.1058944043706701,-0.22946788610549726,-0.3892347781003348,-0.3313734448433397,1,Low,Low,Low,Low,LLLL,0
272,0,33.0,12.0,12.0,4.0,7.0,353.0,6.0,3.0,1.0,25.0,32.0,5.0,11.0,435.0,6.0,2.0,2.0,1200.0,1861.5,294.0,30.0,830.0,2147.35,208.0,53.0,0.5634073911460382,0.6972755280504686,0.4200331156062892,0.3362839159757808,0,High,High,High,High,HHHH,4
273,0,14.0,4.0,1.0,2.0,3.0,142.0,4.0,4.0,2.0,12.0,9.0,2.0,9.0,307.0,2.0,1.0,2.0,903.0,1752.49,203.0,29.0,622.0,1811.09,142.0,62.0,0.17564851648227722,0.09207640181025327,-0.06569198879211026,-0.06584958009382531,1,High,High,Low,Low,HHLL,2
274,1,22.0,61.0,57.0,3.0,40.0,0.0,0.0,0.0,1.0,204.0,206.0,2.0,116.0,144.0,3.0,2.0,3.0,1680.0,1826.61,243.0,65.0,507.0,2911.24,92.0,289.0,0.6987830423694079,1.558390311003665,0.8339680569643663,0.5372059741497697,0,High,High,High,High,HHHH,4
275,1,15.0,0.0,0.0,0.0,0.0,0.0,0.0,0.0,0.0,5.0,4.0,1.0,4.0,0.0,0.0,0.0,0.0,601.0,2385.52,225.0,98.0,256.0,2029.69,33.0,215.0,-0.4430656316086167,-0.31613581938832414,0.5400424574546365,-0.20562003401257106,1,Low,Low,High,Low,LLHL,1
276,0,15.0,3.0,5.0,1.0,5.0,0.0,0.0,0.0,0.0,9.0,15.0,2.0,9.0,0.0,0.0,0.0,0.0,961.0,1898.02,269.0,24.0,692.0,2996.97,113.0,31.0,-0.28680681224283916,-0.19533289645683852,0.16231503996079208,-0.055025158064473445,1,Low,Low,High,Low,LLHL,1
277,1,15.0,0.0,0.0,0.0,0.0,0.0,0.0,0.0,0.0,0.0,0.0,0.0,0.0,0.0,0.0,0.0,0.0,287.0,3724.39,76.0,15.0,122.0,2033.61,48.0,59.0,-0.4430656316086167,-0.4213045130646431,-0.4113434498790614,-0.7351048781255607,1,Low,Low,Low,Low,LLLL,0
278,0,0.0,45.0,43.0,2.0,24.0,405.0,11.0,7.0,2.0,122.0,106.0,2.0,54.0,248.0,13.0,9.0,3.0,1087.0,2183.07,296.0,41.0,713.0,2232.12,211.0,87.0,0.8332748784190421,1.2986200488105923,0.5306250461702537,0.3831208937900276,0,High,High,High,High,HHHH,4
279,0,11.0,415.0,433.0,1.0,62.0,228.0,2.0,1.0,1.0,1033.0,979.0,1.0,92.0,2350.0,1.0,2.0,1.0,1161.0,1599.48,266.0,98.0,670.0,2238.36,170.0,239.0,2.9938470333271407,3.7556277848919026,0.794803184202447,0.6832192928568439,0,High,High,High,High,HHHH,4
280,0,51.0,0.0,0.0,0.0,0.0,95.0,1.0,2.0,2.0,23.0,26.0,5.0,13.0,1207.0,5.0,4.0,4.0,1015.0,1613.5,306.0,62.0,1103.0,1881.87,232.0,114.0,0.11877621398844834,1.134372171493054,0.5371987333305808,0.7698271067694652,0,High,High,High,High,HHHH,4
281,1,9.0,0.0,0.0,0.0,0.0,0.0,0.0,0.0,0.0,0.0,0.0,0.0,0.0,0.0,0.0,0.0,0.0,941.0,1945.06,193.0,41.0,631.0,1284.63,117.0,116.0,-0.4913535582453821,-0.46959243970140857,0.07522493635201707,-0.05250989128912357,1,Low,Low,High,Low,LLHL,1
282,0,18.0,0.0,0.0,0.0,0.0,31.0,2.0,3.0,1.0,4.0,7.0,3.0,6.0,0.0,0.0,0.0,0.0,1833.0,2156.79,225.0,36.0,523.0,1447.23,141.0,108.0,-0.18937002220886173,-0.1442401541589814,0.7254457464883165,-0.0448458208058205,1,Low,Low,High,Low,LLHL,1
283,0,15.0,5.0,5.0,2.0,5.0,463.0,1.0,2.0,3.0,7.0,7.0,2.0,3.0,47.0,0.0,2.0,2.0,1497.0,1799.8,331.0,39.0,1301.0,1948.27,290.0,129.0,0.21938549205561747,-0.0167106975154421,0.7660491380837858,1.174296106361138,0,High,Low,High,High,HLHH,3
284,1,12.0,2.0,1.0,1.0,2.0,0.0,0.0,0.0,0.0,0.0,0.0,0.0,0.0,0.0,0.0,0.0,0.0,558.0,1312.37,187.0,30.0,288.0,1404.17,86.0,78.0,-0.3554189301498064,-0.4454484763830258,-0.4292603730929191,-0.5084331609500595,1,Low,Low,Low,Low,LLLL,0
285,0,14.0,0.0,0.0,0.0,0.0,0.0,0.0,0.0,0.0,2.0,2.0,1.0,2.0,31.0,0.0,2.0,1.0,723.0,2736.51,242.0,62.0,366.0,3529.51,66.0,167.0,-0.451113619381411,-0.19372371005900793,0.46508486852184777,0.046477360203706256,1,Low,Low,High,High,LLHH,2
286,0,12.0,0.0,0.0,0.0,0.0,0.0,0.0,0.0,0.0,6.0,6.0,1.0,3.0,0.0,0.0,0.0,0.0,743.0,1377.25,206.0,99.0,1120.0,3075.54,162.0,140.0,-0.46720959492699937,-0.34205472893747335,0.31394244861296183,0.7757074343388911,1,Low,Low,High,High,LLHH,2
287,0,11.0,0.0,0.0,0.0,0.0,0.0,0.0,0.0,0.0,0.0,0.0,0.0,0.0,0.0,0.0,0.0,0.0,1364.0,1967.82,236.0,133.0,1043.0,2393.38,132.0,388.0,-0.4752575826997936,-0.4534964641558201,1.208572505508522,1.2980497291952762,0,Low,Low,High,High,LLHH,2
288,0,29.0,49.0,50.0,4.0,31.0,426.0,0.0,11.0,3.0,107.0,111.0,3.0,27.0,4062.0,4.0,7.0,5.0,562.0,3330.43,168.0,20.0,250.0,4219.2,89.0,84.0,1.2399806990648445,1.6880173962426446,-0.03537291464867903,-0.11795087127380902,0,High,High,Low,Low,HHLL,2
289,0,2.0,93.0,79.0,2.0,33.0,3771.0,54.0,26.0,2.0,73.0,63.0,2.0,34.0,2769.0,28.0,14.0,2.0,728.0,2085.58,214.0,97.0,1344.0,1880.58,179.0,292.0,3.406166741900484,1.9730199524670529,0.49784160097304614,1.3072299428061926,0,High,High,High,High,HHHH,4
290,0,17.0,0.0,0.0,0.0,0.0,76.0,1.0,0.0,1.0,14.0,15.0,2.0,7.0,0.0,0.0,0.0,0.0,798.0,1776.69,168.0,13.0,406.0,1846.55,144.0,17.0,-0.3007893833668544,-0.18440107783266851,-0.3558583280558315,-0.3470884037948132,1,Low,Low,Low,Low,LLLL,0
291,1,24.0,2.0,2.0,1.0,3.0,0.0,0.0,0.0,0.0,33.0,36.0,5.0,18.0,19.0,0.0,1.0,2.0,1000.0,2125.8,203.0,37.0,450.0,2296.67,158.0,30.0,-0.2460458110475271,0.3958049358611189,0.1555428936353045,-0.16291607053146068,1,Low,High,High,Low,LHHL,2
292,0,7.0,1.0,0.0,1.0,1.0,28.0,1.0,0.0,1.0,6.0,1.0,2.0,7.0,0.0,0.0,0.0,0.0,1277.0,2299.22,268.0,36.0,578.0,2008.65,155.0,27.0,-0.2928089656296147,-0.2985609519566796,0.552957905018598,-0.132681690947166,1,Low,Low,High,Low,LLHL,1
293,1,11.0,0.0,0.0,0.0,0.0,0.0,0.0,0.0,0.0,0.0,0.0,0.0,0.0,0.0,0.0,0.0,0.0,183.0,2683.61,66.0,77.0,287.0,2794.08,73.0,167.0,-0.4752575826997936,-0.4534964641558201,-0.27519774854738266,-0.08519242292606213,1,Low,Low,Low,Low,LLLL,0
294,0,37.0,23.0,17.0,2.0,11.0,76.0,1.0,2.0,2.0,56.0,42.0,2.0,23.0,0.0,0.0,0.0,0.0,536.0,1807.28,202.0,45.0,1017.0,1872.86,241.0,124.0,0.39827525588352697,0.18369117690508813,-0.14733890363828378,0.7718417793869713,0,High,High,Low,High,HHLH,3
295,0,15.0,0.0,0.0,0.0,0.0,35.0,0.0,1.0,1.0,0.0,0.0,0.0,0.0,50.0,0.0,2.0,2.0,575.0,1456.7,168.0,105.0,648.0,2087.96,127.0,201.0,-0.32244412169354386,-0.18872563825738578,0.1690794568052651,0.3729004421626838,1,Low,Low,High,High,LLHH,2
296,1,12.0,59.0,75.0,1.0,17.0,0.0,0.0,0.0,0.0,290.0,440.0,1.0,26.0,0.0,0.0,0.0,0.0,512.0,1467.19,155.0,19.0,299.0,1936.45,122.0,14.0,0.18897849196442065,0.9030784568307436,-0.6001637742494834,-0.49867349791986915,1,High,High,Low,Low,HHLL,2
297,0,18.0,8.0,5.0,1.0,7.0,270.0,8.0,6.0,2.0,5.0,3.0,1.0,6.0,155.0,4.0,1.0,1.0,698.0,1505.16,228.0,106.0,786.0,1922.9,190.0,212.0,0.3714750639069032,-0.011433285676013892,0.4418272696364913,0.708708199182378,0,High,Low,High,High,HLHH,3
298,1,2.0,0.0,0.0,0.0,0.0,0.0,0.0,0.0,0.0,0.0,0.0,0.0,0.0,0.0,0.0,0.0,0.0,317.0,1430.91,138.0,92.0,268.0,1833.58,56.0,172.0,-0.5476894726549417,-0.5259283541109682,-0.18785685670030539,-0.27633673518463175,1,Low,Low,Low,Low,LLLL,0
299,0,21.0,111.0,103.0,5.0,33.0,287.0,5.0,1.0,2.0,224.0,220.0,4.0,62.0,1029.0,7.0,5.0,3.0,819.0,2077.66,252.0,9.0,511.0,1397.85,155.0,18.0,1.3752672703132318,1.742002664109376,-0.04825127312740024,-0.2922013867508374,0,High,High,Low,Low,HHLL,2
300,1,65.0,38.0,41.0,4.0,26.0,716.0,9.0,10.0,3.0,63.0,48.0,4.0,37.0,1493.0,18.0,5.0,2.0,599.0,2362.94,154.0,41.0,711.0,3083.12,142.0,76.0,1.680368203295312,1.7834585277722708,-0.1379258829829103,0.2158972350775362,0,High,High,Low,High,HHLH,3
301,0,35.0,36.0,32.0,4.0,19.0,924.0,16.0,15.0,4.0,40.0,47.0,4.0,32.0,1892.0,6.0,28.0,2.0,772.0,2121.76,283.0,48.0,1335.0,2527.42,208.0,70.0,1.7848526032841008,1.8929794056008262,0.34182876611440993,0.7974971541203851,0,High,High,High,High,HHHH,4
302,0,4.0,0.0,0.0,0.0,0.0,0.0,0.0,0.0,0.0,0.0,0.0,0.0,0.0,0.0,0.0,0.0,0.0,881.0,2078.55,178.0,34.0,274.0,5109.85,94.0,74.0,-0.5315934971093532,-0.5098323785653798,-0.027134141165579925,0.00819018325341414,1,Low,Low,Low,High,LLLH,1
303,0,3.0,0.0,0.0,0.0,0.0,0.0,0.0,0.0,0.0,0.0,0.0,0.0,0.0,0.0,0.0,0.0,0.0,457.0,1943.76,112.0,36.0,107.0,2730.84,31.0,67.0,-0.5396414848821476,-0.517880366338174,-0.49838886055869325,-0.6857657529142591,1,Low,Low,Low,Low,LLLL,0
304,0,16.0,75.0,84.0,5.0,38.0,77.0,2.0,2.0,4.0,35.0,43.0,5.0,24.0,0.0,0.0,0.0,0.0,712.0,2174.16,216.0,22.0,500.0,2259.6,145.0,94.0,1.3055677367166507,0.18863620389022098,-0.08916777907791854,0.0212719576090388,0,High,High,Low,High,HHLH,3
306,0,33.0,6.0,5.0,1.0,4.0,0.0,0.0,0.0,0.0,0.0,0.0,0.0,0.0,636.0,0.0,1.0,1.0,1445.0,1977.51,290.0,56.0,838.0,3076.25,117.0,121.0,-0.14259730670394213,-0.08123452171267503,0.7972885044500699,0.355597690060537,0,Low,Low,High,High,LLHH,2
307,0,7.0,0.0,0.0,0.0,0.0,0.0,0.0,0.0,0.0,0.0,0.0,0.0,0.0,0.0,0.0,0.0,0.0,494.0,1704.66,117.0,50.0,201.0,1368.66,73.0,84.0,-0.5074495337909706,-0.4856884152469971,-0.4105983242621866,-0.6025462387940416,1,Low,Low,Low,Low,LLLL,0
308,1,20.0,23.0,13.0,3.0,8.0,516.0,4.0,2.0,2.0,34.0,29.0,2.0,5.0,252.0,0.0,3.0,2.0,1369.0,1886.12,287.0,95.0,870.0,1646.21,238.0,194.0,0.45284058789681025,0.17129470598427454,1.0337667223113551,0.8460831212288724,0,High,High,High,High,HHHH,4
309,0,7.0,0.0,0.0,0.0,0.0,0.0,0.0,0.0,0.0,0.0,0.0,0.0,0.0,0.0,0.0,0.0,0.0,1621.0,2231.4,318.0,68.0,558.0,2503.23,113.0,155.0,-0.5074495337909706,-0.4856884152469971,1.1502678838057876,0.17190769058084227,1,Low,Low,High,High,LLHH,2
310,0,11.0,19.0,20.0,3.0,14.0,62.0,1.0,5.0,2.0,2.0,3.0,2.0,3.0,56.0,1.0,0.0,1.0,381.0,2000.79,111.0,60.0,574.0,1763.94,137.0,74.0,0.3797084993855443,-0.1742272305732557,-0.3384119148027672,-0.08646813787962374,1,High,Low,Low,Low,HLLL,1
311,1,22.0,12.0,8.0,2.0,4.0,0.0,0.0,0.0,1.0,2.0,6.0,2.0,3.0,54.0,1.0,0.0,1.0,892.0,2513.0,281.0,39.0,1581.0,2133.21,308.0,113.0,-0.03328312687564626,-0.08133792411033675,0.4383269744330244,1.4114678943567265,0,Low,Low,High,High,LLHH,2
313,0,9.0,0.0,0.0,0.0,0.0,0.0,0.0,0.0,0.0,0.0,0.0,0.0,0.0,0.0,0.0,0.0,0.0,98.0,1787.76,0.0,98.0,246.0,2782.93,1.0,245.0,-0.4913535582453821,-0.46959243970140857,-0.5866966350123568,-0.1300011229148615,1,Low,Low,Low,Low,LLLL,0
314,0,7.0,24.0,23.0,2.0,16.0,128.0,1.0,2.0,1.0,58.0,54.0,2.0,39.0,283.0,4.0,6.0,2.0,557.0,1284.02,175.0,119.0,580.0,1447.24,63.0,432.0,0.1476825936437054,0.5996744736590709,0.24684786598068958,0.7314908543081415,0,High,High,High,High,HHHH,4
315,0,31.0,3.0,3.0,1.0,1.0,0.0,0.0,0.0,0.0,0.0,0.0,0.0,0.0,0.0,0.0,0.0,0.0,689.0,1604.93,168.0,75.0,344.0,1663.08,87.0,182.0,-0.20314199134345684,-0.2925367086999352,0.034415267529523424,-0.1032917439453725,1,Low,Low,High,Low,LLHL,1
316,0,7.0,0.0,0.0,0.0,0.0,0.0,0.0,0.0,0.0,0.0,0.0,0.0,0.0,0.0,0.0,0.0,0.0,14.0,1371.43,0.0,14.0,30.0,1890.0,0.0,30.0,-0.5074495337909706,-0.4856884152469971,-1.4258308500138308,-1.0835205952347908,1,Low,Low,Low,Low,LLLL,0
317,0,15.0,6.0,5.0,1.0,4.0,0.0,0.0,0.0,0.0,3.0,5.0,2.0,3.0,94.0,0.0,1.0,1.0,700.0,1565.14,219.0,31.0,160.0,1361.25,95.0,24.0,-0.28746108661423847,-0.1328410097826453,-0.17429269199128644,-0.741558645517373,1,Low,Low,Low,Low,LLLL,0
318,0,5.0,0.0,0.0,0.0,0.0,0.0,0.0,0.0,0.0,0.0,0.0,0.0,0.0,0.0,0.0,0.0,0.0,633.0,2400.47,194.0,74.0,676.0,1802.66,109.0,115.0,-0.5235455093365591,-0.5017843907925855,0.27762172193468565,0.018550682747016503,1,Low,Low,High,High,LLHH,2
319,0,0.0,0.0,0.0,0.0,0.0,0.0,0.0,0.0,0.0,0.0,0.0,0.0,0.0,0.0,0.0,0.0,0.0,466.0,2490.77,106.0,74.0,207.0,2753.62,35.0,157.0,-0.5637854482005302,-0.5420243296565567,-0.060166598044171626,-0.31530602921843187,1,Low,Low,Low,Low,LLLL,0
320,1,11.0,0.0,0.0,0.0,0.0,0.0,0.0,0.0,0.0,0.0,0.0,0.0,0.0,0.0,0.0,0.0,0.0,69.0,4060.87,1.0,68.0,73.0,2112.33,0.0,73.0,-0.4752575826997936,-0.4534964641558201,-0.24858315231166692,-0.8876546289334488,1,Low,Low,Low,Low,LLLL,0
321,1,0.0,17.0,9.0,2.0,7.0,919.0,2.0,1.0,1.0,7.0,9.0,1.0,7.0,920.0,2.0,1.0,1.0,117.0,7635.9,32.0,51.0,158.0,11067.72,18.0,114.0,0.062465790717266004,-0.10698912151209908,0.6709806188787736,0.5987566949445785,0,High,Low,High,High,HLHH,3
323,0,25.0,0.0,0.0,0.0,0.0,0.0,0.0,0.0,0.0,3.0,1.0,1.0,2.0,7.0,2.0,0.0,1.0,314.0,1951.91,89.0,36.0,776.0,1500.0,163.0,261.0,-0.36258575388067427,-0.1077028848699854,-0.6509303903043238,0.7000337404515273,1,Low,Low,Low,High,LLLH,1
324,0,72.0,16.0,11.0,5.0,10.0,410.0,4.0,2.0,2.0,32.0,33.0,6.0,24.0,230.0,2.0,11.0,5.0,821.0,1784.29,259.0,50.0,1395.0,1736.77,219.0,90.0,1.013308153084895,1.5510455547993474,0.22834340372792303,0.8332650941209849,0,High,High,High,High,HHHH,4
325,0,7.0,2.0,6.0,1.0,4.0,82.0,2.0,2.0,2.0,0.0,4.0,2.0,3.0,211.0,1.0,0.0,1.0,1395.0,2132.47,384.0,77.0,1153.0,2384.91,223.0,169.0,-0.06388699668437048,-0.18788973569004408,1.2553433988421339,1.0145333257060165,0,Low,Low,High,High,LLHH,2
326,1,13.0,4.0,8.0,1.0,3.0,0.0,0.0,0.0,1.0,5.0,2.0,1.0,2.0,54.0,0.0,1.0,1.0,260.0,2246.54,81.0,2.0,267.0,1848.31,121.0,8.0,-0.2229083188442691,-0.22801640926465508,-0.9050655966666127,-0.5557726993607532,1,Low,Low,Low,Low,LLLL,0
327,0,9.0,0.0,0.0,0.0,0.0,0.0,0.0,0.0,0.0,1.0,0.0,1.0,1.0,54.0,2.0,0.0,1.0,748.0,2010.56,169.0,25.0,340.0,1615.59,85.0,60.0,-0.4913535582453821,-0.24134029227803597,-0.22492624519177717,-0.5028203132734261,1,Low,Low,Low,Low,LLLL,0
328,0,7.0,0.0,0.0,0.0,0.0,0.0,0.0,0.0,1.0,0.0,0.0,0.0,0.0,0.0,0.0,0.0,0.0,598.0,1841.14,170.0,91.0,290.0,4844.48,42.0,166.0,-0.42010904999099086,-0.4856884152469971,0.17641321393611065,0.0844705013539156,1,Low,Low,High,High,LLHH,2
329,0,4.0,0.0,0.0,0.0,0.0,0.0,0.0,0.0,0.0,0.0,0.0,0.0,0.0,0.0,0.0,0.0,0.0,64.0,7312.5,8.0,36.0,126.0,8026.19,7.0,59.0,-0.5315934971093532,-0.5098323785653798,0.3619095341096227,-0.054815003756020275,1,Low,Low,High,Low,LLHL,1
330,1,32.0,1.0,3.0,2.0,2.0,52.0,2.0,1.0,2.0,5.0,8.0,2.0,5.0,0.0,0.0,0.0,0.0,1214.0,2188.47,282.0,51.0,551.0,3702.36,91.0,168.0,0.1563145491902596,-0.1008368059745155,0.6484600621131217,0.29367591460659404,0,High,Low,High,High,HLHH,3
332,0,6.0,3.0,3.0,1.0,1.0,0.0,0.0,0.0,0.0,2.0,1.0,2.0,3.0,0.0,0.0,0.0,0.0,32.0,4303.12,13.0,8.0,12.0,3400.0,1.0,7.0,-0.40434168566331286,-0.3381491990323416,-0.6572177115008984,-0.9568818889012285,1,Low,Low,Low,Low,LLLL,0
333,0,21.0,2.0,4.0,1.0,2.0,23.0,1.0,0.0,1.0,0.0,1.0,1.0,1.0,89.0,0.0,2.0,1.0,674.0,1935.635,185.0,49.0,430.0,2194.175,103.0,105.0,-0.15595866176992257,-0.14083663844006022,-0.048022748193753156,-0.15372104523205002,1,Low,Low,Low,Low,LLLL,0
334,0,15.0,13.0,16.0,1.0,6.0,31.0,1.0,3.0,1.0,7.0,5.0,1.0,2.0,0.0,0.0,0.0,0.0,1290.0,1678.37,222.0,11.0,439.0,1278.59,156.0,31.0,-0.010659456554738244,-0.32430547285799044,0.06007084680673991,-0.3149003367346222,1,Low,Low,High,Low,LLHL,1
335,1,9.0,62.0,62.0,2.0,35.0,405.0,7.0,11.0,1.0,116.0,130.0,2.0,64.0,225.0,8.0,11.0,1.0,551.0,1913.79,191.0,5.0,121.0,6265.29,51.0,23.0,1.0384361388603027,1.198222134636804,-0.46631073137570084,-0.25536144686347595,0,High,High,Low,Low,HHLL,2
336,0,21.0,0.0,0.0,0.0,0.0,0.0,0.0,0.0,0.0,1.0,3.0,2.0,2.0,0.0,0.0,0.0,0.0,842.0,3156.77,212.0,65.0,612.0,3162.75,194.0,135.0,-0.3947777049718513,-0.22223460659405603,0.582804207455102,0.5296175992942936,1,Low,Low,High,High,LLHH,2
337,0,5.0,1.0,1.0,1.0,2.0,702.0,1.0,3.0,1.0,15.0,14.0,1.0,10.0,421.0,5.0,2.0,1.0,91.0,2821.98,35.0,25.0,25.0,2400.0,1.0,24.0,-0.10736088016834162,0.04370006465541162,-0.806841558815242,-1.032053355269575,1,Low,High,Low,Low,LHLL,1
338,1,12.0,0.0,0.0,0.0,0.0,0.0,0.0,0.0,0.0,0.0,0.0,0.0,0.0,0.0,0.0,0.0,0.0,705.0,2442.13,212.0,58.0,279.0,2970.97,93.0,56.0,-0.46720959492699937,-0.4454484763830258,0.2560238357973023,-0.3428936330924013,1,Low,Low,High,Low,LLHL,1
339,0,19.0,2.0,4.0,2.0,3.0,175.0,3.0,5.0,3.0,22.0,21.0,3.0,10.0,20.0,0.0,1.0,1.0,1107.0,2291.33,304.0,54.0,367.0,4274.39,126.0,98.0,0.31229483233932903,0.053762560370085054,0.6998686414472093,0.14919428778145752,0,High,High,High,High,HHHH,4
340,0,3.0,33.0,34.0,1.0,17.0,1.0,0.0,1.0,1.0,15.0,22.0,1.0,15.0,147.0,0.0,2.0,1.0,152.0,2808.55,48.0,42.0,405.0,2426.67,73.0,120.0,0.02822487975777021,-0.13396476343937452,-0.5974917639004415,-0.20024761381562525,1,High,Low,Low,Low,HLLL,1
341,0,12.0,8.0,7.0,1.0,3.0,117.0,1.0,3.0,2.0,2.0,1.0,1.0,1.0,69.0,3.0,0.0,2.0,788.0,2356.6,115.0,3.0,254.0,4243.7,79.0,9.0,-0.005842441864767616,-0.09883464168114853,-0.44763389927182184,-0.38320362254090223,1,Low,Low,Low,Low,LLLL,0
342,1,51.0,13.0,13.0,4.0,14.0,600.0,2.0,7.0,5.0,22.0,21.0,6.0,19.0,91.0,1.0,2.0,3.0,948.0,2101.27,272.0,81.0,651.0,2538.25,122.0,213.0,1.1739709138046377,0.8020883701785032,0.677420485685424,0.45667728234619853,0,High,High,High,High,HHHH,4
343,0,8.0,0.0,0.0,0.0,0.0,121.0,0.0,5.0,1.0,0.0,0.0,0.0,0.0,0.0,0.0,0.0,0.0,429.0,2265.73,77.0,80.0,801.0,3093.63,44.0,204.0,-0.2540931912367083,-0.47764042747420277,-0.1787687655781626,0.32962794950928376,1,Low,Low,Low,High,LLLH,1
344,0,24.0,9.0,6.0,2.0,3.0,304.0,1.0,6.0,3.0,11.0,18.0,3.0,7.0,82.0,1.0,3.0,3.0,1275.0,2647.53,263.0,83.0,908.0,2184.91,187.0,221.0,0.3738919244352158,0.32180482679302763,1.008204960493865,0.8481207242880797,0,High,High,High,High,HHHH,4
345,0,14.0,1.0,2.0,1.0,1.0,3.0,1.0,0.0,1.0,0.0,0.0,0.0,0.0,0.0,0.0,0.0,0.0,460.0,2077.83,126.0,68.0,447.0,2500.0,53.0,117.0,-0.23429311007130219,-0.4293525008374373,-0.1613174230636467,-0.24201738393703615,1,Low,Low,Low,Low,LLLL,0
346,0,17.0,0.0,0.0,0.0,0.0,0.0,0.0,0.0,0.0,0.0,0.0,0.0,0.0,246.0,1.0,0.0,1.0,64.0,1382.81,0.0,64.0,143.0,3656.64,3.0,140.0,-0.4269696560630282,-0.2600659442306799,-0.9882659007035853,-0.40461826903530573,1,Low,Low,Low,Low,LLLL,0
347,0,8.0,0.0,0.0,0.0,0.0,0.0,0.0,0.0,0.0,0.0,0.0,0.0,0.0,0.0,0.0,0.0,0.0,105.0,4808.57,3.0,101.0,127.0,3895.28,2.0,124.0,-0.4994015460181763,-0.47764042747420277,0.2417890726702529,-0.4368509179512375,1,Low,Low,High,Low,LLHL,1
348,0,18.0,0.0,2.0,1.0,1.0,30.0,0.0,1.0,1.0,3.0,5.0,3.0,5.0,65.0,0.0,1.0,1.0,383.0,2548.83,150.0,17.0,996.0,1793.37,187.0,78.0,-0.20006854167224142,-0.033749221334137776,-0.4260286506185246,0.4072682038177717,1,Low,Low,Low,High,LLLH,1
349,0,5.0,0.0,0.0,0.0,0.0,0.0,0.0,0.0,0.0,0.0,0.0,0.0,0.0,0.0,0.0,0.0,0.0,1008.0,1784.23,223.0,44.0,522.0,1801.72,164.0,54.0,-0.5235455093365591,-0.5017843907925855,0.1866810734742187,-0.0834335089460248,1,Low,Low,High,Low,LLHL,1
350,0,24.0,4.0,5.0,1.0,3.0,0.0,0.0,0.0,0.0,4.0,3.0,1.0,2.0,3.0,0.0,1.0,1.0,939.0,1510.22,234.0,34.0,265.0,1644.91,86.0,44.0,-0.23085005691801463,-0.14605092356105637,0.024777858557438553,-0.5982078585564866,1,Low,Low,High,Low,LLHL,1
351,0,30.0,18.0,9.0,2.0,5.0,29.0,1.0,0.0,1.0,26.0,18.0,5.0,10.0,915.0,9.0,4.0,4.0,486.0,2159.26,134.0,99.0,428.0,4007.24,124.0,150.0,0.09359419233895944,1.0370443767695543,0.15007794352744322,0.3113868065781791,0,High,High,High,High,HHHH,4
352,0,18.0,2.0,2.0,1.0,1.0,53.0,0.0,2.0,1.0,1.0,1.0,1.0,1.0,0.0,0.0,0.0,0.0,552.0,1454.35,161.0,39.0,701.0,1363.05,203.0,177.0,-0.16259582777857765,-0.3217819505166564,-0.399829099536259,0.5087257909207368,1,Low,Low,Low,High,LLLH,1
353,0,12.0,0.0,0.0,0.0,0.0,0.0,0.0,0.0,0.0,0.0,0.0,0.0,0.0,0.0,0.0,0.0,0.0,1135.0,2242.2,308.0,76.0,372.0,2408.06,104.0,140.0,-0.46720959492699937,-0.4454484763830258,0.8936841402611012,-0.051633349989089986,1,Low,Low,High,Low,LLHL,1
354,1,16.0,10.0,14.0,1.0,4.0,342.0,8.0,8.0,1.0,6.0,5.0,1.0,4.0,1057.0,10.0,1.0,1.0,862.0,1879.7,271.0,94.0,387.0,2790.7,95.0,172.0,0.33910446385436877,0.2852458053236945,0.6694327253474326,0.07965573918191401,0,High,High,High,High,HHHH,4
355,1,10.0,6.0,3.0,1.0,2.0,0.0,0.0,0.0,0.0,0.0,2.0,1.0,2.0,58.0,1.0,0.0,1.0,480.0,1672.5,131.0,3.0,286.0,2049.65,83.0,7.0,-0.35329555713570654,-0.25891063649113366,-0.7661311079054196,-0.6546457984351317,1,Low,Low,Low,Low,LLLL,0
356,0,19.0,17.0,13.0,2.0,4.0,650.0,16.0,4.0,3.0,5.0,1.0,1.0,3.0,21.0,0.0,1.0,1.0,934.0,2381.37,308.0,103.0,340.0,1611.18,46.0,262.0,0.7918870328032541,-0.17916075785784014,1.0266342812698575,-0.009759085660874633,0,High,Low,High,Low,HLHL,2
357,1,19.0,27.0,26.0,3.0,19.0,1162.0,0.0,12.0,3.0,92.0,85.0,2.0,17.0,80.0,1.0,2.0,2.0,716.0,1937.01,224.0,53.0,489.0,2622.09,113.0,75.0,0.9623207909880406,0.39189269401975557,0.1254627472904828,-0.11143150714051105,0,High,High,High,Low,HHHL,3
358,1,48.0,12.0,11.0,4.0,12.0,1918.0,1.0,5.0,2.0,35.0,29.0,5.0,19.0,2420.0,8.0,1.0,2.0,994.0,2136.52,265.0,50.0,862.0,1732.13,196.0,223.0,0.9825192914505375,1.170247416229149,0.4431728769600865,0.7920802799191045,0,High,High,High,High,HHHH,4
359,0,18.0,18.0,13.0,4.0,11.0,347.0,3.0,4.0,2.0,24.0,25.0,3.0,13.0,69.0,1.0,2.0,1.0,1263.0,2160.57,261.0,34.0,1042.0,2630.33,207.0,83.0,0.5362674818689835,0.14817355908130989,0.4712912226888382,0.6426040243957827,0,High,High,High,High,HHHH,4
360,0,14.0,1.0,1.0,1.0,1.0,35.0,0.0,1.0,1.0,2.0,3.0,2.0,3.0,331.0,4.0,5.0,2.0,407.0,1496.31,138.0,44.0,635.0,1071.02,178.0,125.0,-0.23148898777056445,0.23574821023317996,-0.5042998580081163,0.1687979579803523,1,Low,High,Low,High,LHLH,2
361,0,1.0,0.0,1.0,1.0,1.0,0.0,0.0,0.0,0.0,1.0,1.0,1.0,2.0,0.0,0.0,0.0,0.0,544.0,1966.54,132.0,64.0,394.0,2716.75,94.0,160.0,-0.45976765590946733,-0.4522278167898724,-0.15415692937692604,0.033131415888521795,1,Low,Low,Low,High,LLLH,1
362,0,5.0,2.0,3.0,2.0,3.0,0.0,0.0,0.0,0.0,0.0,0.0,0.0,0.0,0.0,0.0,0.0,0.0,418.0,1276.08,142.0,74.0,315.0,1089.52,63.0,225.0,-0.3127420001162633,-0.5017843907925855,-0.3009104167097514,-0.15411838230762548,1,Low,Low,Low,Low,LLLL,0
363,0,10.0,4.0,6.0,2.0,4.0,157.0,0.0,2.0,2.0,9.0,11.0,1.0,5.0,0.0,0.0,0.0,0.0,1332.0,1649.55,279.0,75.0,534.0,2738.2,112.0,158.0,0.007284301290465829,-0.3331658341899748,0.7640181765007021,0.19318096566473206,1,High,Low,High,High,HLHH,3
364,0,6.0,21.0,19.0,1.0,9.0,2.0,1.0,0.0,1.0,43.0,49.0,3.0,17.0,556.0,9.0,7.0,4.0,697.0,1633.0,177.0,66.0,1171.0,893.34,210.0,218.0,-0.10840142829809744,0.8849837941870471,0.00045816070296351985,0.9288390978146499,0,Low,High,High,High,LHHH,3
365,1,13.0,0.0,0.0,0.0,0.0,0.0,0.0,0.0,0.0,1.0,2.0,1.0,1.0,0.0,0.0,0.0,0.0,543.0,1645.86,167.0,45.0,306.0,2286.27,50.0,60.0,-0.4591616071542052,-0.3604819690445832,-0.2888719433396062,-0.5604408068006148,1,Low,Low,Low,Low,LLLL,0
366,0,0.0,1.0,1.0,1.0,1.0,0.0,0.0,0.0,0.0,0.0,0.0,0.0,0.0,0.0,0.0,0.0,0.0,808.0,1337.75,270.0,77.0,1014.0,957.99,196.0,199.0,-0.46478232650475665,-0.5420243296565567,0.3543636173983218,0.7171585627961297,1,Low,Low,High,High,LLHH,2
367,0,7.0,0.0,1.0,1.0,1.0,53.0,0.0,1.0,1.0,8.0,4.0,3.0,8.0,0.0,0.0,0.0,0.0,466.0,2781.12,133.0,7.0,154.0,2382.47,64.0,14.0,-0.28804579949297004,-0.2185873730935559,-0.446023655323925,-0.7481898077482143,1,Low,Low,Low,Low,LLLL,0
368,1,16.0,9.0,14.0,4.0,10.0,0.0,0.0,0.0,0.0,18.0,18.0,4.0,19.0,0.0,0.0,0.0,0.0,717.0,1907.11,256.0,43.0,780.0,2285.77,190.0,51.0,0.06511718350662458,0.02657758975551293,0.1320112049934774,0.24904961798470532,1,High,High,High,High,HHHH,4
369,0,3.0,0.0,0.0,0.0,0.0,0.0,0.0,0.0,0.0,0.0,0.0,0.0,0.0,0.0,0.0,0.0,0.0,301.0,1816.94,116.0,65.0,373.0,2507.77,156.0,94.0,-0.5396414848821476,-0.517880366338174,-0.3798274541396203,0.0056440915121081375,1,Low,Low,Low,High,LLLH,1
370,0,13.0,9.0,6.0,1.0,3.0,0.0,0.0,0.0,0.0,11.0,7.0,1.0,4.0,0.0,0.0,0.0,0.0,243.0,1467.9,94.0,48.0,673.0,1120.21,148.0,103.0,-0.30116829660639205,-0.31852120015719454,-0.7089004515353448,0.025236787327360816,1,Low,Low,Low,High,LLLH,1
371,1,50.0,22.0,21.0,6.0,19.0,188.0,3.0,1.0,4.0,42.0,48.0,8.0,39.0,98.0,0.0,1.0,1.0,966.0,1898.14,281.0,52.0,994.0,2128.67,223.0,129.0,1.1410601929781503,0.8997012118241252,0.42726152554743885,0.7417523683977462,0,High,High,High,High,HHHH,4
372,0,21.0,21.0,19.0,4.0,15.0,439.0,2.0,4.0,2.0,5.0,5.0,2.0,4.0,95.0,1.0,3.0,3.0,1256.0,1926.35,388.0,47.0,749.0,2870.23,176.0,107.0,0.6141960030585006,0.185166753975463,0.8863846855836097,0.433077792636798,0,High,High,High,High,HHHH,4
373,0,60.0,0.0,0.0,0.0,0.0,278.0,0.0,5.0,2.0,4.0,5.0,2.0,3.0,150.0,0.0,3.0,2.0,1039.0,2527.05,230.0,48.0,1658.0,2018.58,210.0,116.0,0.27627320779032044,0.3848877859159784,0.4530465425943482,1.1064269314170256,0,High,High,High,High,HHHH,4
374,0,23.0,6.0,10.0,2.0,9.0,492.0,6.0,10.0,4.0,7.0,11.0,2.0,9.0,191.0,1.0,5.0,2.0,498.0,1895.18,130.0,76.0,795.0,1875.85,196.0,180.0,0.7902315110458953,0.24600351069476695,-0.10960848254263589,0.6297192750304594,0,High,High,Low,High,HHLH,3
375,0,9.0,0.0,0.0,0.0,0.0,0.0,0.0,0.0,0.0,0.0,0.0,0.0,0.0,0.0,0.0,0.0,0.0,568.0,1576.58,208.0,74.0,466.0,3613.52,82.0,99.0,-0.4913535582453821,-0.46959243970140857,0.06386366708106136,-0.027402380930375204,1,Low,Low,High,Low,LLHL,1
376,0,19.0,57.0,41.0,1.0,12.0,22.0,1.0,0.0,1.0,9.0,9.0,1.0,7.0,0.0,0.0,0.0,0.0,526.0,2577.38,194.0,23.0,504.0,3725.6,136.0,22.0,0.20475629815723462,-0.25107393317834326,-0.1532610835467853,-0.032484842293356964,1,High,Low,Low,Low,HLLL,1
378,0,30.0,1.0,1.0,1.0,2.0,48.0,0.0,6.0,3.0,19.0,17.0,5.0,11.0,244.0,7.0,4.0,3.0,1632.0,2173.9,234.0,77.0,1591.0,1828.1,287.0,258.0,0.22280736189155106,0.7971632068620712,0.966243799714244,1.7560517744924815,0,High,High,High,High,HHHH,4
379,0,8.0,30.0,34.0,1.0,5.0,141.0,5.0,2.0,2.0,34.0,27.0,2.0,11.0,46.0,2.0,2.0,1.0,702.0,2089.32,192.0,2.0,158.0,2456.96,74.0,0.0,0.2141670849282289,0.0383303649676506,-0.35013227498703825,-0.7430566087727831,1,High,High,Low,Low,HHLL,2
380,0,0.0,2.0,4.0,1.0,3.0,0.0,0.0,0.0,0.0,2.0,2.0,1.0,3.0,776.0,1.0,0.0,1.0,1023.0,1396.48,333.0,71.0,336.0,1839.29,93.0,140.0,-0.43311143774492056,-0.23725341393550448,0.6378266881802312,-0.19489942199738236,1,Low,Low,High,Low,LLHL,1
381,0,27.0,2.0,1.0,1.0,1.0,28.0,1.0,1.0,2.0,0.0,1.0,1.0,1.0,375.0,2.0,0.0,1.0,43.0,3683.72,21.0,14.0,286.0,1947.9,97.0,52.0,-0.010619937337599472,-0.05499136361798383,-0.7405937031592253,-0.4769835862405493,1,Low,Low,Low,Low,LLLL,0
382,0,5.0,77.0,92.0,2.0,33.0,1031.0,3.0,2.0,1.0,88.0,103.0,1.0,35.0,300.0,2.0,3.0,1.0,410.0,1980.0,145.0,3.0,162.0,6403.7,55.0,6.0,0.8631640080538678,0.3665299124622989,-0.6866213754513018,-0.24640182983563286,1,High,High,Low,Low,HHLL,2
383,1,8.0,8.0,5.0,3.0,5.0,197.0,0.0,3.0,2.0,9.0,8.0,3.0,7.0,58.0,1.0,2.0,1.0,1426.0,2595.02,303.0,65.0,804.0,3210.82,200.0,213.0,0.127267572978774,-0.020852364219297804,1.058707158293787,0.9378592274879571,0,High,Low,High,High,HLHH,3
384,0,4.0,0.0,0.0,0.0,0.0,0.0,0.0,0.0,0.0,0.0,0.0,0.0,0.0,0.0,0.0,0.0,0.0,862.0,1656.26,268.0,116.0,639.0,1546.01,184.0,258.0,-0.5315934971093532,-0.5098323785653798,0.7799296673705672,0.6761219417961832,1,Low,Low,High,High,LLHH,2
385,0,29.0,0.0,0.0,0.0,0.0,0.0,0.0,0.0,0.0,0.0,0.0,0.0,0.0,0.0,0.0,0.0,0.0,128.0,1403.91,50.0,12.0,131.0,2161.83,52.0,21.0,-0.3303938027894973,-0.3086326842455238,-1.2165509732120963,-0.8159975439468228,1,Low,Low,Low,Low,LLLL,0
386,0,8.0,6.0,4.0,2.0,4.0,207.0,2.0,1.0,2.0,8.0,11.0,1.0,5.0,115.0,0.0,3.0,2.0,1486.0,2299.26,285.0,65.0,821.0,2757.73,195.0,306.0,0.025098980209061032,-0.07604186355074567,0.9643830905863559,1.1613754336061282,0,High,Low,High,High,HLHH,3
387,0,11.0,0.0,0.0,0.0,0.0,0.0,0.0,0.0,0.0,0.0,0.0,0.0,0.0,0.0,0.0,0.0,0.0,30.0,1190.0,2.0,28.0,96.0,1500.0,0.0,96.0,-0.4752575826997936,-0.4534964641558201,-1.3445351609468457,-0.883573816681314,1,Low,Low,Low,Low,LLLL,0
388,0,20.0,42.0,42.0,3.0,21.0,204.0,8.0,0.0,3.0,10.0,7.0,3.0,8.0,0.0,0.0,0.0,0.0,1110.0,2438.92,280.0,83.0,425.0,2300.47,134.0,133.0,0.8163542267670599,-0.10631349311623585,0.9038511035920619,0.05691594321647714,0,High,Low,High,High,HLHH,3
389,0,3.0,0.0,0.0,0.0,0.0,0.0,0.0,0.0,0.0,1.0,2.0,1.0,2.0,0.0,0.0,0.0,0.0,594.0,1448.99,232.0,26.0,300.0,1465.0,88.0,134.0,-0.5396414848821476,-0.4345919209082394,-0.27093423397263605,-0.30861749583178766,1,Low,Low,Low,Low,LLLL,0
390,0,17.0,49.0,44.0,2.0,29.0,488.0,3.0,3.0,1.0,48.0,56.0,2.0,28.0,140.0,0.0,3.0,1.0,632.0,1181.49,224.0,78.0,371.0,2054.72,59.0,101.0,0.6326952596994919,0.2626832815207886,0.07883698290718355,-0.3854515993992196,1,High,High,High,Low,HHHL,3
391,0,7.0,35.0,39.0,2.0,14.0,0.0,0.0,0.0,0.0,95.0,123.0,2.0,32.0,598.0,1.0,1.0,1.0,379.0,2312.93,124.0,34.0,259.0,4089.96,78.0,46.0,0.020299364524077212,0.4077725734365782,-0.429662330920819,-0.28830543042520757,1,High,High,Low,Low,HHLL,2
392,0,19.0,0.0,0.0,0.0,0.0,0.0,0.0,0.0,0.0,1.0,3.0,1.0,2.0,7.0,0.0,2.0,1.0,314.0,1344.27,138.0,8.0,131.0,1822.9,33.0,67.0,-0.4108736805174397,-0.15655883037183554,-0.8915614664069818,-0.7866809695979862,1,Low,Low,Low,Low,LLLL,0
393,0,26.0,0.0,0.0,0.0,0.0,0.0,0.0,0.0,0.0,0.0,4.0,2.0,2.0,0.0,0.0,0.0,0.0,2.0,300.0,2.0,0.0,10.0,1440.0,1.0,2.0,-0.35453776610788007,-0.18196988635547118,-1.8209832234183818,-1.24385462755464,1,Low,Low,Low,Low,LLLL,0
394,1,15.0,2.0,4.0,2.0,3.0,388.0,8.0,3.0,3.0,5.0,7.0,3.0,6.0,0.0,0.0,0.0,0.0,1542.0,2200.0,311.0,38.0,669.0,2118.83,104.0,70.0,0.3925839553393848,-0.1668689785159333,0.8308985769504812,-0.10210876206960999,1,High,Low,High,Low,HLHL,2
395,1,16.0,3.0,2.0,2.0,3.0,6.0,1.0,0.0,1.0,10.0,9.0,2.0,6.0,68.0,0.0,1.0,2.0,740.0,1721.76,184.0,65.0,604.0,2042.88,140.0,199.0,-0.10898077302924497,-0.012976122956504434,0.062376795303177635,0.3762504393583015,1,Low,Low,High,High,LLHH,2
396,0,17.0,0.0,0.0,0.0,0.0,19.0,1.0,1.0,2.0,1.0,0.0,1.0,1.0,0.0,0.0,0.0,0.0,797.0,2028.86,227.0,12.0,465.0,1454.84,128.0,17.0,-0.19454246387115012,-0.3313698586254951,-0.12403624768209576,-0.4171001450710612,1,Low,Low,Low,Low,LLLL,0
397,0,6.0,9.0,12.0,2.0,4.0,147.0,5.0,2.0,2.0,8.0,8.0,2.0,7.0,237.0,1.0,3.0,3.0,1006.0,1765.11,212.0,41.0,1258.0,2021.07,244.0,107.0,0.14178035638250952,0.11106261613135757,0.12367577260056353,0.9193487357092628,0,High,High,High,High,HHHH,4
398,0,26.0,0.0,0.0,0.0,0.0,0.0,0.0,0.0,0.0,0.0,0.0,0.0,0.0,0.0,0.0,0.0,0.0,18.0,583.33,0.0,18.0,12.0,2925.0,0.0,12.0,-0.35453776610788007,-0.33277664756390646,-1.597458304997353,-1.010189122869749,1,Low,Low,Low,Low,LLLL,0
399,0,13.0,17.0,17.0,2.0,7.0,0.0,0.0,0.0,1.0,5.0,5.0,1.0,1.0,0.0,0.0,0.0,0.0,1130.0,1897.7,280.0,62.0,725.0,1849.66,222.0,132.0,-0.03389839390801915,-0.3498016521907267,0.6044331442769209,0.5197780084959636,1,Low,Low,High,High,LLHH,2
400,0,9.0,0.0,0.0,0.0,0.0,0.0,0.0,0.0,0.0,0.0,0.0,0.0,0.0,0.0,0.0,0.0,0.0,442.0,1254.3,184.0,63.0,158.0,1902.53,40.0,94.0,-0.4913535582453821,-0.46959243970140857,-0.256810876770979,-0.6467469823901757,1,Low,Low,Low,Low,LLLL,0
401,0,56.0,3.0,9.0,3.0,6.0,786.0,4.0,5.0,4.0,79.0,85.0,9.0,53.0,1896.0,10.0,19.0,10.0,985.0,2491.37,274.0,38.0,1391.0,3161.54,226.0,60.0,0.9505257540314176,3.1104758375460992,0.46023629225476326,0.9576557923657345,0,High,High,High,High,HHHH,4
402,0,22.0,2.0,2.0,1.0,3.0,112.0,3.0,4.0,1.0,2.0,0.0,1.0,1.0,11.0,1.0,0.0,1.0,1098.0,1411.48,211.0,64.0,452.0,1987.17,79.0,189.0,0.03484330805844549,-0.17482479291096575,0.26983134038424994,0.010530108051441806,1,High,Low,High,High,HLHH,3
403,0,24.0,9.0,7.0,2.0,3.0,247.0,2.0,6.0,2.0,8.0,8.0,3.0,8.0,33.0,1.0,2.0,2.0,1715.0,1761.34,292.0,74.0,1091.0,2490.47,120.0,337.0,0.3076536115673945,0.18884085445753576,1.0557579863426612,1.141904603980066,0,High,High,High,High,HHHH,4
404,1,10.0,0.0,0.0,0.0,0.0,0.0,0.0,0.0,0.0,0.0,0.0,0.0,0.0,0.0,0.0,0.0,0.0,561.0,1537.97,172.0,52.0,294.0,5137.76,79.0,125.0,-0.48330557047258793,-0.46154445192861426,-0.23483312686689065,0.1321951874817744,1,Low,Low,Low,High,LLLH,1
405,1,31.0,38.0,43.0,3.0,17.0,1241.0,22.0,31.0,4.0,38.0,38.0,3.0,20.0,915.0,11.0,10.0,4.0,1195.0,1726.95,275.0,50.0,948.0,2075.63,233.0,139.0,2.3458392483648205,1.2965685216865541,0.487293053046751,0.7694652334793297,0,High,High,High,High,HHHH,4
406,0,26.0,3.0,1.0,1.0,3.0,83.0,0.0,4.0,2.0,3.0,4.0,1.0,2.0,211.0,1.0,1.0,1.0,453.0,2134.44,168.0,25.0,194.0,2616.49,96.0,19.0,0.06893951757297712,-0.0689952822092076,-0.374216615529271,-0.5568856483149238,1,High,Low,Low,Low,HLLL,1
407,0,11.0,0.0,0.0,0.0,0.0,0.0,0.0,0.0,0.0,0.0,0.0,0.0,0.0,0.0,0.0,0.0,0.0,1405.0,1954.16,220.0,42.0,146.0,2167.81,44.0,44.0,-0.4752575826997936,-0.4534964641558201,0.44673086601415357,-0.7612213458426078,1,Low,Low,High,Low,LLHL,1
408,0,8.0,1.0,0.0,1.0,1.0,0.0,0.0,0.0,0.0,0.0,0.0,0.0,0.0,0.0,0.0,0.0,0.0,896.0,2051.79,177.0,60.0,297.0,3315.15,70.0,85.0,-0.4034414642472368,-0.47764042747420277,0.18221835199126665,-0.2746172083259474,1,Low,Low,High,Low,LLHL,1
409,0,8.0,6.0,2.0,3.0,4.0,0.0,0.0,0.0,0.0,20.0,21.0,2.0,8.0,0.0,0.0,0.0,0.0,364.0,1840.38,142.0,120.0,413.0,2000.48,94.0,255.0,-0.18658104341926013,-0.2321326861386791,0.18608907085474474,0.24610123700841932,1,Low,Low,High,High,LLHH,2
410,0,10.0,0.0,0.0,0.0,0.0,0.0,0.0,0.0,0.0,0.0,0.0,0.0,0.0,0.0,0.0,0.0,0.0,60.0,2385.0,4.0,56.0,58.0,1805.17,3.0,55.0,-0.48330557047258793,-0.46154445192861426,-0.7810847522093327,-0.9862084446749702,1,Low,Low,Low,Low,LLLL,0
411,0,20.0,0.0,0.0,0.0,0.0,0.0,0.0,0.0,0.0,0.0,0.0,0.0,0.0,0.0,0.0,0.0,0.0,334.0,1773.05,132.0,61.0,430.0,1368.84,138.0,85.0,-0.40282569274464547,-0.3810645742006719,-0.35635094885243324,-0.20411285546003705,1,Low,Low,Low,Low,LLLL,0
412,0,11.0,0.0,0.0,0.0,0.0,0.0,0.0,0.0,0.0,2.0,2.0,1.0,3.0,23.0,0.0,1.0,1.0,1616.0,2242.2,284.0,56.0,674.0,2558.9,153.0,180.0,-0.4752575826997936,-0.24629183654249084,0.9524941175824133,0.483747745879008,1,Low,Low,High,High,LLHH,2
413,0,15.0,8.0,7.0,2.0,2.0,657.0,0.0,5.0,2.0,10.0,15.0,3.0,9.0,30.0,2.0,0.0,2.0,990.0,1861.82,141.0,103.0,432.0,1448.61,72.0,303.0,0.20475216680120478,0.1027491125344937,0.43065891440392806,0.25495004379473196,0,High,High,High,High,HHHH,4
414,1,10.0,18.0,21.0,2.0,13.0,0.0,0.0,0.0,0.0,16.0,17.0,3.0,15.0,0.0,0.0,0.0,0.0,593.0,2063.07,202.0,11.0,145.0,3053.79,61.0,37.0,-0.0716520087260542,-0.11771385266514575,-0.3207202168495981,-0.6006956842855398,1,Low,Low,Low,Low,LLLL,0
415,1,31.0,10.0,5.0,3.0,7.0,120.0,2.0,2.0,3.0,31.0,30.0,5.0,9.0,0.0,0.0,0.0,0.0,891.0,2631.99,216.0,84.0,746.0,2828.28,176.0,94.0,0.43937377707405173,0.18772761230354085,0.6405219036058212,0.38438128268203436,0,High,High,High,High,HHHH,4
416,1,23.0,0.0,0.0,0.0,0.0,18.0,0.0,1.0,1.0,10.0,8.0,2.0,6.0,51.0,0.0,1.0,1.0,1300.0,2797.85,280.0,77.0,647.0,2581.3,147.0,187.0,-0.26071639382781236,-0.03967547725723139,1.0644804759988817,0.4681928703244649,0,Low,Low,High,High,LLHH,2
417,0,2.0,0.0,0.0,0.0,0.0,0.0,0.0,0.0,0.0,0.0,0.0,0.0,0.0,0.0,0.0,0.0,0.0,132.0,2711.36,0.0,132.0,358.0,2619.55,3.0,355.0,-0.5476894726549417,-0.5259283541109682,-0.049298964012422064,0.278855089630165,1,Low,Low,Low,High,LLLH,1
418,0,0.0,0.0,0.0,0.0,0.0,85.0,0.0,2.0,2.0,2.0,3.0,1.0,1.0,38.0,0.0,1.0,1.0,844.0,1683.41,226.0,7.0,561.0,1425.13,179.0,42.0,-0.3201987451498354,-0.3440822330911226,-0.22940818388738318,-0.09148652854000452,1,Low,Low,Low,Low,LLLL,0
419,0,9.0,42.0,33.0,2.0,16.0,819.0,8.0,8.0,1.0,50.0,48.0,3.0,15.0,85.0,1.0,1.0,2.0,144.0,8841.67,45.0,28.0,161.0,11670.19,27.0,69.0,0.7124048336467754,0.21089868108664117,0.855593112531772,0.5749691740910721,0,High,High,High,High,HHHH,4
420,0,1.0,14.0,15.0,3.0,10.0,7940.0,13.0,21.0,2.0,5.0,6.0,1.0,2.0,2736.0,7.0,5.0,2.0,135.0,1806.67,52.0,8.0,101.0,938.61,19.0,17.0,2.2293127978486225,0.48080466136149386,-1.1332590114491685,-1.136924808752042,1,High,High,Low,Low,HHLL,2
421,0,22.0,5.0,6.0,2.0,3.0,179.0,2.0,3.0,2.0,11.0,14.0,2.0,7.0,0.0,0.0,0.0,0.0,812.0,1687.32,278.0,42.0,749.0,2009.88,181.0,142.0,0.1823193343190273,-0.1502464761890341,0.18899486587947156,0.44249087533024745,1,High,Low,High,High,HLHH,3
422,0,0.0,6.0,4.0,4.0,6.0,0.0,0.0,0.0,0.0,14.0,10.0,5.0,10.0,155.0,2.0,3.0,2.0,979.0,2230.23,267.0,73.0,640.0,4783.12,181.0,118.0,-0.14219787525459698,0.23609483351673916,0.6505089685017763,0.6722595879200195,0,Low,High,High,High,LHHH,3
423,0,23.0,2.0,3.0,1.0,1.0,0.0,0.0,0.0,0.0,3.0,4.0,2.0,2.0,46.0,4.0,1.0,2.0,1062.0,1975.14,250.0,39.0,790.0,1754.81,234.0,45.0,-0.2705592107033158,0.1330113916911646,0.3088186534664601,0.32258496499861344,1,Low,High,High,High,LHHH,3
424,0,30.0,16.0,12.0,5.0,16.0,1386.0,21.0,6.0,4.0,8.0,10.0,3.0,13.0,2030.0,13.0,9.0,4.0,707.0,2096.61,205.0,42.0,1198.0,2308.6,214.0,160.0,1.633694575366792,1.3337509306891882,0.016677203455148032,0.9750464366876692,0,High,High,High,High,HHHH,4
425,0,2.0,0.0,0.0,0.0,0.0,0.0,0.0,0.0,0.0,0.0,0.0,0.0,0.0,0.0,0.0,0.0,0.0,999.0,2378.98,213.0,53.0,261.0,3629.89,68.0,143.0,-0.5476894726549417,-0.5259283541109682,0.38018430149719573,-0.08175795654090588,1,Low,Low,High,Low,LLHL,1
426,0,8.0,0.0,0.0,0.0,0.0,0.0,0.0,0.0,0.0,0.0,0.0,0.0,0.0,0.0,0.0,0.0,0.0,133.0,1921.8,11.0,122.0,219.0,1726.03,8.0,210.0,-0.4994015460181763,-0.47764042747420277,-0.3037973240677524,-0.3791949245871032,1,Low,Low,Low,Low,LLLL,0
427,0,5.0,6.0,3.0,2.0,5.0,54.0,1.0,2.0,1.0,3.0,4.0,2.0,6.0,211.0,0.0,1.0,1.0,1443.0,1973.39,330.0,35.0,935.0,2454.55,132.0,126.0,-0.10273254509142311,-0.18063930756563767,0.7434853877965937,0.40799250359054345,0,Low,Low,High,High,LLHH,2
428,0,3.0,0.0,0.0,0.0,0.0,295.0,5.0,1.0,1.0,0.0,0.0,0.0,0.0,0.0,0.0,0.0,0.0,356.0,1627.25,184.0,78.0,421.0,2701.43,131.0,137.0,-0.24357049625049798,-0.517880366338174,-0.08997223866832915,0.11106142060039692,1,Low,Low,Low,High,LLLH,1
429,0,8.0,0.0,0.0,0.0,0.0,0.0,0.0,0.0,0.0,0.0,0.0,0.0,0.0,0.0,0.0,0.0,0.0,390.0,2070.77,102.0,52.0,209.0,2608.13,61.0,107.0,-0.4994015460181763,-0.47764042747420277,-0.40593075413179003,-0.39726416602169434,1,Low,Low,Low,Low,LLLL,0
430,0,2.0,0.0,0.0,0.0,0.0,157.0,1.0,4.0,1.0,10.0,9.0,1.0,7.0,0.0,0.0,0.0,0.0,398.0,1640.95,121.0,110.0,415.0,1737.83,79.0,313.0,-0.29760358283255584,-0.3863745863544145,0.01150792898792058,0.3394014261324583,1,Low,Low,High,High,LLHH,2
431,0,20.0,0.0,0.0,0.0,0.0,0.0,0.0,0.0,0.0,0.0,0.0,0.0,0.0,0.0,0.0,0.0,0.0,479.0,2441.34,188.0,16.0,73.0,7315.07,30.0,27.0,-0.40282569274464547,-0.3810645742006719,-0.2917140896948451,-0.20767193578937965,1,Low,Low,Low,Low,LLLL,0
432,0,18.0,1.0,2.0,1.0,1.0,0.0,0.0,0.0,0.0,0.0,0.0,0.0,0.0,0.0,0.0,0.0,0.0,686.0,1934.26,232.0,36.0,448.0,3591.96,91.0,104.0,-0.31687550666962616,-0.39716054974626036,-0.007237083399888045,0.005060330048490644,1,Low,Low,Low,High,LLLH,1
433,0,2.0,0.0,0.0,0.0,0.0,0.0,0.0,0.0,0.0,0.0,0.0,0.0,0.0,0.0,0.0,0.0,0.0,612.0,1930.88,219.0,65.0,296.0,3345.61,113.0,83.0,-0.5476894726549417,-0.5259283541109682,0.1430734797222325,-0.12256918335840618,1,Low,Low,High,Low,LLHL,1
434,0,1.0,0.0,0.0,0.0,0.0,0.0,0.0,0.0,0.0,0.0,0.0,0.0,0.0,0.0,0.0,0.0,0.0,631.0,2347.23,121.0,69.0,547.0,2754.3,109.0,186.0,-0.5557374604277361,-0.5339763418837625,0.006164533384950571,0.2816423754432391,1,Low,Low,High,High,LLHH,2
435,0,6.0,3.0,3.0,1.0,5.0,78.0,4.0,0.0,1.0,4.0,5.0,1.0,5.0,0.0,0.0,0.0,0.0,942.0,1837.58,152.0,16.0,358.0,2263.41,78.0,80.0,-0.15793663651917442,-0.3821730021045724,-0.2757028483818281,-0.36337474282181054,1,Low,Low,Low,Low,LLLL,0
436,0,24.0,8.0,6.0,2.0,6.0,94.0,3.0,2.0,3.0,12.0,14.0,3.0,14.0,5865.0,5.0,3.0,1.0,1048.0,2462.12,136.0,48.0,223.0,3516.59,68.0,133.0,0.309990246637341,1.0863613209713563,0.1635217700731496,-0.15550098057598896,0,High,High,High,Low,HHHL,3
437,0,17.0,6.0,6.0,2.0,8.0,0.0,0.0,0.0,0.0,3.0,2.0,2.0,4.0,0.0,0.0,0.0,0.0,1044.0,1663.51,302.0,102.0,601.0,1214.48,204.0,220.0,-0.14613262883863837,-0.24019634836984358,0.8794685737603475,0.5564528219289839,0,Low,Low,High,High,LLHH,2
438,0,14.0,6.0,2.0,1.0,3.0,206.0,0.0,2.0,1.0,1.0,2.0,2.0,2.0,0.0,0.0,0.0,0.0,988.0,2552.13,258.0,36.0,623.0,3988.12,188.0,118.0,-0.13924048950230383,-0.28011044133966023,0.41448052841393346,0.5760353489611102,1,Low,Low,High,High,LLHH,2
439,1,14.0,0.0,0.0,0.0,0.0,0.0,0.0,0.0,0.0,0.0,0.0,0.0,0.0,0.0,0.0,0.0,0.0,1074.0,3291.9,124.0,27.0,169.0,2201.18,77.0,49.0,-0.451113619381411,-0.4293525008374373,0.19130278075758403,-0.605911412354743,1,Low,Low,High,Low,LLHL,1
440,0,22.0,1.0,1.0,1.0,1.0,0.0,0.0,0.0,0.0,0.0,0.0,0.0,0.0,84.0,1.0,2.0,1.0,373.0,1568.36,155.0,52.0,261.0,2293.1,48.0,133.0,-0.2877265955032834,-0.17322831139757844,-0.39107810734120674,-0.369226391725759,1,Low,Low,Low,Low,LLLL,0
441,0,13.0,4.0,3.0,2.0,4.0,252.0,1.0,1.0,3.0,13.0,17.0,3.0,7.0,346.0,2.0,4.0,3.0,1663.0,1724.23,351.0,76.0,923.0,2513.76,246.0,188.0,0.12363565100940407,0.3366959734429662,1.2051709925972904,1.0128183979191716,0,High,High,High,High,HHHH,4
442,0,9.0,8.0,9.0,1.0,3.0,2.0,0.0,1.0,1.0,2.0,2.0,1.0,1.0,0.0,0.0,0.0,0.0,271.0,2465.31,74.0,0.0,4.0,525.0,4.0,0.0,-0.21179903827070704,-0.39115878117432934,-0.8779776340513776,-1.3695391371244532,1,Low,Low,Low,Low,LLLL,0
443,1,10.0,0.0,0.0,0.0,0.0,0.0,0.0,0.0,0.0,0.0,0.0,0.0,0.0,0.0,0.0,0.0,0.0,889.0,1758.83,219.0,73.0,501.0,2569.46,88.0,186.0,-0.48330557047258793,-0.46154445192861426,0.33056853433298267,0.14819061796792946,1,Low,Low,High,High,LLHH,2
444,0,49.0,4.0,3.0,2.0,5.0,226.0,6.0,4.0,2.0,12.0,20.0,2.0,9.0,2480.0,1.0,5.0,3.0,610.0,1541.8,128.0,6.0,200.0,1506.0,69.0,18.0,0.5499775007134708,0.8516330911935962,-0.70619181548755,-0.8059251081010543,1,High,High,Low,Low,HHLL,2
445,0,8.0,2.0,2.0,1.0,2.0,28.0,1.0,0.0,1.0,3.0,2.0,1.0,1.0,127.0,2.0,0.0,1.0,158.0,1410.76,53.0,64.0,149.0,1961.07,13.0,130.0,-0.2658873549257329,-0.23384947977866677,-0.7672499058945207,-0.6292372669679042,1,Low,Low,Low,Low,LLLL,0
446,0,14.0,10.0,11.0,2.0,5.0,2532.0,4.0,7.0,2.0,0.0,1.0,1.0,1.0,357.0,0.0,7.0,2.0,229.0,2204.8,82.0,62.0,308.0,3330.19,49.0,139.0,0.7006514262124216,0.08554600551938944,-0.4466858779776471,-0.17090791441217545,1,High,High,Low,Low,HHLL,2
447,0,2.0,0.0,0.0,0.0,0.0,0.0,0.0,0.0,0.0,0.0,0.0,0.0,0.0,0.0,0.0,0.0,0.0,3.0,2000.0,0.0,3.0,2.0,3000.0,0.0,2.0,-0.5476894726549417,-0.5259283541109682,-1.3568242997211912,-1.038293592783242,1,Low,Low,Low,Low,LLLL,0
448,0,23.0,26.0,28.0,4.0,13.0,402.0,5.0,2.0,4.0,90.0,84.0,3.0,41.0,123.0,2.0,1.0,1.0,1467.0,2120.65,376.0,61.0,1216.0,2463.4,102.0,186.0,0.8475078721985086,0.5649093254741825,1.1428531472297094,0.6873550390728682,0,High,High,High,High,HHHH,4
449,0,12.0,24.0,17.0,2.0,15.0,1549.0,11.0,19.0,1.0,15.0,5.0,1.0,14.0,676.0,13.0,8.0,2.0,1043.0,1667.11,316.0,27.0,620.0,4428.39,170.0,30.0,1.1243976061436978,0.6990134836355323,0.3147803326355588,0.29348607762719986,0,High,High,High,High,HHHH,4
450,0,7.0,0.0,0.0,0.0,0.0,0.0,0.0,0.0,0.0,0.0,0.0,0.0,0.0,0.0,0.0,0.0,0.0,338.0,2518.05,100.0,22.0,227.0,2818.94,39.0,145.0,-0.5074495337909706,-0.4856884152469971,-0.5687909117522464,-0.31549835451487107,1,Low,Low,Low,Low,LLLL,0
451,0,4.0,1.0,1.0,1.0,1.0,0.0,0.0,0.0,0.0,0.0,0.0,0.0,0.0,0.0,0.0,0.0,0.0,333.0,1876.58,92.0,118.0,193.0,1737.82,12.0,180.0,-0.4325903754135797,-0.5098323785653798,0.01275266254621732,-0.4756455181707404,1,Low,Low,High,Low,LLHL,1
453,0,6.0,1.0,1.0,1.0,1.0,125.0,0.0,2.0,1.0,0.0,0.0,0.0,0.0,0.0,0.0,0.0,0.0,573.0,1883.77,251.0,70.0,333.0,2090.99,100.0,158.0,-0.25399835869581144,-0.49373640301979127,0.24215913150835944,-0.08064526443817241,1,Low,Low,High,Low,LLHL,1
455,0,11.0,0.0,0.0,0.0,0.0,31.0,3.0,2.0,1.0,7.0,3.0,2.0,6.0,10.0,2.0,1.0,2.0,1613.0,2166.03,210.0,45.0,395.0,1642.03,129.0,77.0,-0.24655324130682155,-0.006353082748138271,0.6229545939311866,-0.24865808414811774,1,Low,Low,High,Low,LLHL,1
456,0,3.0,0.0,0.0,0.0,0.0,0.0,0.0,0.0,0.0,0.0,0.0,0.0,0.0,0.0,0.0,0.0,0.0,93.0,3274.19,17.0,42.0,242.0,3096.69,112.0,55.0,-0.5396414848821476,-0.517880366338174,-0.602973701614933,-0.2863543304336814,1,Low,Low,Low,Low,LLLL,0
457,0,34.0,6.0,4.0,4.0,6.0,14.0,1.0,0.0,1.0,25.0,21.0,7.0,20.0,300.0,2.0,14.0,3.0,243.0,1758.02,80.0,24.0,860.0,1607.79,204.0,117.0,0.24792675773831085,1.208335285459032,-0.8683780144598358,0.46961262955048233,0,High,High,Low,High,HHLH,3
459,0,2.0,1.0,2.0,2.0,2.0,90.0,1.0,1.0,1.0,13.0,13.0,2.0,12.0,640.0,5.0,4.0,3.0,586.0,1801.54,202.0,42.0,166.0,6831.33,26.0,74.0,-0.19653640413840148,0.34808628756465804,-0.14279815778136903,-0.07567078755085918,1,Low,High,Low,Low,LHLL,1
460,0,7.0,0.0,0.0,0.0,0.0,0.0,0.0,0.0,0.0,0.0,0.0,0.0,0.0,0.0,0.0,0.0,0.0,153.0,2501.96,48.0,83.0,274.0,2363.87,15.0,259.0,-0.5074495337909706,-0.4856884152469971,-0.3456655032314486,-0.07362954428467028,1,Low,Low,Low,Low,LLLL,0
461,0,10.0,0.0,0.0,0.0,0.0,0.0,0.0,0.0,1.0,4.0,5.0,3.0,4.0,179.0,2.0,0.0,2.0,866.0,2154.39,210.0,53.0,1129.0,2341.28,227.0,94.0,-0.39596508667260816,0.025414350643414945,0.23189459181379043,0.770599836265001,1,Low,High,High,High,LHHH,3
462,0,19.0,0.0,0.0,0.0,0.0,0.0,0.0,0.0,0.0,4.0,4.0,1.0,2.0,0.0,0.0,0.0,0.0,511.0,2004.31,134.0,15.0,417.0,2048.92,103.0,25.0,-0.4108736805174397,-0.2981988589871503,-0.5545476985407871,-0.43400212816521305,1,Low,Low,Low,Low,LLLL,0
463,0,5.0,0.0,0.0,0.0,0.0,0.0,0.0,0.0,0.0,0.0,0.0,0.0,0.0,0.0,0.0,0.0,0.0,179.0,2307.82,45.0,112.0,174.0,5334.48,2.0,172.0,-0.5235455093365591,-0.5017843907925855,-0.15513899781143897,-0.0549245708144184,1,Low,Low,Low,Low,LLLL,0
464,1,20.0,8.0,7.0,1.0,4.0,72.0,1.0,0.0,1.0,1.0,0.0,1.0,1.0,0.0,0.0,0.0,0.0,53.0,1267.92,19.0,27.0,66.0,1050.0,3.0,59.0,-0.10951314304156151,-0.3072258953071125,-1.268004038397956,-1.0719981433299541,1,Low,Low,Low,Low,LLLL,0
465,0,12.0,38.0,70.0,1.0,37.0,405.0,2.0,10.0,1.0,22.0,39.0,1.0,27.0,317.0,5.0,13.0,2.0,1849.0,2192.81,274.0,43.0,715.0,2329.93,155.0,117.0,0.787822654274678,0.6946645827845727,0.9460766214025835,0.29052241780139215,0,High,High,High,High,HHHH,4
466,0,34.0,2.0,4.0,3.0,4.0,601.0,8.0,3.0,4.0,11.0,10.0,3.0,9.0,32.0,3.0,0.0,3.0,1420.0,1517.32,191.0,26.0,298.0,2872.15,56.0,77.0,0.7590432731476885,0.36310396518114046,0.12628897714828902,-0.41043388494626065,1,High,High,High,Low,HHHL,3
467,0,14.0,0.0,0.0,0.0,0.0,15.0,1.0,0.0,1.0,0.0,0.0,0.0,0.0,0.0,0.0,0.0,0.0,2428.0,1586.12,324.0,102.0,686.0,1350.87,146.0,300.0,-0.3344643251154706,-0.4293525008374373,1.7629907065960682,0.6773519661967007,0,Low,Low,High,High,LLHH,2
468,0,4.0,3.0,3.0,2.0,3.0,85.0,5.0,1.0,2.0,4.0,7.0,2.0,7.0,0.0,0.0,0.0,0.0,449.0,1559.47,199.0,85.0,306.0,2333.33,85.0,177.0,0.032843236632387675,-0.31649567118165706,0.04959418684928657,-0.06065516788998887,1,High,Low,High,Low,HLHL,2
469,1,29.0,16.0,17.0,1.0,6.0,0.0,0.0,0.0,1.0,5.0,5.0,1.0,1.0,0.0,0.0,0.0,0.0,830.0,1740.72,237.0,9.0,262.0,1675.19,101.0,37.0,-0.001090671314250843,-0.22103384782601887,-0.17418336052375927,-0.5641117961560941,1,Low,Low,Low,Low,LLLL,0
470,1,21.0,2.0,3.0,1.0,3.0,920.0,4.0,28.0,5.0,4.0,4.0,1.0,8.0,766.0,1.0,8.0,2.0,791.0,3160.43,233.0,32.0,870.0,1654.14,163.0,140.0,1.1999101918808783,0.31780857572811744,0.34812917733444404,0.4075995059630609,0,High,High,High,High,HHHH,4
471,1,13.0,0.0,1.0,1.0,1.0,287.0,2.0,4.0,2.0,4.0,5.0,2.0,4.0,88.0,0.0,1.0,1.0,349.0,1578.22,157.0,12.0,286.0,2291.96,94.0,62.0,0.02151161947660048,-0.14182688064036994,-0.7205529423005825,-0.40902190668347715,1,High,Low,Low,Low,HLLL,1
472,0,72.0,25.0,27.0,4.0,17.0,246.0,4.0,5.0,4.0,58.0,59.0,9.0,34.0,125.0,3.0,2.0,5.0,394.0,1634.77,156.0,43.0,946.0,2093.02,166.0,82.0,1.3068976826410559,1.608697715010161,-0.4307735605053735,0.35026556186395413,0,High,High,Low,High,HHLH,3
473,0,8.0,1.0,2.0,1.0,2.0,189.0,0.0,2.0,1.0,3.0,2.0,1.0,3.0,156.0,0.0,3.0,1.0,766.0,1536.81,223.0,2.0,398.0,1436.68,102.0,20.0,-0.21510540224713115,-0.184220760152534,-0.36437047990073657,-0.5509727558618487,1,Low,Low,Low,Low,LLLL,0
474,0,23.0,90.0,86.0,7.0,57.0,1025.0,8.0,4.0,4.0,41.0,31.0,5.0,32.0,507.0,7.0,3.0,3.0,826.0,2043.7,216.0,29.0,573.0,1496.86,196.0,23.0,2.1307012650706683,0.9296959546556004,0.0023522654543653987,-0.07159106999724973,0,High,High,High,Low,HHHL,3
475,0,12.0,22.0,25.0,1.0,12.0,0.0,0.0,0.0,0.0,32.0,38.0,1.0,25.0,0.0,0.0,0.0,0.0,1037.0,1636.55,256.0,70.0,472.0,1113.56,110.0,260.0,-0.12417736936454357,-0.1132452961725545,0.47339428863749294,0.23882740974440342,1,Low,Low,High,High,LLHH,2
476,1,27.0,1.0,1.0,1.0,2.0,0.0,0.0,0.0,1.0,7.0,12.0,1.0,4.0,0.0,0.0,0.0,2.0,1730.0,1868.32,244.0,17.0,1279.0,3311.26,232.0,42.0,-0.1503919469354181,-0.04561106953625936,0.4900372924918359,0.8645241257414329,0,Low,Low,High,High,LLHH,2
477,1,11.0,0.0,0.0,0.0,0.0,0.0,0.0,0.0,0.0,16.0,16.0,1.0,4.0,0.0,0.0,0.0,0.0,119.0,1900.84,59.0,5.0,114.0,2460.53,59.0,36.0,-0.4752575826997936,-0.31318219787122903,-1.1218500921853483,-0.7145452987205954,1,Low,Low,Low,Low,LLLL,0
478,0,19.0,0.0,0.0,0.0,0.0,35.0,1.0,1.0,1.0,0.0,0.0,0.0,0.0,0.0,0.0,0.0,0.0,779.0,1675.61,221.0,97.0,353.0,1533.99,32.0,310.0,-0.2632870433569556,-0.38911256197346616,0.44208248049298504,0.08903041026481162,1,Low,Low,High,High,LLHH,2
479,0,18.0,4.0,5.0,1.0,1.0,39.0,0.0,4.0,1.0,0.0,1.0,1.0,1.0,0.0,0.0,0.0,0.0,764.0,1660.21,192.0,0.0,134.0,1961.19,34.0,0.0,-0.09396264745395465,-0.3232970894780872,-0.44110929597149096,-0.9722479570864141,1,Low,Low,Low,Low,LLLL,0
480,0,13.0,24.0,18.0,2.0,6.0,624.0,4.0,1.0,2.0,37.0,25.0,1.0,15.0,3582.0,6.0,2.0,1.0,632.0,1861.23,212.0,12.0,107.0,1474.77,65.0,19.0,0.30113428704572026,0.6325502092855216,-0.31228755004650754,-0.8869608322983649,1,High,High,Low,Low,HHLL,2
481,1,0.0,187.0,142.0,3.0,44.0,9.0,0.0,1.0,2.0,610.0,413.0,4.0,51.0,587.0,0.0,2.0,1.0,920.0,2221.63,213.0,43.0,342.0,2075.44,81.0,156.0,1.3181596986262472,1.8295163901139975,0.21024384776427907,-0.15114462470767903,0,High,High,High,Low,HHHL,3
482,0,19.0,0.0,0.0,0.0,0.0,0.0,0.0,0.0,0.0,20.0,12.0,2.0,9.0,2293.0,4.0,0.0,1.0,986.0,1283.67,148.0,27.0,258.0,1154.65,61.0,73.0,-0.4108736805174397,0.36064778147942406,-0.3169868536048041,-0.6696256447762511,1,Low,High,Low,Low,LHLL,1
483,0,14.0,0.0,0.0,0.0,0.0,0.0,0.0,0.0,0.0,0.0,0.0,0.0,0.0,133.0,0.0,1.0,1.0,769.0,2684.4,181.0,37.0,478.0,3733.05,118.0,92.0,-0.451113619381411,-0.29911378095245245,0.09678522766295837,0.10515998953157009,1,Low,Low,High,High,LLHH,2
484,1,15.0,9.0,14.0,1.0,5.0,0.0,0.0,0.0,0.0,0.0,0.0,0.0,0.0,0.0,0.0,0.0,0.0,380.0,1733.68,133.0,19.0,199.0,2517.59,66.0,48.0,-0.24121954985430183,-0.4213045130646431,-0.6754256644435639,-0.5839740068850929,1,Low,Low,Low,Low,LLLL,0
485,0,101.0,30.0,27.0,4.0,22.0,513.0,9.0,5.0,10.0,90.0,84.0,9.0,42.0,363.0,5.0,1.0,4.0,1037.0,1535.87,254.0,21.0,1128.0,2574.2,231.0,18.0,2.304813143811897,1.9658500704467896,0.044915033105257435,0.5777968117696559,0,High,High,High,High,HHHH,4
486,1,57.0,2.0,3.0,1.0,1.0,0.0,0.0,0.0,0.0,1.0,1.0,1.0,1.0,0.0,0.0,0.0,1.0,594.0,1310.61,176.0,27.0,505.0,1599.8,136.0,87.0,0.003072373571688362,0.07138920060597732,-0.46469052841834235,-0.1204362452629908,1,High,High,Low,Low,HHLL,2
487,0,31.0,0.0,0.0,0.0,0.0,0.0,0.0,0.0,0.0,0.0,0.0,0.0,0.0,0.0,0.0,0.0,0.0,673.0,1631.95,175.0,23.0,126.0,2009.52,30.0,60.0,-0.31429782724390887,-0.2925367086999352,-0.367959599610054,-0.7972818781538719,1,Low,Low,Low,Low,LLLL,0
488,0,8.0,5.0,11.0,1.0,5.0,0.0,0.0,0.0,0.0,14.0,18.0,1.0,10.0,0.0,0.0,0.0,0.0,491.0,1716.29,146.0,22.0,694.0,1744.24,137.0,97.0,-0.318817852748384,-0.29905704325466737,-0.5500113665042824,0.06749835917047294,1,Low,Low,Low,High,LLLH,1
489,0,9.0,3.0,6.0,2.0,3.0,0.0,0.0,0.0,0.0,30.0,21.0,2.0,8.0,170.0,0.0,2.0,1.0,433.0,2097.92,127.0,38.0,624.0,2230.29,150.0,219.0,-0.26838761207307893,-0.04015485917091563,-0.41203164515539636,0.5149252397760018,1,Low,Low,Low,High,LLLH,1
490,0,18.0,1.0,1.0,1.0,1.0,36.0,1.0,1.0,1.0,1.0,1.0,1.0,2.0,2.0,1.0,0.0,1.0,423.0,1695.74,133.0,31.0,347.0,1883.86,113.0,75.0,-0.1721756638859395,-0.20178447697002252,-0.5622747683060868,-0.3130443544866248,1,Low,Low,Low,Low,LLLL,0
491,0,11.0,8.0,7.0,2.0,6.0,425.0,7.0,2.0,2.0,6.0,8.0,3.0,7.0,599.0,15.0,4.0,4.0,713.0,2758.91,235.0,60.0,350.0,6700.29,87.0,85.0,0.2806467470976354,0.8510166514250253,0.4280193892211297,0.2900031730670487,0,High,High,High,High,HHHH,4
492,0,26.0,38.0,35.0,4.0,16.0,850.0,10.0,10.0,3.0,80.0,68.0,6.0,42.0,1104.0,5.0,8.0,4.0,1027.0,1407.11,247.0,17.0,682.0,2381.52,140.0,37.0,1.2985982122505066,1.4566332692366117,-0.04790883905526039,-0.03074793467023204,0,High,High,Low,Low,HHLL,2
493,0,3.0,0.0,0.0,0.0,0.0,0.0,0.0,0.0,0.0,0.0,0.0,0.0,0.0,0.0,0.0,0.0,0.0,1146.0,2035.6,149.0,48.0,897.0,2896.66,67.0,164.0,-0.5396414848821476,-0.517880366338174,0.1496543969886091,0.32734569416655457,1,Low,Low,High,High,LLHH,2
494,0,14.0,12.0,12.0,3.0,11.0,34.0,1.0,0.0,1.0,14.0,14.0,5.0,13.0,0.0,0.0,0.0,1.0,871.0,2779.22,259.0,41.0,776.0,1865.34,168.0,117.0,0.09823472653691302,0.10529506388580731,0.4464339504321333,0.31630839400547417,0,High,High,High,High,HHHH,4
495,0,1.0,9.0,7.0,2.0,8.0,6928.0,18.0,13.0,2.0,8.0,9.0,2.0,4.0,2865.0,5.0,7.0,2.0,157.0,1278.34,71.0,18.0,95.0,3053.68,19.0,74.0,1.8413265882085854,0.5847073663998645,-1.1212469798040723,-0.6709986866955605,1,High,High,Low,Low,HHLL,2
496,0,13.0,0.0,0.0,0.0,0.0,0.0,0.0,0.0,0.0,0.0,0.0,0.0,0.0,0.0,0.0,0.0,0.0,64.0,1148.44,42.0,0.0,42.0,1021.43,6.0,0.0,-0.4591616071542052,-0.4374004886102316,-1.4429263668634056,-1.2672330421382432,1,Low,Low,Low,Low,LLLL,0
497,1,9.0,0.0,0.0,0.0,0.0,0.0,0.0,0.0,0.0,0.0,0.0,0.0,0.0,0.0,0.0,0.0,0.0,244.0,1563.93,66.0,95.0,524.0,1818.32,112.0,291.0,-0.4913535582453821,-0.46959243970140857,-0.38591958216141875,0.4769866172410806,1,Low,Low,Low,High,LLLH,1
498,0,2.0,0.0,0.0,0.0,0.0,0.0,0.0,0.0,0.0,0.0,0.0,0.0,0.0,0.0,0.0,0.0,0.0,414.0,2159.42,122.0,53.0,210.0,2031.43,33.0,167.0,-0.5476894726549417,-0.5259283541109682,-0.3009406751214116,-0.38844173077835653,1,Low,Low,Low,Low,LLLL,0
499,1,25.0,11.0,10.0,3.0,7.0,140.0,0.0,3.0,1.0,25.0,15.0,4.0,28.0,651.0,6.0,3.0,3.0,698.0,1846.42,169.0,20.0,368.0,2265.49,86.0,102.0,0.21166048804272364,0.7900071075723346,-0.33864197289565523,-0.25818112253215664,1,High,High,Low,Low,HHLL,2
500,0,2.0,0.0,0.0,0.0,0.0,0.0,0.0,0.0,0.0,1.0,1.0,1.0,1.0,46.0,2.0,1.0,2.0,196.0,2914.29,73.0,62.0,173.0,4295.38,10.0,163.0,-0.5476894726549417,-0.1841091297061147,-0.3074919419830826,-0.19814582575134584,1,Low,Low,Low,Low,LLLL,0
501,0,2.0,0.0,0.0,0.0,0.0,0.0,0.0,0.0,0.0,0.0,0.0,0.0,0.0,0.0,0.0,0.0,0.0,554.0,3422.38,121.0,54.0,106.0,5844.34,21.0,81.0,-0.5476894726549417,-0.5259283541109682,0.11978517558440725,-0.24983787505380395,1,Low,Low,High,Low,LLHL,1
502,0,19.0,0.0,0.0,0.0,0.0,134.0,1.0,1.0,1.0,0.0,0.0,0.0,0.0,20.0,0.0,1.0,1.0,722.0,1849.86,234.0,83.0,362.0,1901.93,61.0,158.0,-0.24781873410133068,-0.27346892468471506,0.37841724881142214,-0.22669368276920573,1,Low,Low,High,Low,LLHL,1
503,0,49.0,1.0,4.0,3.0,4.0,525.0,0.0,3.0,2.0,14.0,7.0,5.0,7.0,60.0,3.0,0.0,2.0,537.0,2214.53,148.0,22.0,532.0,2314.29,132.0,41.0,0.47445312534806383,0.5272336667159819,-0.38573682689336414,-0.16185413497752082,1,High,High,Low,Low,HHLL,2
504,0,12.0,0.0,0.0,0.0,0.0,93.0,2.0,1.0,1.0,0.0,0.0,0.0,0.0,24.0,0.0,1.0,1.0,304.0,1317.43,104.0,58.0,639.0,1370.42,180.0,209.0,-0.28359558873498014,-0.3292881990023726,-0.6009110790633484,0.4837252130003076,1,Low,Low,Low,High,LLLH,1
505,0,25.0,9.0,10.0,2.0,8.0,98.0,3.0,4.0,1.0,14.0,15.0,5.0,10.0,333.0,0.0,2.0,2.0,1517.0,1954.45,268.0,92.0,678.0,1883.63,200.0,286.0,0.2343210415546156,0.3660846054554012,1.060909165313658,0.8955727828974922,0,High,High,High,High,HHHH,4
506,0,16.0,12.0,18.0,2.0,8.0,275.0,1.0,9.0,2.0,5.0,9.0,2.0,4.0,0.0,0.0,0.0,0.0,865.0,2489.83,286.0,33.0,503.0,3209.34,161.0,88.0,0.3954612735113513,-0.23443461586746503,0.382168319635096,0.19293087746242382,1,High,Low,High,High,HLHH,3
507,1,19.0,18.0,24.0,2.0,15.0,374.0,7.0,8.0,2.0,16.0,10.0,1.0,17.0,253.0,4.0,2.0,1.0,789.0,2388.21,197.0,15.0,459.0,2347.71,136.0,43.0,0.6737896015654506,0.1405483486291614,-0.09923308089150945,-0.18796256141113554,1,High,High,Low,Low,HHLL,2
508,0,10.0,0.0,0.0,0.0,0.0,0.0,0.0,0.0,0.0,0.0,0.0,0.0,0.0,30.0,0.0,2.0,1.0,584.0,2356.85,130.0,7.0,545.0,1418.53,177.0,26.0,-0.48330557047258793,-0.31084840556452575,-0.49449619331195493,-0.16108671260584662,1,Low,Low,Low,Low,LLLL,0
509,0,16.0,0.0,2.0,1.0,2.0,0.0,0.0,0.0,0.0,4.0,3.0,1.0,4.0,0.0,0.0,0.0,0.0,901.0,2768.92,216.0,24.0,308.0,2645.45,86.0,68.0,-0.3262505734888054,-0.3111428909130052,0.19730209336944002,-0.35483463235405366,1,Low,Low,High,Low,LLHL,1
510,0,19.0,0.0,0.0,0.0,0.0,35.0,1.0,1.0,2.0,0.0,0.0,0.0,0.0,16.0,0.0,1.0,1.0,262.0,1870.99,94.0,47.0,149.0,1888.59,20.0,105.0,-0.1759465595569758,-0.2739855647766172,-0.5999071581737974,-0.6924889020680168,1,Low,Low,Low,Low,LLLL,0
511,0,0.0,0.0,0.0,0.0,0.0,0.0,0.0,0.0,0.0,0.0,0.0,0.0,0.0,0.0,0.0,0.0,0.0,35.0,780.0,0.0,35.0,74.0,506.76,0.0,74.0,-0.5637854482005302,-0.5420243296565567,-1.398193934164304,-1.1048798091251921,1,Low,Low,Low,Low,LLLL,0
512,1,45.0,108.0,101.0,6.0,31.0,86.0,0.0,4.0,2.0,249.0,229.0,7.0,55.0,974.0,7.0,0.0,3.0,813.0,2004.8,205.0,60.0,1430.0,2121.19,286.0,166.0,1.5341033367788202,1.9642556433785667,0.20241347708139099,1.3906643248740276,0,High,High,High,High,HHHH,4
513,0,9.0,11.0,13.0,2.0,6.0,0.0,0.0,0.0,0.0,1.0,1.0,2.0,2.0,73.0,1.0,1.0,2.0,609.0,1706.4,168.0,5.0,751.0,1440.88,172.0,23.0,-0.19355711746745685,-0.0860319543968256,-0.5534896434773656,-0.040408139035250645,1,Low,Low,Low,Low,LLLL,0
514,0,11.0,0.0,0.0,0.0,0.0,0.0,0.0,0.0,0.0,0.0,0.0,0.0,0.0,15.0,1.0,1.0,1.0,1318.0,1716.01,291.0,35.0,691.0,1363.68,165.0,232.0,-0.4752575826997936,-0.3044290273292083,0.4849981841113452,0.5375918967962561,1,Low,Low,High,High,LLHH,2
515,0,2.0,0.0,0.0,0.0,0.0,0.0,0.0,0.0,0.0,0.0,0.0,0.0,0.0,0.0,0.0,0.0,0.0,490.0,2319.18,146.0,29.0,219.0,2421.92,70.0,102.0,-0.5476894726549417,-0.5259283541109682,-0.33612779291225786,-0.3991511599057226,1,Low,Low,Low,Low,LLLL,0
516,0,1.0,0.0,0.0,0.0,0.0,0.0,0.0,0.0,0.0,0.0,0.0,0.0,0.0,0.0,0.0,0.0,0.0,177.0,2003.39,63.0,73.0,298.0,2928.52,5.0,286.0,-0.5557374604277361,-0.5339763418837625,-0.49818979934118346,0.06975972915455841,1,Low,Low,Low,High,LLLH,1
517,0,6.0,0.0,0.0,0.0,0.0,244.0,1.0,1.0,1.0,0.0,0.0,0.0,0.0,0.0,0.0,0.0,0.0,272.0,1640.07,82.0,64.0,265.0,4025.66,51.0,124.0,-0.3352555648636281,-0.49373640301979127,-0.5523518895504352,-0.14530659030640947,1,Low,Low,Low,Low,LLLL,0
518,0,5.0,0.0,0.0,0.0,0.0,0.0,0.0,0.0,0.0,0.0,0.0,0.0,0.0,0.0,0.0,0.0,0.0,789.0,1730.42,185.0,5.0,481.0,1532.43,118.0,38.0,-0.5235455093365591,-0.5017843907925855,-0.38784347726940277,-0.36524000734572193,1,Low,Low,Low,Low,LLLL,0
519,0,16.0,0.0,2.0,1.0,2.0,0.0,0.0,0.0,0.0,10.0,13.0,3.0,5.0,43.0,1.0,0.0,1.0,905.0,2370.83,227.0,43.0,342.0,1989.47,77.0,130.0,-0.3262505734888054,-0.029452591159660577,0.28162775545267066,-0.25900206769217515,1,Low,Low,High,Low,LLHL,1
520,0,14.0,0.0,0.0,0.0,0.0,0.0,0.0,0.0,0.0,0.0,0.0,0.0,0.0,0.0,0.0,0.0,0.0,1133.0,2547.48,182.0,40.0,386.0,3857.25,59.0,124.0,-0.451113619381411,-0.4293525008374373,0.30873297903190755,-0.05450464312491905,1,Low,Low,High,Low,LLHL,1
521,1,64.0,23.0,24.0,3.0,19.0,614.0,5.0,2.0,2.0,48.0,42.0,2.0,34.0,1546.0,8.0,11.0,2.0,407.0,2340.29,146.0,0.0,397.0,3617.38,132.0,0.0,0.9899991649689893,1.461141265597018,-0.615383516696711,-0.20617676696907278,0,High,High,Low,Low,HHLL,2
522,0,9.0,0.0,0.0,0.0,0.0,7.0,0.0,2.0,2.0,8.0,7.0,1.0,8.0,6322.0,5.0,5.0,3.0,1711.0,2073.87,227.0,64.0,257.0,1936.58,69.0,153.0,-0.2599540079415432,1.0638217270183006,0.8621087105100728,-0.2827310013378393,0,Low,High,High,Low,LHHL,2
523,0,11.0,3.0,2.0,1.0,1.0,0.0,0.0,0.0,0.0,0.0,0.0,0.0,0.0,0.0,0.0,0.0,0.0,528.0,2402.84,181.0,41.0,356.0,2194.38,97.0,79.0,-0.36714478672417583,-0.4534964641558201,-0.09066021195896874,-0.30901045058864535,1,Low,Low,Low,Low,LLLL,0
524,1,51.0,7.0,7.0,2.0,3.0,5.0,1.0,0.0,1.0,18.0,25.0,2.0,8.0,88.0,0.0,2.0,2.0,1097.0,2302.1,261.0,35.0,1053.0,2891.17,170.0,124.0,0.19989102180470752,0.35454714719311653,0.4158426226745561,0.6817351215021904,0,High,High,High,High,HHHH,4
525,1,28.0,0.0,0.0,0.0,0.0,0.0,0.0,0.0,0.0,0.0,0.0,0.0,0.0,0.0,0.0,0.0,0.0,891.0,1339.06,274.0,36.0,664.0,2946.69,125.0,66.0,-0.33844179056229157,-0.31668067201831795,0.0853224651678773,0.07141919530682078,1,Low,Low,High,High,LLHH,2
526,0,4.0,0.0,3.0,1.0,1.0,0.0,0.0,0.0,1.0,0.0,0.0,0.0,0.0,0.0,0.0,0.0,0.0,125.0,2011.2,63.0,10.0,99.0,3445.45,43.0,24.0,-0.34219712894143667,-0.5098323785653798,-1.0370549012724852,-0.6847760769372943,1,Low,Low,Low,Low,LLLL,0
527,0,9.0,15.0,16.0,2.0,12.0,109.0,3.0,0.0,1.0,34.0,29.0,3.0,20.0,271.0,6.0,3.0,2.0,509.0,2272.1,126.0,50.0,263.0,1949.43,15.0,244.0,0.07149725671275642,0.4511409808686379,-0.2262875001128351,-0.18552377344791865,1,High,High,Low,Low,HHLL,2
528,1,21.0,2.0,1.0,2.0,2.0,17.0,0.0,1.0,1.0,2.0,3.0,2.0,4.0,0.0,0.0,0.0,0.0,1227.0,2140.59,251.0,55.0,785.0,2280.76,114.0,124.0,-0.08200541145472426,-0.20797961590405292,0.5844693452512912,0.20737110635719855,1,Low,Low,High,High,LLHH,2
529,1,13.0,0.0,0.0,0.0,0.0,0.0,0.0,0.0,0.0,0.0,0.0,0.0,0.0,0.0,0.0,0.0,0.0,403.0,1978.66,124.0,82.0,348.0,2823.28,89.0,87.0,-0.4591616071542052,-0.4374004886102316,-0.1145469666862905,-0.23174402139758882,1,Low,Low,Low,Low,LLLL,0
530,0,9.0,0.0,0.0,0.0,0.0,0.0,0.0,0.0,0.0,0.0,0.0,0.0,0.0,0.0,0.0,0.0,0.0,1202.0,1650.0,307.0,76.0,255.0,4843.53,14.0,131.0,-0.4913535582453821,-0.46959243970140857,0.7762400149995745,-0.15099275308955434,1,Low,Low,High,Low,LLHL,1
531,0,7.0,24.0,25.0,2.0,16.0,200.0,3.0,4.0,2.0,35.0,31.0,3.0,24.0,75.0,3.0,4.0,2.0,484.0,1758.47,203.0,86.0,886.0,1318.51,192.0,236.0,0.36191395511043556,0.3713563337978792,0.14283505341499936,0.7784306112130717,0,High,High,High,High,HHHH,4
532,0,39.0,2.0,1.0,1.0,1.0,86.0,0.0,1.0,1.0,4.0,3.0,2.0,5.0,0.0,0.0,0.0,0.0,445.0,1392.81,154.0,64.0,1693.0,2045.6,260.0,135.0,-0.019287453323336066,-0.053715632206608896,-0.2993482637826119,1.3744724269594115,0,Low,Low,Low,High,LLLH,1
533,0,11.0,6.0,7.0,1.0,3.0,0.0,0.0,0.0,1.0,2.0,3.0,1.0,1.0,0.0,0.0,0.0,0.0,345.0,1753.04,115.0,108.0,334.0,1252.1,87.0,173.0,-0.2359806999596817,-0.3735228852926964,-0.025170469870331003,-0.19517088446549313,1,Low,Low,Low,Low,LLLL,0
534,0,21.0,0.0,0.0,0.0,0.0,0.0,0.0,0.0,0.0,2.0,1.0,1.0,2.0,220.0,4.0,3.0,1.0,693.0,1429.87,212.0,16.0,552.0,1242.93,175.0,75.0,-0.3947777049718513,0.05552273581341628,-0.3559458013406924,-0.033721857340927114,1,Low,High,Low,Low,LHLL,1
535,0,9.0,19.0,13.0,3.0,10.0,20.0,1.0,0.0,1.0,19.0,15.0,2.0,13.0,0.0,0.0,0.0,0.0,678.0,3084.96,211.0,67.0,803.0,2780.32,178.0,141.0,0.07032938426388417,-0.20298973002215148,0.4778248789876501,0.5726455309507708,0,High,Low,High,High,HLHH,3
536,0,6.0,6.0,2.0,1.0,2.0,0.0,0.0,0.0,0.0,3.0,6.0,1.0,4.0,0.0,0.0,0.0,0.0,891.0,1846.46,222.0,40.0,263.0,2503.8,113.0,63.0,-0.3885305481517176,-0.38851814659424494,0.09677416824073791,-0.32449073352441826,1,Low,Low,High,Low,LLHL,1
537,0,18.0,3.0,3.0,2.0,2.0,89.0,4.0,3.0,2.0,7.0,7.0,2.0,5.0,11.0,1.0,0.0,1.0,630.0,1533.33,232.0,76.0,489.0,1615.95,115.0,194.0,0.16504555836195095,-0.09722828931769038,0.1772538098814525,0.1307911591068447,1,High,Low,High,High,HLHH,3
538,0,16.0,3.0,6.0,1.0,2.0,0.0,0.0,0.0,0.0,2.0,0.0,1.0,2.0,58.0,0.0,1.0,1.0,848.0,1756.13,229.0,15.0,413.0,2878.69,107.0,53.0,-0.30497846225695374,-0.21098106341075157,-0.13438266821846345,-0.22026983361472413,1,Low,Low,Low,Low,LLLL,0
539,0,15.0,3.0,0.0,1.0,1.0,0.0,0.0,0.0,1.0,0.0,0.0,0.0,0.0,0.0,0.0,0.0,0.0,775.0,1944.39,238.0,44.0,551.0,1558.26,154.0,68.0,-0.2536984316826874,-0.4213045130646431,0.1317800743748816,-0.08860010095959023,1,Low,Low,High,Low,LLHL,1
540,0,19.0,9.0,8.0,1.0,5.0,0.0,0.0,0.0,0.0,4.0,3.0,1.0,3.0,322.0,1.0,1.0,2.0,312.0,2339.42,112.0,0.0,919.0,1653.75,217.0,0.0,-0.22728583831212967,-0.025349661595153655,-0.7737272509897803,0.19701089755745005,1,Low,Low,Low,High,LLLH,1
541,0,21.0,10.0,17.0,2.0,5.0,53.0,1.0,0.0,1.0,11.0,15.0,3.0,8.0,147.0,2.0,1.0,2.0,742.0,2078.17,180.0,3.0,441.0,3726.53,113.0,7.0,0.02498997751532295,0.19505478380212196,-0.3562119653478351,-0.2066145539834476,1,High,High,Low,Low,HHLL,2
543,0,35.0,9.0,8.0,2.0,2.0,107.0,2.0,2.0,2.0,10.0,8.0,3.0,8.0,0.0,0.0,0.0,0.0,1096.0,2269.43,244.0,52.0,776.0,1570.36,179.0,236.0,0.2563461866286786,0.015946243811722174,0.49386516066868696,0.6888570996674035,0,High,High,High,High,HHHH,4
544,0,3.0,0.0,0.0,0.0,0.0,0.0,0.0,0.0,0.0,0.0,0.0,0.0,0.0,0.0,0.0,0.0,0.0,576.0,1518.23,187.0,36.0,390.0,3228.46,97.0,78.0,-0.5396414848821476,-0.517880366338174,-0.3159256321503412,-0.14583299114488213,1,Low,Low,Low,Low,LLLL,0
545,1,21.0,0.0,3.0,1.0,3.0,34.0,1.0,0.0,1.0,1.0,0.0,1.0,1.0,0.0,0.0,0.0,0.0,1332.0,2866.44,137.0,40.0,292.0,3194.18,95.0,97.0,-0.1535954091174497,-0.29917790753431817,0.3797899738895779,-0.1671028708284284,1,Low,Low,High,Low,LLHL,1
546,1,19.0,15.0,7.0,1.0,10.0,1803.0,2.0,3.0,1.0,61.0,63.0,2.0,26.0,275.0,2.0,2.0,1.0,709.0,1705.22,205.0,33.0,397.0,3569.02,119.0,63.0,0.3430609115498917,0.34833064775030564,-0.15738230509970003,-0.061882064987398275,1,High,High,Low,Low,HHLL,2
547,0,9.0,4.0,3.0,1.0,1.0,80.0,0.0,2.0,2.0,0.0,0.0,0.0,0.0,0.0,0.0,0.0,0.0,1492.0,1634.52,261.0,69.0,699.0,1241.2,197.0,161.0,-0.13435892985691328,-0.46959243970140857,0.7553020023489151,0.4187095693933711,1,Low,Low,High,High,LLHH,2
548,0,2.0,18.0,18.0,2.0,14.0,0.0,0.0,0.0,0.0,31.0,29.0,2.0,19.0,9.0,0.0,2.0,2.0,322.0,1210.25,182.0,0.0,88.0,1142.05,60.0,0.0,-0.1354108047789962,0.04591777686105864,-0.8563812277637908,-1.0237958011226174,1,Low,High,Low,Low,LHLL,1
549,0,8.0,2.0,5.0,2.0,5.0,249.0,2.0,5.0,2.0,18.0,9.0,3.0,9.0,80.0,0.0,2.0,1.0,593.0,1956.83,158.0,41.0,772.0,2710.88,132.0,73.0,0.14357501808057352,-0.024164420649080826,-0.23608878730498734,0.16216198796312994,1,High,Low,Low,High,HLLH,2
550,1,30.0,0.0,1.0,1.0,1.0,0.0,0.0,0.0,0.0,0.0,0.0,0.0,0.0,72.0,0.0,1.0,1.0,528.0,1868.75,159.0,12.0,421.0,1752.97,157.0,35.0,-0.22637601049843445,-0.17822473798925134,-0.5300745651077918,-0.24609832571884133,1,Low,Low,Low,Low,LLLL,0
551,0,12.0,27.0,14.0,3.0,12.0,91.0,2.0,1.0,3.0,30.0,29.0,4.0,18.0,289.0,7.0,3.0,3.0,501.0,2235.33,112.0,55.0,536.0,2091.6,140.0,140.0,0.38184333742475185,0.6381322587305237,-0.24173739440630795,0.1498791993477122,0,High,High,Low,High,HHLH,3
552,0,15.0,0.0,0.0,0.0,0.0,0.0,0.0,0.0,0.0,5.0,5.0,1.0,5.0,54.0,0.0,2.0,1.0,498.0,2219.88,149.0,0.0,156.0,1700.0,72.0,0.0,-0.4430656316086167,-0.15443008627249244,-0.5828981398581536,-0.8558908598983596,1,Low,Low,Low,Low,LLLL,0
553,0,8.0,4.0,5.0,1.0,2.0,0.0,0.0,0.0,0.0,0.0,0.0,0.0,0.0,0.0,0.0,0.0,1.0,1440.0,3303.54,177.0,21.0,357.0,8159.66,96.0,73.0,-0.3693720871866368,-0.3983407994905444,0.5243708016915668,0.490607589277392,1,Low,Low,High,High,LLHH,2
554,0,3.0,8.0,6.0,1.0,8.0,267.0,2.0,2.0,1.0,3.0,0.0,1.0,3.0,0.0,0.0,0.0,0.0,572.0,1682.52,191.0,10.0,124.0,1920.97,42.0,12.0,-0.09729719850806605,-0.42827155779318066,-0.4737228683097186,-0.9183495924210814,1,Low,Low,Low,Low,LLLL,0
555,1,2.0,0.0,0.0,0.0,0.0,0.0,0.0,0.0,0.0,0.0,0.0,0.0,0.0,0.0,0.0,0.0,0.0,1485.0,2247.47,343.0,27.0,406.0,1565.76,176.0,51.0,-0.5476894726549417,-0.5259283541109682,0.8144744999208829,-0.16379300469013933,1,Low,Low,High,Low,LLHL,1
556,1,13.0,15.0,25.0,2.0,9.0,473.0,0.0,1.0,1.0,26.0,40.0,2.0,19.0,3792.0,2.0,8.0,2.0,1433.0,1864.9,392.0,30.0,482.0,2719.92,89.0,195.0,0.10560431909860292,0.9031254905464954,0.8519294618080886,0.18738420060957836,0,High,High,High,High,HHHH,4
557,1,8.0,46.0,54.0,4.0,23.0,873.0,9.0,10.0,2.0,55.0,52.0,3.0,19.0,37.0,1.0,0.0,1.0,465.0,3036.77,153.0,44.0,143.0,10116.08,27.0,36.0,1.1933863462189502,0.12280565499025776,-0.02136448830400168,0.24472362146496193,0,High,High,Low,High,HHLH,3
558,1,8.0,9.0,8.0,1.0,5.0,0.0,0.0,0.0,0.0,10.0,12.0,3.0,8.0,0.0,0.0,0.0,0.0,494.0,1286.84,164.0,49.0,861.0,2186.41,74.0,76.0,-0.31581370381286633,-0.19518974470954445,-0.3891189273084712,-0.04682750674082878,1,Low,Low,Low,Low,LLLL,0
559,0,11.0,0.0,0.0,0.0,0.0,125.0,2.0,0.0,1.0,1.0,0.0,1.0,1.0,112.0,1.0,1.0,2.0,872.0,2364.91,308.0,18.0,1008.0,3150.6,224.0,64.0,-0.3144561509044143,-0.13876219822336497,0.29746813933096256,0.6918744845942876,1,Low,Low,High,High,LLHH,2
560,0,15.0,31.0,37.0,4.0,26.0,876.0,10.0,13.0,5.0,76.0,73.0,4.0,30.0,1122.0,14.0,14.0,4.0,1649.0,1735.42,315.0,31.0,1187.0,2507.92,257.0,50.0,1.5546461130463924,1.672914241424953,0.7293036176856367,0.8042801055921729,0,High,High,High,High,HHHH,4
561,0,8.0,3.0,4.0,2.0,2.0,1080.0,7.0,6.0,3.0,10.0,9.0,2.0,8.0,2195.0,13.0,4.0,3.0,719.0,1368.15,145.0,20.0,442.0,1474.21,115.0,48.0,0.49412122000077663,0.8335900454646497,-0.5221411270686162,-0.3801233718275754,1,High,High,Low,Low,HHLL,2
562,1,16.0,0.0,0.0,0.0,0.0,0.0,0.0,0.0,0.0,1.0,0.0,1.0,1.0,0.0,0.0,0.0,0.0,180.0,1520.0,97.0,4.0,9.0,2466.67,5.0,4.0,-0.4350176438358224,-0.3394178463982894,-1.0803334214699636,-1.0825165155785768,1,Low,Low,Low,Low,LLLL,0
563,0,16.0,0.0,0.0,0.0,0.0,0.0,0.0,0.0,0.0,0.0,0.0,0.0,0.0,0.0,0.0,0.0,0.0,1053.0,1595.44,199.0,13.0,484.0,989.88,174.0,22.0,-0.4350176438358224,-0.41325652529184886,-0.1571180181983387,-0.286409462372473,1,Low,Low,Low,Low,LLLL,0
564,0,16.0,0.0,1.0,1.0,1.0,0.0,0.0,0.0,0.0,8.0,10.0,1.0,5.0,16.0,1.0,1.0,1.0,674.0,1935.635,185.0,49.0,430.0,2194.175,103.0,105.0,-0.3390478393175538,-0.13873637000109737,-0.048022748193753156,-0.15372104523205002,1,Low,Low,Low,Low,LLLL,0
565,0,1.0,0.0,0.0,0.0,0.0,0.0,0.0,0.0,0.0,0.0,0.0,0.0,0.0,0.0,0.0,0.0,0.0,244.0,2636.07,67.0,79.0,174.0,2046.55,10.0,164.0,-0.5557374604277361,-0.5339763418837625,-0.2315521742710441,-0.503940416257904,1,Low,Low,Low,Low,LLLL,0
567,0,20.0,4.0,6.0,3.0,7.0,247.0,4.0,1.0,2.0,18.0,8.0,2.0,9.0,258.0,6.0,3.0,3.0,920.0,2200.43,201.0,41.0,351.0,2349.57,112.0,98.0,0.29430957179080064,0.4246860450395346,0.15303435638311544,-0.1775067223690233,1,High,High,High,Low,HHHL,3
568,0,12.0,2.0,2.0,1.0,2.0,0.0,0.0,0.0,0.0,8.0,7.0,1.0,5.0,0.0,0.0,0.0,0.0,636.0,3751.42,180.0,23.0,687.0,3204.8,137.0,46.0,-0.35237589022497223,-0.32474467894999504,0.17946808954525462,0.10357761314213462,1,Low,Low,High,High,LLHH,2
569,1,18.0,70.0,38.0,1.0,37.0,405.0,10.0,2.0,1.0,41.0,22.0,2.0,29.0,276.0,13.0,4.0,1.0,1560.0,1830.96,338.0,51.0,953.0,3165.27,143.0,59.0,0.8290210154897102,0.7083692984581931,0.9301171544466682,0.34781080630421035,0,High,High,High,High,HHHH,4
570,0,6.0,8.0,8.0,1.0,4.0,0.0,0.0,0.0,0.0,31.0,21.0,1.0,11.0,0.0,0.0,0.0,0.0,344.0,1792.15,76.0,19.0,204.0,945.59,74.0,58.0,-0.34469722243987416,-0.278405969583513,-0.8504888046838537,-0.7367022266073282,1,Low,Low,Low,Low,LLLL,0
571,1,11.0,4.0,1.0,1.0,4.0,0.0,0.0,0.0,0.0,3.0,1.0,1.0,4.0,210.0,2.0,0.0,1.0,948.0,1639.87,212.0,33.0,148.0,835.14,27.0,117.0,-0.337891831759762,-0.18141537729650165,-0.008957677364933803,-0.7753654035538957,1,Low,Low,Low,Low,LLLL,0
572,0,25.0,7.0,6.0,3.0,7.0,987.0,8.0,9.0,4.0,16.0,19.0,3.0,7.0,570.0,3.0,2.0,4.0,684.0,1794.74,110.0,0.0,362.0,3237.85,75.0,7.0,0.9643120997864796,0.515676539364627,-0.6968474896189034,-0.4663476853339882,1,High,High,Low,Low,HHLL,2
573,0,5.0,0.0,0.0,0.0,0.0,0.0,0.0,0.0,0.0,0.0,0.0,0.0,0.0,0.0,0.0,0.0,0.0,184.0,2308.7,28.0,128.0,349.0,1569.63,7.0,326.0,-0.5235455093365591,-0.5017843907925855,-0.07277965743219372,0.05132641076521938,1,Low,Low,Low,High,LLLH,1
574,0,22.0,2.0,1.0,1.0,1.0,561.0,0.0,3.0,1.0,14.0,15.0,3.0,6.0,0.0,0.0,0.0,0.0,51.0,1541.18,27.0,4.0,15.0,2760.0,3.0,12.0,-0.026261746275822916,-0.08457745076514096,-1.3599655350465636,-1.0199931886926517,1,Low,Low,Low,Low,LLLL,0
575,0,16.0,3.0,3.0,1.0,2.0,186.0,2.0,0.0,2.0,5.0,7.0,3.0,4.0,0.0,0.0,0.0,0.0,598.0,2435.12,179.0,37.0,605.0,3377.85,189.0,62.0,-0.056434688005863536,-0.17156084247171144,-0.07804209338199686,0.3071467597212619,1,Low,Low,Low,High,LLLH,1
576,0,19.0,0.0,0.0,0.0,0.0,0.0,0.0,0.0,0.0,0.0,0.0,0.0,0.0,0.0,0.0,0.0,0.0,900.0,2325.33,205.0,105.0,286.0,1395.1,88.0,145.0,-0.4108736805174397,-0.38911256197346616,0.7029355950582298,-0.2935675602658778,1,Low,Low,High,Low,LLHL,1
578,0,59.0,366.0,431.0,4.0,111.0,4177.0,31.0,55.0,4.0,637.0,727.0,7.0,199.0,4369.0,23.0,32.0,3.0,774.0,1824.81,229.0,54.0,930.0,2048.39,168.0,155.0,7.115801645373499,6.412908796544516,0.15409958979763405,0.5692137388788037,0,High,High,High,High,HHHH,4
579,0,3.0,0.0,0.0,0.0,0.0,0.0,0.0,0.0,0.0,0.0,0.0,0.0,0.0,0.0,0.0,0.0,0.0,100.0,3690.0,17.0,67.0,589.0,2219.69,59.0,198.0,-0.5396414848821476,-0.517880366338174,-0.28769392850612807,0.09522777990294082,1,Low,Low,Low,High,LLLH,1
580,0,17.0,6.0,6.0,3.0,8.0,130.0,0.0,1.0,1.0,27.0,19.0,3.0,14.0,190.0,4.0,1.0,2.0,1246.0,2139.73,273.0,68.0,763.0,1978.9,217.0,148.0,0.07250474682943307,0.3051773729171564,0.7659301246204057,0.5965462610359045,0,High,High,High,High,HHHH,4
581,0,18.0,0.0,0.0,0.0,0.0,0.0,0.0,0.0,0.0,0.0,0.0,0.0,0.0,0.0,0.0,0.0,0.0,674.0,1935.635,185.0,49.0,430.0,2194.175,103.0,105.0,-0.418921668290234,-0.39716054974626036,-0.048022748193753156,-0.15372104523205002,1,Low,Low,Low,Low,LLLL,0
582,0,16.0,3.0,2.0,2.0,3.0,137.0,2.0,5.0,2.0,1.0,1.0,1.0,2.0,0.0,0.0,0.0,0.0,627.0,2867.94,160.0,32.0,442.0,2889.37,65.0,116.0,0.16485516447800058,-0.33150800019795873,-0.04373169361048801,-0.15185463623034148,1,High,Low,Low,Low,HLLL,1
583,0,28.0,0.0,3.0,1.0,2.0,7.0,0.0,3.0,2.0,7.0,12.0,2.0,8.0,966.0,2.0,2.0,1.0,522.0,2298.85,156.0,20.0,599.0,1104.34,204.0,27.0,0.03258030194721018,0.23500000696885792,-0.3652586389537673,-0.06596944535274163,1,High,High,Low,Low,HHLL,2
584,0,6.0,37.0,32.0,3.0,7.0,113.0,5.0,3.0,3.0,16.0,25.0,3.0,8.0,66.0,3.0,2.0,2.0,663.0,2509.5,216.0,36.0,459.0,1962.09,63.0,365.0,0.5098498193511424,0.15467831201511023,0.08215830744779885,0.5068756711315316,0,High,High,High,High,HHHH,4
585,0,5.0,1.0,2.0,1.0,2.0,85.0,1.0,3.0,1.0,7.0,11.0,2.0,7.0,0.0,0.0,0.0,0.0,1226.0,1841.11,289.0,61.0,823.0,2064.64,228.0,186.0,-0.20072134338209885,-0.29774258518039276,0.6663197203205975,0.8094869754862482,0,Low,Low,High,High,LLHH,2
586,0,9.0,14.0,17.0,3.0,14.0,99.0,2.0,3.0,2.0,27.0,32.0,3.0,13.0,435.0,3.0,3.0,2.0,367.0,1741.96,110.0,9.0,455.0,1315.38,149.0,36.0,0.3164381668330713,0.31953873290652307,-0.8300072682028645,-0.30808120121998883,1,High,High,Low,Low,HHLL,2
587,0,9.0,0.0,0.0,0.0,0.0,0.0,0.0,0.0,0.0,0.0,0.0,0.0,0.0,0.0,0.0,0.0,0.0,713.0,1954.0,192.0,0.0,430.0,2058.84,143.0,0.0,-0.4913535582453821,-0.46959243970140857,-0.3950761350227472,-0.357928488936365,1,Low,Low,Low,Low,LLLL,0
588,1,19.0,6.0,7.0,3.0,7.0,0.0,0.0,0.0,0.0,15.0,13.0,3.0,13.0,41.0,1.0,0.0,1.0,583.0,1575.13,164.0,11.0,407.0,1752.83,161.0,41.0,-0.05357530058260986,0.05296815383421443,-0.5669389179316164,-0.2227354546192543,1,Low,High,Low,Low,LHLL,1
589,1,23.0,3.0,3.0,2.0,4.0,6.0,0.0,1.0,1.0,17.0,22.0,5.0,13.0,68.0,1.0,1.0,2.0,476.0,1782.98,146.0,26.0,483.0,2457.14,130.0,79.0,-0.03900028810253664,0.35050465145791776,-0.5092936397417072,-0.06459636786251852,1,Low,High,Low,Low,LHLL,1
590,0,44.0,0.0,0.0,0.0,0.0,0.0,0.0,0.0,0.0,0.0,1.0,1.0,1.0,0.0,0.0,0.0,0.0,113.0,825.66,56.0,14.0,177.0,1084.75,54.0,34.0,-0.20967398619758373,-0.11404940738543698,-1.3431638249302997,-0.8839049957386802,1,Low,Low,Low,Low,LLLL,0
591,0,0.0,0.0,0.0,0.0,0.0,0.0,0.0,0.0,0.0,0.0,0.0,0.0,0.0,0.0,0.0,0.0,0.0,524.0,2176.72,176.0,29.0,204.0,1589.71,57.0,110.0,-0.5637854482005302,-0.5420243296565567,-0.26411644859302613,-0.54599473688667,1,Low,Low,Low,Low,LLLL,0
592,0,3.0,1.0,0.0,1.0,1.0,31.0,1.0,0.0,1.0,3.0,2.0,1.0,2.0,68.0,0.0,1.0,1.0,127.0,3340.16,41.0,47.0,151.0,3208.61,34.0,65.0,-0.32453218007668183,-0.3097183245938018,-0.45369165375157894,-0.5844823451003369,1,Low,Low,Low,Low,LLLL,0
593,0,11.0,0.0,0.0,0.0,0.0,0.0,0.0,0.0,0.0,1.0,2.0,1.0,1.0,41.0,0.0,1.0,1.0,500.0,1381.8,199.0,74.0,565.0,1791.5,193.0,106.0,-0.4752575826997936,-0.2582219468189347,-0.05497090021927645,0.2130895261883201,1,Low,Low,Low,High,LLLH,1
594,0,4.0,0.0,0.0,0.0,0.0,0.0,0.0,0.0,0.0,0.0,0.0,0.0,0.0,0.0,0.0,0.0,0.0,65.0,3069.23,0.0,65.0,123.0,6653.66,1.0,122.0,-0.5315934971093532,-0.5098323785653798,-0.5379204153958529,-0.06974916821717042,1,Low,Low,Low,Low,LLLL,0
595,0,6.0,2.0,0.0,1.0,1.0,1087.0,7.0,6.0,2.0,2.0,8.0,2.0,4.0,1966.0,4.0,6.0,1.0,1195.0,1197.99,342.0,122.0,758.0,1806.73,190.0,381.0,0.2836462380211886,0.3510716540222346,1.1290638320415236,1.203511618631823,0,High,High,High,High,HHHH,4
596,0,10.0,10.0,9.0,2.0,7.0,0.0,0.0,0.0,0.0,4.0,4.0,2.0,3.0,0.0,0.0,0.0,0.0,309.0,3969.9,138.0,27.0,99.0,11957.58,45.0,41.0,-0.19096038066758986,-0.29830720901016977,-0.05334180578186351,0.5478117375533688,1,Low,Low,Low,High,LLLH,1
597,0,9.0,0.0,0.0,0.0,0.0,0.0,0.0,0.0,0.0,0.0,0.0,0.0,0.0,0.0,0.0,0.0,0.0,380.0,1667.37,143.0,17.0,360.0,1380.83,123.0,64.0,-0.4913535582453821,-0.46959243970140857,-0.6793910690477044,-0.3716756394307764,1,Low,Low,Low,Low,LLLL,0
598,0,41.0,20.0,15.0,7.0,19.0,7.0,1.0,1.0,3.0,13.0,9.0,6.0,16.0,282.0,4.0,3.0,3.0,780.0,2421.15,120.0,33.0,1400.0,2061.43,203.0,48.0,0.9579247853230779,0.8310225923644136,-0.17822109246794618,0.692030623473765,0,High,High,Low,High,HHLH,3
599,0,30.0,3.0,5.0,2.0,7.0,17.0,1.0,0.0,1.0,0.0,0.0,0.0,0.0,0.0,0.0,0.0,0.0,649.0,1761.17,223.0,2.0,772.0,3097.54,174.0,6.0,0.053555780208436835,-0.3005846964727295,-0.37651755463180103,0.15631525047615524,1,High,Low,Low,High,HLLH,2
600,1,17.0,2.0,2.0,1.0,2.0,193.0,4.0,0.0,2.0,1.0,2.0,1.0,3.0,0.0,0.0,0.0,0.0,758.0,2332.32,157.0,87.0,640.0,3213.75,81.0,214.0,0.0005609159916706049,-0.3155501662248339,0.33122477977423653,0.3974463684404692,1,High,Low,High,High,HLHH,3
601,0,11.0,34.0,33.0,1.0,17.0,1.0,1.0,0.0,1.0,22.0,15.0,1.0,15.0,280.0,3.0,0.0,2.0,105.0,2997.14,15.0,81.0,253.0,3470.75,39.0,206.0,0.0917517545043948,0.06141076142713659,-0.35883073554152073,-0.015961816979758514,1,High,High,Low,Low,HHLL,2
602,0,10.0,0.0,0.0,0.0,0.0,0.0,0.0,0.0,0.0,0.0,0.0,0.0,0.0,0.0,0.0,0.0,0.0,93.0,3135.48,14.0,15.0,246.0,5921.95,46.0,25.0,-0.48330557047258793,-0.46154445192861426,-0.866484939712951,-0.22636207889582297,1,Low,Low,Low,Low,LLLL,0
603,0,3.0,0.0,0.0,0.0,0.0,0.0,0.0,0.0,0.0,0.0,0.0,0.0,0.0,0.0,0.0,0.0,0.0,44.0,6790.91,0.0,44.0,151.0,5831.13,0.0,151.0,-0.5396414848821476,-0.517880366338174,0.2542187522744856,-0.07585662753118796,1,Low,Low,High,Low,LLHL,1
607,0,6.0,16.0,13.0,1.0,6.0,31.0,3.0,1.0,1.0,5.0,7.0,1.0,2.0,0.0,0.0,0.0,0.0,510.0,1717.06,166.0,60.0,302.0,1984.77,75.0,121.0,-0.08481512412867416,-0.39668780006391136,-0.1718962334373535,-0.32326269608097624,1,Low,Low,Low,Low,LLLL,0
608,0,8.0,0.0,0.0,0.0,0.0,0.0,0.0,0.0,0.0,3.0,3.0,1.0,1.0,0.0,0.0,0.0,0.0,117.0,4143.59,55.0,11.0,623.0,1904.98,175.0,17.0,-0.4994015460181763,-0.39615170964964835,-0.4990266462554336,-0.07465039245771066,1,Low,Low,Low,Low,LLLL,0
610,0,9.0,0.0,0.0,0.0,0.0,0.0,0.0,0.0,0.0,0.0,0.0,0.0,0.0,0.0,0.0,0.0,0.0,1107.0,1798.64,264.0,88.0,964.0,1787.55,228.0,202.0,-0.4913535582453821,-0.46959243970140857,0.7274647050539704,0.9208239368554829,1,Low,Low,High,High,LLHH,2
611,1,35.0,26.0,21.0,3.0,13.0,143.0,4.0,3.0,3.0,30.0,23.0,4.0,18.0,4.0,0.0,1.0,1.0,442.0,2004.3,137.0,16.0,652.0,1817.02,155.0,64.0,0.7126491312556175,0.31257777771285167,-0.5794085025322929,0.009175931452382158,1,High,High,Low,High,HHLH,3
612,0,15.0,1.0,1.0,1.0,1.0,72.0,2.0,0.0,1.0,6.0,6.0,1.0,3.0,10.0,0.0,2.0,1.0,621.0,1910.63,187.0,56.0,324.0,1553.7,115.0,112.0,-0.1915420921634043,-0.1697979197145125,-0.024176268029337866,-0.25134644888794605,1,Low,Low,Low,Low,LLLL,0
613,0,0.0,1.0,0.0,1.0,1.0,0.0,0.0,0.0,0.0,1.0,1.0,1.0,2.0,0.0,0.0,0.0,0.0,1163.0,1859.07,227.0,54.0,221.0,1964.25,50.0,159.0,-0.46782536642959077,-0.4602758045626666,0.3928993480693408,-0.35384628556046716,1,Low,Low,High,Low,LLHL,1
614,1,20.0,9.0,11.0,1.0,7.0,20.0,0.0,1.0,1.0,14.0,19.0,1.0,12.0,0.0,0.0,0.0,0.0,443.0,2876.75,161.0,41.0,348.0,2231.03,123.0,111.0,-0.07232245226248078,-0.18820141791651962,-0.07720391945501373,-0.11552250484514166,1,Low,Low,Low,Low,LLLL,0
615,1,16.0,26.0,21.0,2.0,16.0,372.0,7.0,7.0,1.0,12.0,17.0,2.0,19.0,471.0,2.0,5.0,2.0,933.0,2100.96,190.0,27.0,592.0,3042.57,125.0,115.0,0.5590718749666554,0.3404164778373737,-0.010865778170045082,0.18774983092401604,0,High,High,Low,High,HHLH,3
616,0,12.0,3.0,4.0,1.0,3.0,0.0,0.0,0.0,0.0,0.0,0.0,0.0,0.0,20.0,1.0,0.0,1.0,709.0,1632.02,168.0,9.0,238.0,2229.83,85.0,25.0,-0.33350226729388466,-0.32949604828711876,-0.4800241994692374,-0.5999230667989286,1,Low,Low,Low,Low,LLLL,0
617,1,18.0,479.0,455.0,3.0,79.0,228.0,1.0,2.0,1.0,1106.0,1131.0,3.0,134.0,2948.0,3.0,2.0,2.0,941.0,2482.57,213.0,81.0,597.0,3279.4,110.0,175.0,3.6442763478773568,4.7807573700288675,0.5985629999394331,0.35821281235710356,0,High,High,High,High,HHHH,4
619,0,27.0,0.0,0.0,0.0,0.0,0.0,0.0,0.0,0.0,2.0,2.0,1.0,2.0,0.0,0.0,0.0,0.0,629.0,2007.0,184.0,41.0,626.0,2392.33,165.0,89.0,-0.3464897783350858,-0.2399250753997469,-0.12424654915504657,0.1845718890622911,1,Low,Low,Low,High,LLLH,1
620,0,3.0,0.0,0.0,0.0,0.0,0.0,0.0,0.0,0.0,0.0,0.0,0.0,0.0,0.0,0.0,0.0,0.0,268.0,2159.33,54.0,60.0,345.0,2844.35,29.0,66.0,-0.5396414848821476,-0.517880366338174,-0.5339314322620519,-0.5129269342695596,1,Low,Low,Low,Low,LLLL,0
621,0,19.0,0.0,0.0,0.0,0.0,0.0,0.0,0.0,0.0,0.0,0.0,0.0,0.0,0.0,0.0,0.0,0.0,670.0,1894.03,92.0,0.0,77.0,2224.68,34.0,0.0,-0.4108736805174397,-0.38911256197346616,-0.7325580416406803,-0.9760961212793376,1,Low,Low,Low,Low,LLLL,0
622,1,20.0,15.0,9.0,1.0,13.0,989.0,4.0,8.0,1.0,52.0,56.0,1.0,42.0,4327.0,12.0,19.0,1.0,8.0,675.0,2.0,6.0,30.0,660.0,1.0,14.0,0.45226619494217324,1.8059143022777395,-1.6706249239184372,-1.299502274148898,1,High,High,Low,Low,HHLL,2
623,0,12.0,9.0,22.0,1.0,8.0,6796.0,22.0,11.0,1.0,16.0,50.0,1.0,18.0,3082.0,7.0,2.0,1.0,393.0,2627.48,98.0,91.0,168.0,2985.71,5.0,159.0,1.8365982628655233,0.6197816774816289,0.045195730124238775,-0.41255278112917426,0,High,High,High,Low,HHHL,3
624,0,19.0,0.0,0.0,0.0,0.0,0.0,0.0,0.0,0.0,2.0,3.0,1.0,1.0,127.0,0.0,2.0,1.0,658.0,1098.78,254.0,76.0,224.0,1455.8,63.0,141.0,-0.4108736805174397,-0.14591441451762843,0.14547665067157736,-0.4314350614696549,1,Low,Low,High,Low,LLHL,1
625,1,10.0,0.0,0.0,0.0,0.0,115.0,1.0,2.0,1.0,3.0,5.0,2.0,3.0,0.0,0.0,0.0,0.0,38.0,797.37,32.0,0.0,21.0,1400.0,16.0,1.0,-0.2954068575353629,-0.29828242763555607,-1.5801958004204801,-1.1907446913142619,1,Low,Low,Low,Low,LLLL,0
626,0,4.0,0.0,0.0,0.0,0.0,0.0,0.0,0.0,0.0,0.0,0.0,0.0,0.0,0.0,0.0,0.0,0.0,82.0,786.59,2.0,80.0,167.0,882.04,3.0,164.0,-0.5315934971093532,-0.5098323785653798,-0.9982155040104641,-0.6944137434050626,1,Low,Low,Low,Low,LLLL,0
627,0,16.0,0.0,0.0,0.0,0.0,0.0,0.0,0.0,0.0,0.0,0.0,0.0,0.0,50.0,1.0,0.0,1.0,970.0,1839.59,165.0,57.0,492.0,2922.56,125.0,123.0,-0.4350176438358224,-0.2934292965066762,0.11174799458820284,0.12593935691183028,1,Low,Low,High,High,LLHH,2
628,0,20.0,3.0,4.0,1.0,4.0,342.0,8.0,5.0,2.0,11.0,16.0,2.0,9.0,39.0,1.0,0.0,1.0,224.0,1783.93,114.0,13.0,180.0,2330.0,52.0,52.0,0.32353598345321427,-0.03211629080151937,-0.8615052895273277,-0.6610341992841543,1,High,Low,Low,Low,HLLL,1
629,0,1.0,0.0,0.0,0.0,0.0,0.0,0.0,0.0,0.0,0.0,0.0,0.0,0.0,0.0,0.0,0.0,0.0,37.0,6851.35,1.0,36.0,119.0,4197.48,5.0,109.0,-0.5557374604277361,-0.5339763418837625,0.20407693613552813,-0.4371576528995294,1,Low,Low,High,Low,LLHL,1
630,0,5.0,0.0,0.0,0.0,0.0,0.0,0.0,0.0,0.0,0.0,0.0,0.0,0.0,0.0,0.0,0.0,0.0,850.0,1814.82,214.0,109.0,540.0,1644.44,108.0,296.0,-0.5235455093365591,-0.5017843907925855,0.5978952328242486,0.465601477274192,1,Low,Low,High,High,LLHH,2
631,0,7.0,3.0,3.0,1.0,1.0,729.0,1.0,8.0,2.0,5.0,5.0,1.0,4.0,1323.0,3.0,7.0,2.0,285.0,1422.11,126.0,0.0,159.0,2037.74,36.0,0.0,0.1417548569440371,0.28903262600658786,-0.9889221543954301,-0.9369063723842723,1,High,High,Low,Low,HHLL,2
632,0,19.0,46.0,49.0,1.0,34.0,74.0,0.0,3.0,1.0,193.0,192.0,3.0,113.0,140.0,3.0,1.0,3.0,1103.0,2720.13,308.0,48.0,547.0,2395.61,56.0,289.0,0.4749240355433948,1.5085873219424208,0.7730569612329148,0.364739136180224,0,High,High,High,High,HHHH,4
633,1,8.0,0.0,0.0,0.0,0.0,0.0,0.0,0.0,0.0,0.0,0.0,0.0,0.0,0.0,0.0,0.0,0.0,815.0,1512.15,224.0,68.0,387.0,1985.27,99.0,133.0,-0.4994015460181763,-0.47764042747420277,0.19547793793870444,-0.13926472105930063,1,Low,Low,High,Low,LLHL,1
634,1,0.0,3.0,1.0,1.0,2.0,256.0,6.0,2.0,2.0,23.0,27.0,1.0,22.0,1088.0,12.0,4.0,1.0,728.0,2405.36,194.0,11.0,676.0,2333.88,151.0,47.0,-0.016866011008407986,0.5041978628079038,-0.17292314100853734,0.029469058192192255,1,Low,High,Low,High,LHLH,2
635,0,7.0,1.0,2.0,1.0,3.0,0.0,0.0,0.0,0.0,0.0,0.0,0.0,0.0,0.0,0.0,0.0,0.0,190.0,1871.05,25.0,101.0,1000.0,1741.8,45.0,146.0,-0.3858949203625342,-0.4856884152469971,-0.4109436855984977,0.10512369175514533,1,Low,Low,Low,High,LLLH,1
636,0,0.0,2.0,1.0,1.0,2.0,189.0,2.0,0.0,1.0,2.0,3.0,1.0,3.0,402.0,3.0,1.0,2.0,725.0,1473.1,227.0,4.0,464.0,1332.54,154.0,6.0,-0.2811936365536146,-0.10281970605758747,-0.3779021617749683,-0.37555176859216477,1,Low,Low,Low,Low,LLLL,0
637,0,8.0,5.0,5.0,3.0,4.0,136.0,2.0,1.0,2.0,18.0,11.0,3.0,11.0,77.0,0.0,2.0,1.0,883.0,1757.19,206.0,1.0,87.0,2489.66,44.0,0.0,0.09718780773531072,-0.008732208317346116,-0.2941088341956881,-0.8965630862998581,1,High,Low,Low,Low,HLLL,1
638,0,0.0,6.0,8.0,1.0,8.0,267.0,2.0,2.0,1.0,0.0,3.0,1.0,3.0,0.0,0.0,0.0,0.0,5.0,420.0,5.0,0.0,0.0,0.0,0.0,0.0,-0.12142171633179055,-0.4523411769877222,-1.778867030331358,-1.4590448727671945,1,Low,Low,Low,Low,LLLL,0
639,0,10.0,33.0,39.0,1.0,25.0,823.0,3.0,5.0,1.0,28.0,30.0,2.0,23.0,377.0,2.0,3.0,1.0,183.0,2160.66,79.0,0.0,142.0,1988.03,77.0,0.0,0.4983887509803928,0.20290715457470157,-0.9963058152258097,-0.8080841853863124,1,High,High,Low,Low,HHLL,2
640,0,16.0,47.0,38.0,3.0,20.0,1083.0,13.0,6.0,3.0,100.0,84.0,3.0,47.0,2283.0,5.0,2.0,2.0,1036.0,2264.48,199.0,57.0,565.0,3395.58,176.0,159.0,1.2164425405142678,1.0561992412792278,0.3635630547612847,0.5391114432574597,0,High,High,High,High,HHHH,4
641,0,41.0,0.0,0.0,0.0,0.0,16.0,0.0,1.0,1.0,4.0,6.0,2.0,2.0,94.0,2.0,1.0,1.0,147.0,1940.82,63.0,0.0,6.0,300.0,5.0,1.0,-0.11616510501358929,0.1412310050486706,-1.1230108941361365,-1.3923710695285338,1,Low,High,Low,Low,LHLL,1
642,0,9.0,0.0,0.0,0.0,0.0,0.0,0.0,0.0,0.0,0.0,0.0,0.0,0.0,0.0,0.0,0.0,0.0,371.0,1912.4,130.0,15.0,239.0,1791.21,69.0,106.0,-0.4913535582453821,-0.46959243970140857,-0.6752893753186793,-0.4629570791922414,1,Low,Low,Low,Low,LLLL,0
643,0,5.0,2.0,1.0,1.0,2.0,177.0,2.0,0.0,2.0,0.0,0.0,0.0,0.0,0.0,0.0,0.0,0.0,1005.0,2498.81,188.0,19.0,272.0,2867.65,85.0,69.0,-0.15548816046610303,-0.5017843907925855,0.06636022114766571,-0.3500457986689334,1,Low,Low,High,Low,LLHL,1
644,0,34.0,10.0,12.0,3.0,6.0,52.0,1.0,1.0,1.0,7.0,6.0,4.0,6.0,20.0,0.0,1.0,1.0,726.0,2172.73,167.0,0.0,324.0,4149.07,114.0,1.0,0.23498156991668687,0.16913039811056788,-0.4038444290178577,-0.2460368860016148,1,High,High,Low,Low,HHLL,2
645,1,27.0,16.0,14.0,3.0,11.0,137.0,2.0,1.0,2.0,23.0,19.0,4.0,13.0,159.0,0.0,3.0,1.0,619.0,1746.69,141.0,68.0,409.0,1304.89,96.0,206.0,0.37928925056990054,0.2871200133872438,-0.10732430565998202,0.000895647551668044,1,High,High,Low,High,HHLH,3
646,0,33.0,0.0,0.0,0.0,0.0,0.0,0.0,0.0,0.0,0.0,0.0,0.0,0.0,0.0,0.0,0.0,0.0,670.0,2051.19,148.0,0.0,68.0,2669.12,39.0,0.0,-0.29820185169832036,-0.2764407331543468,-0.5257978104229061,-0.9032336404672722,1,Low,Low,Low,Low,LLLL,0
647,0,7.0,0.0,0.0,0.0,0.0,0.0,0.0,0.0,0.0,0.0,0.0,0.0,0.0,0.0,0.0,0.0,0.0,603.0,1325.37,158.0,0.0,98.0,1248.98,47.0,0.0,-0.5074495337909706,-0.4856884152469971,-0.7269132164704752,-1.0488438068165151,1,Low,Low,Low,Low,LLLL,0
648,0,13.0,0.0,0.0,0.0,0.0,1007.0,1.0,2.0,1.0,2.0,2.0,1.0,3.0,12.0,0.0,1.0,1.0,583.0,2285.25,105.0,0.0,468.0,2291.67,95.0,0.0,-0.13189186536831973,-0.2316166212496332,-0.6443825319718386,-0.47195921002031355,1,Low,Low,Low,Low,LLLL,0
649,0,4.0,2.0,3.0,1.0,1.0,0.0,0.0,0.0,0.0,0.0,1.0,1.0,1.0,0.0,0.0,0.0,0.0,307.0,2550.49,89.0,0.0,49.0,3220.41,30.0,0.0,-0.42347097838640635,-0.4359689182972066,-0.7894956195885701,-0.8731109074138838,1,Low,Low,Low,Low,LLLL,0
650,0,6.0,1.0,1.0,1.0,2.0,11.0,1.0,0.0,1.0,0.0,0.0,0.0,0.0,308.0,2.0,0.0,1.0,606.0,2399.5,178.0,0.0,232.0,1934.48,85.0,1.0,-0.290715861890283,-0.3065162886541959,-0.38464947736321065,-0.7201520581512915,1,Low,Low,Low,Low,LLLL,0
651,1,13.0,25.0,12.0,2.0,11.0,6796.0,11.0,22.0,1.0,50.0,17.0,2.0,19.0,3147.0,3.0,7.0,2.0,403.0,1802.98,120.0,42.0,888.0,2972.64,70.0,77.0,1.9845044942037218,0.8210712338797568,-0.49581114429623496,0.06917079261840282,0,High,High,Low,High,HHLH,3
652,1,48.0,18.0,30.0,2.0,21.0,300.0,4.0,4.0,1.0,24.0,19.0,2.0,19.0,227.0,2.0,6.0,1.0,134.0,2211.94,68.0,0.0,116.0,2694.83,32.0,0.0,0.6929170781228046,0.5421597300319446,-1.045100099410742,-0.8911078553267002,1,High,High,Low,Low,HHLL,2
653,0,17.0,13.0,11.0,2.0,7.0,0.0,0.0,0.0,0.0,21.0,31.0,3.0,10.0,54.0,0.0,1.0,1.0,14.0,1007.14,0.0,14.0,51.0,2711.76,0.0,51.0,-0.11943843487584685,0.05594209000467808,-1.5212341658721331,-0.8896685113034906,1,Low,High,Low,Low,LHLL,1
654,0,4.0,0.0,1.0,1.0,1.0,0.0,0.0,0.0,0.0,6.0,7.0,1.0,4.0,41.0,0.0,1.0,1.0,98.0,2366.33,44.0,0.0,114.0,2484.21,33.0,0.0,-0.4356236925910847,-0.28017278714825955,-1.0974560997825669,-0.9179149214008601,1,Low,Low,Low,Low,LLLL,0
655,0,5.0,0.0,0.0,0.0,0.0,0.0,0.0,0.0,0.0,0.0,0.0,0.0,0.0,0.0,0.0,0.0,0.0,451.0,1758.09,85.0,78.0,315.0,4207.62,53.0,35.0,-0.5235455093365591,-0.5017843907925855,-0.2908952763816908,-0.35723269754220943,1,Low,Low,Low,Low,LLLL,0
656,0,4.0,3.0,3.0,1.0,2.0,141.0,2.0,1.0,2.0,7.0,9.0,1.0,2.0,0.0,0.0,0.0,0.0,335.0,2109.85,128.0,96.0,462.0,1868.18,35.0,310.0,-0.13222915900723053,-0.40667365701454933,0.0036289304291376445,0.22258237713646167,1,Low,Low,High,High,LLHH,2
657,0,39.0,8.0,4.0,3.0,5.0,150.0,1.0,2.0,2.0,5.0,8.0,3.0,3.0,231.0,3.0,0.0,2.0,510.0,1384.71,223.0,80.0,1685.0,1836.5,281.0,164.0,0.3655213085644402,0.2993568910071913,0.07133765773777509,1.5067018968290542,0,High,High,High,High,HHHH,4
658,0,11.0,6.0,4.0,2.0,3.0,0.0,0.0,0.0,0.0,1.0,1.0,1.0,2.0,0.0,0.0,0.0,1.0,360.0,2203.33,116.0,84.0,303.0,4046.53,60.0,202.0,-0.24927776484464362,-0.29244831107827157,-0.08925343100942379,0.1615773403362739,1,Low,Low,Low,High,LLLH,1
659,0,23.0,0.0,0.0,0.0,0.0,0.0,0.0,0.0,0.0,0.0,2.0,1.0,2.0,0.0,0.0,0.0,0.0,2069.0,1979.22,301.0,62.0,845.0,1720.12,165.0,299.0,-0.37868172942626277,-0.27514730441378543,1.2569358432183397,0.9054053736152174,0,Low,Low,High,High,LLHH,2
660,0,5.0,0.0,0.0,0.0,0.0,0.0,0.0,0.0,0.0,0.0,0.0,0.0,0.0,0.0,0.0,0.0,0.0,176.0,2307.95,47.0,51.0,310.0,1564.84,110.0,124.0,-0.5235455093365591,-0.5017843907925855,-0.6442347199630682,-0.24000335029673286,1,Low,Low,Low,Low,LLLL,0
661,0,15.0,7.0,7.0,1.0,1.0,282.0,4.0,0.0,2.0,16.0,12.0,2.0,7.0,25.0,0.0,1.0,1.0,1098.0,2263.66,143.0,70.0,396.0,2215.91,53.0,183.0,0.018998353829122294,-0.08579709905990017,0.34043344782082496,-0.10985535135667263,1,High,Low,High,Low,HLHL,2
662,0,0.0,0.0,0.0,0.0,0.0,0.0,0.0,0.0,0.0,0.0,0.0,0.0,0.0,0.0,0.0,0.0,0.0,660.0,2696.82,195.0,67.0,692.0,2151.16,65.0,402.0,-0.5637854482005302,-0.5420243296565567,0.31795234828661484,0.8202880115934039,1,Low,Low,High,High,LLHH,2
663,0,16.0,0.0,0.0,0.0,0.0,0.0,0.0,0.0,0.0,3.0,2.0,1.0,3.0,43.0,0.0,1.0,1.0,1443.0,2118.3,297.0,39.0,445.0,2108.76,125.0,69.0,-0.4350176438358224,-0.20195355825757855,0.7161915175146285,-0.18871138666089665,1,Low,Low,High,Low,LLHL,1
664,0,21.0,1.0,1.0,1.0,2.0,171.0,1.0,2.0,1.0,3.0,2.0,1.0,1.0,0.0,0.0,0.0,0.0,655.0,1078.63,223.0,62.0,880.0,1073.18,223.0,86.0,-0.08937189374488785,-0.2930677889393677,-0.0664903388546922,0.3811863863928493,1,Low,Low,Low,High,LLLH,1
665,0,0.0,4.0,5.0,3.0,5.0,837.0,2.0,5.0,2.0,15.0,12.0,3.0,9.0,102.0,0.0,1.0,1.0,1846.0,1966.9,262.0,60.0,1037.0,2043.59,233.0,186.0,0.2603026711882794,-0.11939326704771452,0.9870656896276988,0.9752476075741732,0,High,Low,High,High,HLHH,3
666,1,16.0,14.0,10.0,1.0,4.0,342.0,8.0,8.0,1.0,15.0,13.0,2.0,11.0,1458.0,3.0,14.0,2.0,886.0,1484.42,294.0,83.0,1449.0,1904.76,261.0,278.0,0.3390655728650523,0.7532406284030166,0.5595306140711768,1.6358001724139912,0,High,High,High,High,HHHH,4
667,0,5.0,1.0,1.0,1.0,2.0,0.0,0.0,0.0,0.0,0.0,0.0,0.0,0.0,0.0,0.0,0.0,0.0,775.0,1865.42,167.0,30.0,385.0,1661.3,106.0,105.0,-0.4147881617368711,-0.5017843907925855,-0.21206016785868576,-0.2479689349432336,1,Low,Low,Low,Low,LLLL,0
668,0,8.0,1.0,1.0,1.0,1.0,40.0,0.0,1.0,1.0,0.0,0.0,0.0,0.0,116.0,1.0,2.0,2.0,1130.0,1716.64,240.0,64.0,410.0,3016.83,139.0,154.0,-0.2789956866671468,-0.20246739149782284,0.45489994264125294,0.22891610067378426,1,Low,Low,High,High,LLHH,2
669,0,2.0,0.0,1.0,1.0,1.0,83.0,1.0,0.0,1.0,0.0,0.0,0.0,0.0,0.0,0.0,0.0,0.0,148.0,1939.86,48.0,55.0,382.0,1603.66,104.0,213.0,-0.324445676604243,-0.5259283541109682,-0.7223019057435018,0.0738055087717896,1,Low,Low,Low,High,LLLH,1
670,0,37.0,6.0,7.0,1.0,2.0,173.0,3.0,3.0,2.0,11.0,6.0,1.0,2.0,154.0,2.0,1.0,1.0,11.0,3272.73,0.0,11.0,68.0,948.53,0.0,68.0,0.24221639737703723,0.06144101399819779,-0.9539775636145198,-1.0671118830289372,1,High,High,Low,Low,HHLL,2
671,0,7.0,3.0,3.0,1.0,2.0,0.0,0.0,0.0,0.0,10.0,10.0,1.0,5.0,0.0,0.0,0.0,0.0,266.0,1805.64,89.0,7.0,407.0,3070.76,137.0,5.0,-0.38653947198660427,-0.3573345788829712,-0.9528102870670357,-0.2407002390540174,1,Low,Low,Low,Low,LLLL,0
672,0,25.0,1.0,3.0,2.0,2.0,384.0,2.0,3.0,4.0,7.0,13.0,4.0,12.0,163.0,0.0,2.0,2.0,346.0,1839.88,159.0,0.0,494.0,2009.51,114.0,0.0,0.38215798819643876,0.27722782580818817,-0.744959015860621,-0.42408948397818724,1,High,High,Low,Low,HHLL,2
673,0,11.0,4.0,3.0,2.0,3.0,0.0,0.0,0.0,0.0,6.0,3.0,2.0,4.0,17.0,1.0,0.0,2.0,896.0,1916.18,242.0,68.0,562.0,3459.61,54.0,145.0,-0.2583874391244878,-0.08753436177563335,0.40360549243563515,0.06256514434303034,1,Low,Low,High,High,LLHH,2
674,0,10.0,0.0,0.0,0.0,0.0,0.0,0.0,0.0,0.0,0.0,0.0,0.0,0.0,0.0,0.0,0.0,1.0,0.0,0.0,0.0,0.0,1.0,15000.0,0.0,1.0,-0.48330557047258793,-0.38224482394495596,-1.906676127813071,0.6101235403647252,1,Low,Low,Low,High,LLLH,1
676,0,9.0,5.0,5.0,3.0,5.0,223.0,1.0,3.0,1.0,6.0,14.0,1.0,7.0,126.0,3.0,3.0,2.0,1219.0,2352.75,260.0,52.0,726.0,2847.52,196.0,130.0,0.06990263691343679,0.04996501824683844,0.6375409864434558,0.5579755458938359,0,High,High,High,High,HHHH,4
677,1,39.0,29.0,18.0,2.0,20.0,354.0,7.0,5.0,5.0,28.0,36.0,2.0,22.0,725.0,8.0,8.0,4.0,742.0,1332.21,279.0,37.0,1614.0,1409.85,351.0,45.0,1.0740879805822297,1.0952366102285125,0.01610308953933544,1.2764778665704712,0,High,High,High,High,HHHH,4
678,0,25.0,3.0,2.0,1.0,3.0,711.0,20.0,4.0,1.0,4.0,4.0,1.0,8.0,761.0,8.0,1.0,2.0,402.0,2732.09,155.0,21.0,248.0,1421.37,85.0,46.0,0.6140188350002588,0.35151626235450895,-0.3193920332025245,-0.6382772266391651,1,High,High,Low,Low,HHLL,2
679,0,15.0,0.0,0.0,0.0,0.0,0.0,0.0,0.0,0.0,0.0,0.0,0.0,0.0,0.0,0.0,0.0,0.0,2.0,750.0,0.0,2.0,0.0,0.0,0.0,0.0,-0.4430656316086167,-0.4213045130646431,-1.69287646073542,-1.4590448727671945,1,Low,Low,Low,Low,LLLL,0
680,0,5.0,1.0,1.0,1.0,1.0,0.0,0.0,0.0,0.0,0.0,0.0,0.0,0.0,0.0,0.0,0.0,0.0,378.0,1232.54,195.0,24.0,69.0,808.7,5.0,64.0,-0.42454238764078545,-0.5017843907925855,-0.5841071688395059,-1.0802130965546441,1,Low,Low,Low,Low,LLLL,0
681,0,0.0,1.0,3.0,1.0,2.0,487.0,4.0,7.0,4.0,34.0,28.0,4.0,29.0,1296.0,4.0,15.0,2.0,36.0,4975.0,24.0,2.0,102.0,2382.35,51.0,6.0,0.2790590288609029,0.9698316478152831,-0.49482117320101393,-0.8567379147588386,1,High,High,Low,Low,HHLL,2
682,1,14.0,8.0,8.0,3.0,5.0,587.0,14.0,11.0,5.0,26.0,29.0,3.0,11.0,335.0,5.0,6.0,2.0,1661.0,1942.87,360.0,43.0,1436.0,2159.96,308.0,155.0,1.1076530714305126,0.49740954361702916,1.0210055978816204,1.4449147504624544,0,High,High,High,High,HHHH,4
683,0,13.0,47.0,48.0,2.0,30.0,744.0,4.0,6.0,3.0,60.0,54.0,3.0,31.0,140.0,3.0,0.0,1.0,621.0,1635.27,170.0,50.0,270.0,3800.0,42.0,119.0,0.9414453108007348,0.3315829213768612,-0.1950758808758057,-0.2209605404426514,1,High,High,Low,Low,HHLL,2
684,1,4.0,0.0,0.0,0.0,0.0,0.0,0.0,0.0,0.0,0.0,0.0,0.0,0.0,0.0,0.0,0.0,0.0,671.0,1311.77,265.0,72.0,285.0,1338.95,90.0,162.0,-0.5315934971093532,-0.5098323785653798,0.20932075991383325,-0.2414361060507851,1,Low,Low,High,Low,LLHL,1
685,0,12.0,1.0,3.0,1.0,4.0,2.0,0.0,1.0,1.0,1.0,1.0,1.0,2.0,0.0,0.0,0.0,0.0,642.0,1651.4,241.0,61.0,184.0,965.22,46.0,130.0,-0.21739230883995,-0.3636999512891357,0.12077669847187054,-0.6228865878287989,1,Low,Low,High,Low,LLHL,1
686,0,7.0,0.0,0.0,0.0,0.0,0.0,0.0,0.0,0.0,0.0,0.0,0.0,0.0,0.0,0.0,0.0,0.0,710.0,2181.97,201.0,32.0,825.0,1181.09,183.0,30.0,-0.5074495337909706,-0.4856884152469971,-0.051835379567144554,0.03750045794050816,1,Low,Low,Low,High,LLLH,1
687,0,13.0,8.0,10.0,2.0,9.0,120.0,4.0,0.0,2.0,6.0,5.0,3.0,6.0,328.0,1.0,1.0,2.0,341.0,2324.34,97.0,43.0,829.0,2554.52,209.0,69.0,0.15095938237444434,0.08426449622942814,-0.4567756411998022,0.44546917938429353,1,High,High,Low,High,HHLH,3
689,0,22.0,2.0,1.0,2.0,2.0,0.0,0.0,0.0,0.0,0.0,0.0,0.0,0.0,3.0,0.0,1.0,1.0,729.0,1524.28,195.0,75.0,278.0,1925.18,16.0,212.0,-0.1917665137323438,-0.2515206817569162,0.11737852488392926,-0.27515365464302516,1,Low,Low,High,Low,LLHL,1
690,0,3.0,0.0,0.0,0.0,0.0,0.0,0.0,0.0,0.0,0.0,0.0,0.0,0.0,0.0,0.0,0.0,0.0,30.0,6600.0,3.0,27.0,63.0,7752.38,0.0,63.0,-0.5396414848821476,-0.517880366338174,0.06715244665327205,-0.14951652683490924,1,Low,Low,High,Low,LLHL,1
691,0,10.0,0.0,0.0,0.0,0.0,0.0,0.0,0.0,0.0,0.0,0.0,0.0,0.0,218.0,1.0,0.0,1.0,830.0,2111.2,187.0,39.0,647.0,1460.59,166.0,146.0,-0.48330557047258793,-0.32001833928355417,0.017552438976995516,0.25359644487336247,1,Low,Low,High,High,LLHH,2
692,0,32.0,0.0,0.0,0.0,0.0,261.0,6.0,2.0,1.0,4.0,4.0,1.0,3.0,83.0,1.0,2.0,2.0,206.0,1807.28,80.0,0.0,26.0,1638.46,13.0,1.0,0.039286359706513,0.08370566314164878,-1.071956290910557,-1.1651940855683705,1,High,High,Low,Low,HHLL,2
693,0,8.0,0.0,0.0,0.0,0.0,0.0,0.0,0.0,0.0,0.0,0.0,0.0,0.0,0.0,0.0,0.0,0.0,674.0,1935.635,185.0,49.0,430.0,2194.175,103.0,105.0,-0.4994015460181763,-0.47764042747420277,-0.048022748193753156,-0.15372104523205002,1,Low,Low,Low,Low,LLLL,0
694,0,10.0,7.0,12.0,2.0,10.0,4.0,0.0,1.0,1.0,1.0,4.0,2.0,3.0,120.0,2.0,3.0,1.0,233.0,1915.88,126.0,16.0,9.0,2800.0,1.0,7.0,-0.04589063678792181,-0.03863216931151776,-0.7617518067952012,-1.0416068835920451,1,Low,Low,Low,Low,LLLL,0
695,0,33.0,4.0,2.0,2.0,2.0,17.0,1.0,0.0,1.0,5.0,2.0,3.0,3.0,94.0,1.0,0.0,1.0,0.0,0.0,0.0,0.0,7.0,514.29,4.0,0.0,0.022832811410250575,0.07669569191737775,-1.906676127813071,-1.368901796839881,1,High,High,Low,Low,HHLL,2
696,0,12.0,5.0,6.0,1.0,4.0,0.0,0.0,0.0,0.0,0.0,0.0,0.0,0.0,636.0,1.0,0.0,1.0,1.0,300.0,0.0,1.0,1.0,33900.0,0.0,1.0,-0.31159532718529204,-0.24993347413419797,-1.8194179223435656,3.212433422760646,0,Low,Low,Low,High,LLLH,1
697,0,4.0,21.0,18.0,1.0,12.0,239.0,3.0,2.0,1.0,34.0,29.0,1.0,12.0,61.0,0.0,2.0,1.0,6.0,13650.0,0.0,6.0,5.0,14340.0,0.0,5.0,0.04830754718634648,-0.11656723261583764,1.720250339956567,0.5346216655835916,0,High,Low,High,High,HLHH,3
698,0,0.0,2.0,3.0,1.0,3.0,0.0,0.0,0.0,0.0,10.0,16.0,1.0,19.0,544.0,2.0,4.0,1.0,342.0,1253.51,141.0,63.0,535.0,2549.16,99.0,127.0,-0.43615447766975474,0.037493105993889775,-0.44477834416758755,0.02373281107262231,1,Low,High,Low,High,LHLH,2
699,0,5.0,2.0,4.0,1.0,2.0,109.0,0.0,3.0,1.0,2.0,2.0,2.0,3.0,63.0,1.0,4.0,3.0,429.0,1185.31,179.0,68.0,199.0,1417.09,32.0,154.0,-0.2148171804474582,0.07049153396440894,-0.2571143311966888,-0.525182474222158,1,Low,High,Low,Low,LHLL,1
700,1,13.0,9.0,7.0,1.0,4.0,2.0,0.0,1.0,1.0,2.0,2.0,1.0,1.0,0.0,0.0,0.0,0.0,487.0,2154.21,166.0,18.0,330.0,3083.64,65.0,28.0,-0.17290562394777903,-0.3589668300831524,-0.41094846301848464,-0.4801954287854471,1,Low,Low,Low,Low,LLLL,0
701,1,16.0,0.0,1.0,1.0,1.0,854.0,7.0,0.0,3.0,4.0,1.0,2.0,3.0,20.0,0.0,1.0,1.0,1115.0,2271.39,225.0,58.0,336.0,1268.75,53.0,205.0,0.24516320082353416,-0.13899540609278663,0.4982205387590398,-0.21344736323998043,1,High,Low,High,Low,HLHL,2
702,0,14.0,4.0,3.0,1.0,2.0,342.0,3.0,7.0,2.0,5.0,8.0,2.0,7.0,81.0,2.0,1.0,2.0,1137.0,2095.78,292.0,39.0,753.0,2432.27,188.0,165.0,0.17652910990185733,0.03800049182315332,0.5100657643300103,0.6008705945426023,0,High,High,High,High,HHHH,4
703,0,0.0,32.0,32.0,2.0,18.0,228.0,2.0,1.0,2.0,10.0,12.0,3.0,8.0,66.0,0.0,1.0,1.0,628.0,1228.66,261.0,88.0,466.0,937.34,29.0,425.0,0.26462676170076277,-0.13798864854627335,0.2790384190907981,0.4366257447337636,0,High,Low,High,High,HLHH,3
704,0,1.0,4.0,2.0,1.0,3.0,0.0,0.0,0.0,0.0,2.0,2.0,1.0,3.0,776.0,0.0,1.0,1.0,260.0,1550.77,124.0,40.0,136.0,1952.21,56.0,61.0,-0.42508289546678457,-0.22951421696986626,-0.6528655261808612,-0.7013718140433559,1,Low,Low,Low,Low,LLLL,0
705,1,1.0,0.0,0.0,0.0,0.0,0.0,0.0,0.0,0.0,0.0,0.0,0.0,0.0,0.0,0.0,0.0,0.0,60.0,2060.0,3.0,57.0,99.0,1960.61,2.0,97.0,-0.5557374604277361,-0.5339763418837625,-0.8610699767095339,-0.8077003994919046,1,Low,Low,Low,Low,LLLL,0
706,0,86.0,0.0,0.0,0.0,0.0,41.0,0.0,3.0,1.0,5.0,4.0,3.0,4.0,189.0,3.0,0.0,1.0,674.0,1935.635,185.0,49.0,430.0,2194.175,103.0,105.0,0.30552534733069003,0.5930982118999988,-0.048022748193753156,-0.15372104523205002,1,High,High,Low,Low,HHLL,2
707,1,17.0,26.0,30.0,3.0,24.0,28.0,2.0,0.0,1.0,42.0,40.0,2.0,15.0,54.0,1.0,2.0,1.0,54.0,1561.11,21.0,18.0,110.0,1800.0,10.0,91.0,0.37245243969545816,0.13534571497103354,-1.257471671852267,-0.8120985361216335,1,High,High,Low,Low,HHLL,2
709,1,15.0,3.0,2.0,1.0,1.0,0.0,0.0,0.0,0.0,0.0,1.0,1.0,1.0,173.0,2.0,1.0,1.0,31.0,2961.29,9.0,3.0,74.0,1033.78,18.0,6.0,-0.3349528356329989,-0.14389673268698758,-1.0614904782172043,-1.1809599644786806,1,Low,Low,Low,Low,LLLL,0
710,0,2.0,0.0,0.0,0.0,0.0,0.0,0.0,0.0,0.0,0.0,0.0,0.0,0.0,0.0,0.0,0.0,0.0,2.0,1050.0,1.0,0.0,0.0,0.0,0.0,0.0,-0.5476894726549417,-0.5259283541109682,-1.6275241186951692,-1.4590448727671945,1,Low,Low,Low,Low,LLLL,0
711,0,22.0,1.0,1.0,1.0,2.0,130.0,2.0,0.0,2.0,9.0,10.0,3.0,8.0,4.0,0.0,2.0,1.0,0.0,0.0,0.0,0.0,1.0,300.0,1.0,0.0,-0.029049226263826864,0.06022499024278024,-1.906676127813071,-1.4134335291922602,1,Low,High,Low,Low,LHLL,1
712,1,15.0,0.0,0.0,0.0,0.0,0.0,0.0,0.0,0.0,0.0,0.0,0.0,0.0,0.0,0.0,0.0,0.0,674.0,1935.635,185.0,49.0,430.0,2194.175,103.0,105.0,-0.4430656316086167,-0.4213045130646431,-0.048022748193753156,-0.15372104523205002,1,Low,Low,Low,Low,LLLL,0
714,0,6.0,3.0,4.0,1.0,1.0,61.0,0.0,2.0,1.0,5.0,11.0,1.0,4.0,0.0,0.0,0.0,0.0,674.0,1935.635,185.0,49.0,430.0,2194.175,103.0,105.0,-0.2488023196406423,-0.37778826699116114,-0.048022748193753156,-0.15372104523205002,1,Low,Low,Low,Low,LLLL,0
715,0,10.0,0.0,0.0,0.0,0.0,0.0,0.0,0.0,0.0,0.0,0.0,0.0,0.0,0.0,0.0,0.0,0.0,674.0,1935.635,185.0,49.0,430.0,2194.175,103.0,105.0,-0.48330557047258793,-0.46154445192861426,-0.048022748193753156,-0.15372104523205002,1,Low,Low,Low,Low,LLLL,0
716,0,0.0,0.0,0.0,0.0,0.0,0.0,0.0,0.0,0.0,0.0,0.0,0.0,0.0,0.0,0.0,0.0,0.0,674.0,1935.635,185.0,49.0,430.0,2194.175,103.0,105.0,-0.5637854482005302,-0.5420243296565567,-0.048022748193753156,-0.15372104523205002,1,Low,Low,Low,Low,LLLL,0
717,0,3.0,0.0,0.0,0.0,0.0,0.0,0.0,0.0,0.0,0.0,0.0,0.0,0.0,0.0,0.0,0.0,0.0,674.0,1935.635,185.0,49.0,430.0,2194.175,103.0,105.0,-0.5396414848821476,-0.517880366338174,-0.048022748193753156,-0.15372104523205002,1,Low,Low,Low,Low,LLLL,0
718,0,4.0,0.0,0.0,0.0,0.0,0.0,0.0,0.0,0.0,0.0,0.0,0.0,0.0,0.0,0.0,0.0,0.0,674.0,1935.635,185.0,49.0,430.0,2194.175,103.0,105.0,-0.5315934971093532,-0.5098323785653798,-0.048022748193753156,-0.15372104523205002,1,Low,Low,Low,Low,LLLL,0
719,0,9.0,0.0,0.0,0.0,0.0,0.0,0.0,0.0,0.0,0.0,0.0,0.0,0.0,0.0,0.0,0.0,0.0,674.0,1935.635,185.0,49.0,430.0,2194.175,103.0,105.0,-0.4913535582453821,-0.46959243970140857,-0.048022748193753156,-0.15372104523205002,1,Low,Low,Low,Low,LLLL,0
720,1,29.0,2.0,3.0,1.0,4.0,238.0,2.0,1.0,1.0,5.0,5.0,1.0,6.0,0.0,0.0,0.0,0.0,674.0,1935.635,185.0,49.0,430.0,2194.175,103.0,105.0,0.01326100430252098,-0.18918421850458794,-0.048022748193753156,-0.15372104523205002,1,High,Low,Low,Low,HLLL,1
721,0,21.0,0.0,0.0,0.0,0.0,0.0,0.0,0.0,0.0,0.0,0.0,0.0,0.0,0.0,0.0,0.0,0.0,674.0,1935.635,185.0,49.0,430.0,2194.175,103.0,105.0,-0.3947777049718513,-0.3730165864278777,-0.048022748193753156,-0.15372104523205002,1,Low,Low,Low,Low,LLLL,0
722,1,13.0,0.0,0.0,0.0,0.0,0.0,0.0,0.0,0.0,0.0,0.0,0.0,0.0,0.0,0.0,0.0,0.0,674.0,1935.635,185.0,49.0,430.0,2194.175,103.0,105.0,-0.4591616071542052,-0.4374004886102316,-0.048022748193753156,-0.15372104523205002,1,Low,Low,Low,Low,LLLL,0
723,0,13.0,0.0,0.0,0.0,0.0,0.0,0.0,0.0,0.0,0.0,0.0,0.0,0.0,0.0,0.0,0.0,0.0,674.0,1935.635,185.0,49.0,430.0,2194.175,103.0,105.0,-0.4591616071542052,-0.4374004886102316,-0.048022748193753156,-0.15372104523205002,1,Low,Low,Low,Low,LLLL,0
724,0,0.0,0.0,0.0,0.0,0.0,0.0,0.0,0.0,0.0,0.0,0.0,0.0,0.0,0.0,0.0,0.0,0.0,674.0,1935.635,185.0,49.0,430.0,2194.175,103.0,105.0,-0.5637854482005302,-0.5420243296565567,-0.048022748193753156,-0.15372104523205002,1,Low,Low,Low,Low,LLLL,0
725,0,3.0,0.0,0.0,0.0,0.0,0.0,0.0,0.0,0.0,0.0,0.0,0.0,0.0,0.0,0.0,0.0,0.0,674.0,1935.635,185.0,49.0,430.0,2194.175,103.0,105.0,-0.5396414848821476,-0.517880366338174,-0.048022748193753156,-0.15372104523205002,1,Low,Low,Low,Low,LLLL,0
726,0,6.0,0.0,0.0,0.0,0.0,0.0,0.0,0.0,0.0,0.0,0.0,0.0,0.0,0.0,0.0,0.0,0.0,674.0,1935.635,185.0,49.0,430.0,2194.175,103.0,105.0,-0.5154975215637649,-0.49373640301979127,-0.048022748193753156,-0.15372104523205002,1,Low,Low,Low,Low,LLLL,0
727,0,0.0,0.0,0.0,0.0,0.0,0.0,0.0,0.0,0.0,0.0,0.0,0.0,0.0,0.0,0.0,0.0,0.0,674.0,1935.635,185.0,49.0,430.0,2194.175,103.0,105.0,-0.5637854482005302,-0.5420243296565567,-0.048022748193753156,-0.15372104523205002,1,Low,Low,Low,Low,LLLL,0
728,0,13.0,0.0,0.0,0.0,0.0,0.0,0.0,0.0,0.0,0.0,0.0,0.0,0.0,0.0,0.0,0.0,0.0,674.0,1935.635,185.0,49.0,430.0,2194.175,103.0,105.0,-0.4591616071542052,-0.4374004886102316,-0.048022748193753156,-0.15372104523205002,1,Low,Low,Low,Low,LLLL,0
729,0,35.0,0.0,0.0,0.0,0.0,0.0,0.0,0.0,0.0,0.0,0.0,0.0,0.0,0.0,0.0,0.0,0.0,674.0,1935.635,185.0,49.0,430.0,2194.175,103.0,105.0,-0.2821058761527319,-0.26034475760875836,-0.048022748193753156,-0.15372104523205002,1,Low,Low,Low,Low,LLLL,0
730,1,1.0,0.0,0.0,0.0,0.0,0.0,0.0,0.0,0.0,0.0,0.0,0.0,0.0,0.0,0.0,0.0,0.0,674.0,1935.635,185.0,49.0,430.0,2194.175,103.0,105.0,-0.5557374604277361,-0.5339763418837625,-0.048022748193753156,-0.15372104523205002,1,Low,Low,Low,Low,LLLL,0
733,0,74.0,0.0,0.0,0.0,0.0,0.0,0.0,0.0,0.0,0.0,0.0,0.0,0.0,0.0,0.0,0.0,0.0,674.0,1935.635,185.0,49.0,430.0,2194.175,103.0,105.0,0.031765646986243484,0.053526765530217006,-0.048022748193753156,-0.15372104523205002,1,High,High,Low,Low,HHLL,2
734,0,9.0,0.0,0.0,0.0,0.0,0.0,0.0,0.0,0.0,0.0,0.0,0.0,0.0,0.0,0.0,0.0,0.0,674.0,1935.635,185.0,49.0,430.0,2194.175,103.0,105.0,-0.4913535582453821,-0.46959243970140857,-0.048022748193753156,-0.15372104523205002,1,Low,Low,Low,Low,LLLL,0
735,1,25.0,0.0,0.0,0.0,0.0,0.0,0.0,0.0,0.0,0.0,0.0,0.0,0.0,0.0,0.0,0.0,0.0,674.0,1935.635,185.0,49.0,430.0,2194.175,103.0,105.0,-0.36258575388067427,-0.34082463533670077,-0.048022748193753156,-0.15372104523205002,1,Low,Low,Low,Low,LLLL,0
736,0,14.0,18.0,16.0,2.0,10.0,375.0,9.0,8.0,2.0,27.0,25.0,2.0,12.0,274.0,6.0,8.0,3.0,674.0,1935.635,185.0,49.0,430.0,2194.175,103.0,105.0,0.6145207138220941,0.6061933969567802,-0.048022748193753156,-0.15372104523205002,0,High,High,Low,Low,HHLL,2
737,0,10.0,0.0,0.0,0.0,0.0,0.0,0.0,0.0,0.0,0.0,0.0,0.0,0.0,0.0,0.0,0.0,0.0,674.0,1935.635,185.0,49.0,430.0,2194.175,103.0,105.0,-0.48330557047258793,-0.46154445192861426,-0.048022748193753156,-0.15372104523205002,1,Low,Low,Low,Low,LLLL,0
738,0,3.0,0.0,0.0,0.0,0.0,0.0,0.0,0.0,0.0,0.0,0.0,0.0,0.0,0.0,0.0,0.0,0.0,674.0,1935.635,185.0,49.0,430.0,2194.175,103.0,105.0,-0.5396414848821476,-0.517880366338174,-0.048022748193753156,-0.15372104523205002,1,Low,Low,Low,Low,LLLL,0
739,0,3.0,0.0,0.0,0.0,0.0,0.0,0.0,0.0,0.0,0.0,0.0,0.0,0.0,0.0,0.0,0.0,0.0,674.0,1935.635,185.0,49.0,430.0,2194.175,103.0,105.0,-0.5396414848821476,-0.517880366338174,-0.048022748193753156,-0.15372104523205002,1,Low,Low,Low,Low,LLLL,0
740,0,6.0,0.0,0.0,0.0,0.0,0.0,0.0,0.0,0.0,0.0,0.0,0.0,0.0,0.0,0.0,0.0,0.0,674.0,1935.635,185.0,49.0,430.0,2194.175,103.0,105.0,-0.5154975215637649,-0.49373640301979127,-0.048022748193753156,-0.15372104523205002,1,Low,Low,Low,Low,LLLL,0
741,0,19.0,0.0,0.0,0.0,0.0,0.0,0.0,0.0,0.0,0.0,0.0,0.0,0.0,0.0,0.0,0.0,0.0,674.0,1935.635,185.0,49.0,430.0,2194.175,103.0,105.0,-0.4108736805174397,-0.38911256197346616,-0.048022748193753156,-0.15372104523205002,1,Low,Low,Low,Low,LLLL,0
742,0,8.0,0.0,0.0,0.0,0.0,0.0,0.0,0.0,0.0,1.0,3.0,1.0,2.0,0.0,0.0,0.0,0.0,674.0,1935.635,185.0,49.0,430.0,2194.175,103.0,105.0,-0.4994015460181763,-0.3928120617082238,-0.048022748193753156,-0.15372104523205002,1,Low,Low,Low,Low,LLLL,0
743,1,22.0,19.0,20.0,3.0,11.0,303.0,2.0,1.0,3.0,9.0,9.0,3.0,6.0,60.0,0.0,1.0,1.0,674.0,1935.635,185.0,49.0,430.0,2194.175,103.0,105.0,0.479684747561507,0.01941737061921027,-0.048022748193753156,-0.15372104523205002,1,High,High,Low,Low,HHLL,2
744,0,21.0,12.0,14.0,2.0,4.0,431.0,5.0,3.0,2.0,10.0,17.0,1.0,3.0,174.0,1.0,1.0,2.0,674.0,1935.635,185.0,49.0,430.0,2194.175,103.0,105.0,0.34987237193281673,0.0022803490232648433,-0.048022748193753156,-0.15372104523205002,1,High,High,Low,Low,HHLL,2
745,0,4.0,0.0,0.0,0.0,0.0,0.0,0.0,0.0,0.0,0.0,0.0,0.0,0.0,0.0,0.0,0.0,0.0,674.0,1935.635,185.0,49.0,430.0,2194.175,103.0,105.0,-0.5315934971093532,-0.5098323785653798,-0.048022748193753156,-0.15372104523205002,1,Low,Low,Low,Low,LLLL,0
750,0,2.0,0.0,0.0,0.0,0.0,0.0,0.0,0.0,0.0,0.0,0.0,0.0,0.0,0.0,0.0,0.0,0.0,674.0,1935.635,185.0,49.0,430.0,2194.175,103.0,105.0,-0.5476894726549417,-0.5259283541109682,-0.048022748193753156,-0.15372104523205002,1,Low,Low,Low,Low,LLLL,0
751,0,3.0,0.0,0.0,0.0,0.0,0.0,0.0,0.0,0.0,0.0,0.0,0.0,0.0,0.0,0.0,0.0,0.0,674.0,1935.635,185.0,49.0,430.0,2194.175,103.0,105.0,-0.5396414848821476,-0.517880366338174,-0.048022748193753156,-0.15372104523205002,1,Low,Low,Low,Low,LLLL,0
752,1,26.0,8.0,10.0,2.0,6.0,75.0,0.0,4.0,1.0,17.0,23.0,2.0,10.0,21.0,0.0,2.0,1.0,674.0,1935.635,185.0,49.0,430.0,2194.175,103.0,105.0,0.13533823100099993,0.07353897544529503,-0.048022748193753156,-0.15372104523205002,1,High,High,Low,Low,HHLL,2
753,0,2.0,0.0,0.0,0.0,0.0,0.0,0.0,0.0,0.0,0.0,0.0,0.0,0.0,0.0,0.0,0.0,0.0,674.0,1935.635,185.0,49.0,430.0,2194.175,103.0,105.0,-0.5476894726549417,-0.5259283541109682,-0.048022748193753156,-0.15372104523205002,1,Low,Low,Low,Low,LLLL,0
754,0,5.0,0.0,0.0,0.0,0.0,48.0,0.0,1.0,1.0,0.0,0.0,0.0,0.0,68.0,0.0,1.0,1.0,674.0,1935.635,185.0,49.0,430.0,2194.175,103.0,105.0,-0.4008928072970102,-0.3799410724010095,-0.048022748193753156,-0.15372104523205002,1,Low,Low,Low,Low,LLLL,0
756,0,5.0,0.0,0.0,0.0,0.0,0.0,0.0,0.0,0.0,0.0,0.0,0.0,0.0,0.0,0.0,0.0,0.0,674.0,1935.635,185.0,49.0,430.0,2194.175,103.0,105.0,-0.5235455093365591,-0.5017843907925855,-0.048022748193753156,-0.15372104523205002,1,Low,Low,Low,Low,LLLL,0
757,0,3.0,0.0,0.0,0.0,0.0,0.0,0.0,0.0,0.0,0.0,0.0,0.0,0.0,0.0,0.0,0.0,0.0,674.0,1935.635,185.0,49.0,430.0,2194.175,103.0,105.0,-0.5396414848821476,-0.517880366338174,-0.048022748193753156,-0.15372104523205002,1,Low,Low,Low,Low,LLLL,0
758,0,10.0,0.0,0.0,0.0,0.0,0.0,0.0,0.0,0.0,0.0,0.0,0.0,0.0,0.0,0.0,0.0,0.0,674.0,1935.635,185.0,49.0,430.0,2194.175,103.0,105.0,-0.48330557047258793,-0.46154445192861426,-0.048022748193753156,-0.15372104523205002,1,Low,Low,Low,Low,LLLL,0
759,0,6.0,2.0,2.0,2.0,4.0,0.0,0.0,0.0,0.0,8.0,11.0,1.0,7.0,0.0,0.0,0.0,0.0,674.0,1935.635,185.0,49.0,430.0,2194.175,103.0,105.0,-0.2979828263643889,-0.3541330725140102,-0.048022748193753156,-0.15372104523205002,1,Low,Low,Low,Low,LLLL,0
760,0,5.0,1.0,0.0,1.0,1.0,0.0,0.0,0.0,0.0,0.0,0.0,0.0,0.0,0.0,0.0,0.0,0.0,674.0,1935.635,185.0,49.0,430.0,2194.175,103.0,105.0,-0.42758542756561957,-0.5017843907925855,-0.048022748193753156,-0.15372104523205002,1,Low,Low,Low,Low,LLLL,0
761,0,33.0,0.0,0.0,0.0,0.0,0.0,0.0,0.0,0.0,0.0,0.0,0.0,0.0,0.0,0.0,0.0,0.0,674.0,1935.635,185.0,49.0,430.0,2194.175,103.0,105.0,-0.29820185169832036,-0.2764407331543468,-0.048022748193753156,-0.15372104523205002,1,Low,Low,Low,Low,LLLL,0
762,0,14.0,0.0,0.0,0.0,0.0,0.0,0.0,0.0,0.0,0.0,0.0,0.0,0.0,0.0,0.0,0.0,0.0,674.0,1935.635,185.0,49.0,430.0,2194.175,103.0,105.0,-0.451113619381411,-0.4293525008374373,-0.048022748193753156,-0.15372104523205002,1,Low,Low,Low,Low,LLLL,0
763,0,12.0,0.0,0.0,0.0,0.0,0.0,0.0,0.0,0.0,0.0,0.0,0.0,0.0,0.0,0.0,0.0,0.0,674.0,1935.635,185.0,49.0,430.0,2194.175,103.0,105.0,-0.46720959492699937,-0.4454484763830258,-0.048022748193753156,-0.15372104523205002,1,Low,Low,Low,Low,LLLL,0
764,0,4.0,0.0,1.0,1.0,1.0,0.0,0.0,0.0,0.0,0.0,0.0,0.0,0.0,0.0,0.0,0.0,0.0,674.0,1935.635,185.0,49.0,430.0,2194.175,103.0,105.0,-0.4356236925910847,-0.5098323785653798,-0.048022748193753156,-0.15372104523205002,1,Low,Low,Low,Low,LLLL,0
765,1,1.0,0.0,0.0,0.0,0.0,0.0,0.0,0.0,0.0,0.0,0.0,0.0,0.0,0.0,0.0,0.0,0.0,674.0,1935.635,185.0,49.0,430.0,2194.175,103.0,105.0,-0.5557374604277361,-0.5339763418837625,-0.048022748193753156,-0.15372104523205002,1,Low,Low,Low,Low,LLLL,0
766,1,6.0,2.0,1.0,1.0,1.0,8.0,0.0,1.0,1.0,1.0,2.0,1.0,1.0,121.0,0.0,2.0,1.0,674.0,1935.635,185.0,49.0,430.0,2194.175,103.0,105.0,-0.29705820257240195,-0.254368274999282,-0.048022748193753156,-0.15372104523205002,1,Low,Low,Low,Low,LLLL,0
767,0,2.0,0.0,0.0,0.0,0.0,0.0,0.0,0.0,0.0,0.0,0.0,0.0,0.0,0.0,0.0,0.0,0.0,674.0,1935.635,185.0,49.0,430.0,2194.175,103.0,105.0,-0.5476894726549417,-0.5259283541109682,-0.048022748193753156,-0.15372104523205002,1,Low,Low,Low,Low,LLLL,0
768,1,13.0,0.0,0.0,0.0,0.0,0.0,0.0,0.0,0.0,0.0,0.0,0.0,0.0,0.0,0.0,0.0,0.0,674.0,1935.635,185.0,49.0,430.0,2194.175,103.0,105.0,-0.4591616071542052,-0.4374004886102316,-0.048022748193753156,-0.15372104523205002,1,Low,Low,Low,Low,LLLL,0
769,1,1.0,0.0,0.0,0.0,0.0,0.0,0.0,0.0,0.0,0.0,0.0,0.0,0.0,0.0,0.0,0.0,0.0,674.0,1935.635,185.0,49.0,430.0,2194.175,103.0,105.0,-0.5557374604277361,-0.5339763418837625,-0.048022748193753156,-0.15372104523205002,1,Low,Low,Low,Low,LLLL,0
770,1,19.0,0.0,0.0,0.0,0.0,0.0,0.0,0.0,0.0,0.0,0.0,0.0,0.0,0.0,0.0,0.0,0.0,674.0,1935.635,185.0,49.0,430.0,2194.175,103.0,105.0,-0.4108736805174397,-0.38911256197346616,-0.048022748193753156,-0.15372104523205002,1,Low,Low,Low,Low,LLLL,0
771,0,19.0,3.0,4.0,1.0,1.0,27.0,1.0,0.0,1.0,0.0,0.0,0.0,0.0,0.0,0.0,0.0,0.0,674.0,1935.635,185.0,49.0,430.0,2194.175,103.0,105.0,-0.1781505638497739,-0.38911256197346616,-0.048022748193753156,-0.15372104523205002,1,Low,Low,Low,Low,LLLL,0
772,1,13.0,19.0,18.0,3.0,7.0,99.0,0.0,3.0,1.0,33.0,25.0,2.0,17.0,38.0,1.0,0.0,1.0,674.0,1935.635,185.0,49.0,430.0,2194.175,103.0,105.0,0.1572894241184048,0.009570381856112118,-0.048022748193753156,-0.15372104523205002,1,High,High,Low,Low,HHLL,2
774,0,7.0,13.0,13.0,1.0,10.0,82.0,2.0,2.0,1.0,11.0,7.0,1.0,8.0,152.0,3.0,0.0,1.0,674.0,1935.635,185.0,49.0,430.0,2194.175,103.0,105.0,-0.038034356634470176,-0.14018867290266285,-0.048022748193753156,-0.15372104523205002,1,Low,Low,Low,Low,LLLL,0
775,0,16.0,0.0,0.0,0.0,0.0,0.0,0.0,0.0,0.0,0.0,0.0,0.0,0.0,0.0,0.0,0.0,0.0,674.0,1935.635,185.0,49.0,430.0,2194.175,103.0,105.0,-0.4350176438358224,-0.41325652529184886,-0.048022748193753156,-0.15372104523205002,1,Low,Low,Low,Low,LLLL,0
776,1,5.0,0.0,0.0,0.0,0.0,0.0,0.0,0.0,0.0,0.0,0.0,0.0,0.0,0.0,0.0,0.0,0.0,674.0,1935.635,185.0,49.0,430.0,2194.175,103.0,105.0,-0.5235455093365591,-0.5017843907925855,-0.048022748193753156,-0.15372104523205002,1,Low,Low,Low,Low,LLLL,0
777,1,11.0,0.0,0.0,0.0,0.0,0.0,0.0,0.0,0.0,0.0,0.0,0.0,0.0,0.0,0.0,0.0,0.0,674.0,1935.635,185.0,49.0,430.0,2194.175,103.0,105.0,-0.4752575826997936,-0.4534964641558201,-0.048022748193753156,-0.15372104523205002,1,Low,Low,Low,Low,LLLL,0
780,1,16.0,10.0,12.0,2.0,10.0,332.0,1.0,5.0,2.0,12.0,14.0,2.0,11.0,145.0,1.0,2.0,1.0,674.0,1935.635,185.0,49.0,430.0,2194.175,103.0,105.0,0.2883011199180058,0.02807948825178767,-0.048022748193753156,-0.15372104523205002,1,High,High,Low,Low,HHLL,2
781,0,12.0,0.0,1.0,1.0,1.0,0.0,0.0,0.0,0.0,7.0,4.0,1.0,2.0,0.0,0.0,0.0,0.0,674.0,1935.635,185.0,49.0,430.0,2194.175,103.0,105.0,-0.3712397904087308,-0.3499893565124177,-0.048022748193753156,-0.15372104523205002,1,Low,Low,Low,Low,LLLL,0
782,0,5.0,3.0,3.0,1.0,5.0,78.0,0.0,4.0,1.0,5.0,4.0,1.0,5.0,41.0,0.0,1.0,1.0,674.0,1935.635,185.0,49.0,430.0,2194.175,103.0,105.0,-0.16259540553836782,-0.2718897734807434,-0.048022748193753156,-0.15372104523205002,1,Low,Low,Low,Low,LLLL,0
783,0,1.0,0.0,0.0,0.0,0.0,0.0,0.0,0.0,1.0,0.0,0.0,0.0,0.0,0.0,0.0,0.0,0.0,674.0,1935.635,185.0,49.0,430.0,2194.175,103.0,105.0,-0.4683969766277563,-0.5339763418837625,-0.048022748193753156,-0.15372104523205002,1,Low,Low,Low,Low,LLLL,0
784,0,26.0,0.0,0.0,0.0,0.0,53.0,1.0,0.0,1.0,0.0,0.0,0.0,0.0,0.0,0.0,0.0,0.0,674.0,1935.635,185.0,49.0,430.0,2194.175,103.0,105.0,-0.23195114101654837,-0.33277664756390646,-0.048022748193753156,-0.15372104523205002,1,Low,Low,Low,Low,LLLL,0
785,0,14.0,15.0,21.0,3.0,6.0,1402.0,5.0,7.0,2.0,5.0,5.0,2.0,4.0,1253.0,5.0,5.0,2.0,674.0,1935.635,185.0,49.0,430.0,2194.175,103.0,105.0,0.6895828339057591,0.4028985344900157,-0.048022748193753156,-0.15372104523205002,1,High,High,Low,Low,HHLL,2
786,0,19.0,6.0,6.0,2.0,4.0,61.0,0.0,2.0,1.0,10.0,10.0,2.0,2.0,445.0,2.0,1.0,2.0,674.0,1935.635,185.0,49.0,430.0,2194.175,103.0,105.0,-0.016557230810870727,0.10406058520802594,-0.048022748193753156,-0.15372104523205002,1,Low,High,Low,Low,LHLL,1
790,1,13.0,0.0,0.0,0.0,0.0,0.0,0.0,0.0,0.0,0.0,0.0,0.0,0.0,0.0,0.0,0.0,0.0,674.0,1935.635,185.0,49.0,430.0,2194.175,103.0,105.0,-0.4591616071542052,-0.4374004886102316,-0.048022748193753156,-0.15372104523205002,1,Low,Low,Low,Low,LLLL,0
791,1,7.0,0.0,0.0,0.0,0.0,0.0,0.0,0.0,0.0,0.0,0.0,0.0,0.0,0.0,0.0,0.0,0.0,674.0,1935.635,185.0,49.0,430.0,2194.175,103.0,105.0,-0.5074495337909706,-0.4856884152469971,-0.048022748193753156,-0.15372104523205002,1,Low,Low,Low,Low,LLLL,0
792,0,12.0,0.0,0.0,0.0,0.0,0.0,0.0,0.0,0.0,0.0,0.0,0.0,0.0,0.0,0.0,0.0,0.0,674.0,1935.635,185.0,49.0,430.0,2194.175,103.0,105.0,-0.46720959492699937,-0.4454484763830258,-0.048022748193753156,-0.15372104523205002,1,Low,Low,Low,Low,LLLL,0
793,0,2.0,0.0,0.0,0.0,0.0,0.0,0.0,0.0,0.0,0.0,0.0,0.0,0.0,0.0,0.0,0.0,0.0,674.0,1935.635,185.0,49.0,430.0,2194.175,103.0,105.0,-0.5476894726549417,-0.5259283541109682,-0.048022748193753156,-0.15372104523205002,1,Low,Low,Low,Low,LLLL,0
795,0,7.0,0.0,0.0,0.0,0.0,0.0,0.0,0.0,0.0,0.0,0.0,0.0,0.0,0.0,0.0,0.0,0.0,674.0,1935.635,185.0,49.0,430.0,2194.175,103.0,105.0,-0.5074495337909706,-0.4856884152469971,-0.048022748193753156,-0.15372104523205002,1,Low,Low,Low,Low,LLLL,0
798,0,32.0,3.0,4.0,2.0,4.0,29.0,0.0,1.0,1.0,18.0,20.0,3.0,10.0,460.0,3.0,2.0,3.0,674.0,1935.635,185.0,49.0,430.0,2194.175,103.0,105.0,0.04006828938228779,0.5021851991149856,-0.048022748193753156,-0.15372104523205002,1,High,High,Low,Low,HHLL,2
799,0,6.0,4.0,2.0,1.0,4.0,189.0,5.0,1.0,1.0,1.0,0.0,1.0,1.0,80.0,2.0,0.0,1.0,674.0,1935.635,185.0,49.0,430.0,2194.175,103.0,105.0,-0.09557977015913065,-0.26212609499905515,-0.048022748193753156,-0.15372104523205002,1,Low,Low,Low,Low,LLLL,0
800,0,11.0,0.0,1.0,1.0,1.0,0.0,0.0,0.0,0.0,6.0,3.0,1.0,6.0,0.0,0.0,0.0,0.0,674.0,1935.635,185.0,49.0,430.0,2194.175,103.0,105.0,-0.379287778181525,-0.3356127001255424,-0.048022748193753156,-0.15372104523205002,1,Low,Low,Low,Low,LLLL,0
801,0,15.0,3.0,5.0,3.0,4.0,114.0,1.0,2.0,1.0,0.0,0.0,0.0,0.0,0.0,0.0,0.0,0.0,674.0,1935.635,185.0,49.0,430.0,2194.175,103.0,105.0,0.057526506621475265,-0.4213045130646431,-0.048022748193753156,-0.15372104523205002,1,High,Low,Low,Low,HLLL,1
802,0,6.0,12.0,14.0,1.0,9.0,126.0,2.0,0.0,1.0,2.0,4.0,1.0,3.0,2.0,0.0,1.0,1.0,674.0,1935.635,185.0,49.0,430.0,2194.175,103.0,105.0,-0.10457690731786169,-0.28616429521685915,-0.048022748193753156,-0.15372104523205002,1,Low,Low,Low,Low,LLLL,0
803,1,0.0,0.0,0.0,0.0,0.0,0.0,0.0,0.0,0.0,0.0,0.0,0.0,0.0,0.0,0.0,0.0,0.0,674.0,1935.635,185.0,49.0,430.0,2194.175,103.0,105.0,-0.5637854482005302,-0.5420243296565567,-0.048022748193753156,-0.15372104523205002,1,Low,Low,Low,Low,LLLL,0
804,0,25.0,7.0,6.0,1.0,3.0,0.0,0.0,0.0,1.0,3.0,2.0,1.0,1.0,0.0,0.0,0.0,0.0,674.0,1935.635,185.0,49.0,430.0,2194.175,103.0,105.0,-0.12331859388789145,-0.26087583784819074,-0.048022748193753156,-0.15372104523205002,1,Low,Low,Low,Low,LLLL,0
805,0,4.0,4.0,2.0,1.0,4.0,320.0,2.0,2.0,1.0,7.0,8.0,2.0,9.0,57.0,2.0,0.0,2.0,674.0,1935.635,185.0,49.0,430.0,2194.175,103.0,105.0,-0.14429052871434514,-0.06356990565034996,-0.048022748193753156,-0.15372104523205002,1,Low,Low,Low,Low,LLLL,0
807,0,8.0,0.0,0.0,0.0,0.0,36.0,1.0,1.0,1.0,0.0,0.0,0.0,0.0,0.0,0.0,0.0,0.0,674.0,1935.635,185.0,49.0,430.0,2194.175,103.0,105.0,-0.3516586633096555,-0.47764042747420277,-0.048022748193753156,-0.15372104523205002,1,Low,Low,Low,Low,LLLL,0
808,0,4.0,0.0,0.0,0.0,0.0,0.0,0.0,0.0,0.0,0.0,0.0,0.0,0.0,0.0,0.0,0.0,0.0,674.0,1935.635,185.0,49.0,430.0,2194.175,103.0,105.0,-0.5315934971093532,-0.5098323785653798,-0.048022748193753156,-0.15372104523205002,1,Low,Low,Low,Low,LLLL,0
809,1,32.0,0.0,0.0,0.0,0.0,0.0,0.0,0.0,0.0,0.0,0.0,0.0,0.0,17.0,0.0,3.0,2.0,674.0,1935.635,185.0,49.0,430.0,2194.175,103.0,105.0,-0.30624983947111467,-0.022411318032493594,-0.048022748193753156,-0.15372104523205002,1,Low,Low,Low,Low,LLLL,0
810,0,2.0,0.0,0.0,0.0,0.0,0.0,0.0,0.0,0.0,0.0,0.0,0.0,0.0,0.0,0.0,0.0,0.0,674.0,1935.635,185.0,49.0,430.0,2194.175,103.0,105.0,-0.5476894726549417,-0.5259283541109682,-0.048022748193753156,-0.15372104523205002,1,Low,Low,Low,Low,LLLL,0
812,1,11.0,1.0,4.0,1.0,5.0,104.0,2.0,1.0,2.0,2.0,3.0,1.0,3.0,0.0,0.0,0.0,0.0,498.0,1817.47,202.0,20.0,74.0,1317.57,13.0,59.0,-0.05543524659345857,-0.36078303356412406,-0.3698408520634735,-0.9935164838822479,1,Low,Low,Low,Low,LLLL,0
813,0,17.0,3.0,3.0,1.0,2.0,0.0,0.0,0.0,0.0,10.0,10.0,1.0,5.0,0.0,0.0,0.0,0.0,674.0,1935.635,185.0,49.0,430.0,2194.175,103.0,105.0,-0.3060595942586619,-0.2768547011550288,-0.048022748193753156,-0.15372104523205002,1,Low,Low,Low,Low,LLLL,0
814,0,8.0,0.0,0.0,0.0,0.0,0.0,0.0,0.0,0.0,0.0,0.0,0.0,0.0,0.0,0.0,0.0,0.0,674.0,1935.635,185.0,49.0,430.0,2194.175,103.0,105.0,-0.4994015460181763,-0.47764042747420277,-0.048022748193753156,-0.15372104523205002,1,Low,Low,Low,Low,LLLL,0
815,0,5.0,0.0,0.0,0.0,0.0,0.0,0.0,0.0,0.0,0.0,0.0,0.0,0.0,0.0,0.0,0.0,0.0,674.0,1935.635,185.0,49.0,430.0,2194.175,103.0,105.0,-0.5235455093365591,-0.5017843907925855,-0.048022748193753156,-0.15372104523205002,1,Low,Low,Low,Low,LLLL,0
816,0,9.0,0.0,0.0,0.0,0.0,0.0,0.0,0.0,0.0,0.0,0.0,0.0,0.0,0.0,0.0,0.0,0.0,674.0,1935.635,185.0,49.0,430.0,2194.175,103.0,105.0,-0.4913535582453821,-0.46959243970140857,-0.048022748193753156,-0.15372104523205002,1,Low,Low,Low,Low,LLLL,0
817,0,53.0,0.0,0.0,0.0,0.0,0.0,0.0,0.0,0.0,0.0,0.0,0.0,0.0,0.0,0.0,0.0,0.0,674.0,1935.635,185.0,49.0,430.0,2194.175,103.0,105.0,-0.1372420962424356,-0.11548097769846197,-0.048022748193753156,-0.15372104523205002,1,Low,Low,Low,Low,LLLL,0
818,0,23.0,0.0,0.0,0.0,0.0,0.0,0.0,0.0,0.0,0.0,0.0,0.0,0.0,0.0,0.0,0.0,0.0,674.0,1935.635,185.0,49.0,430.0,2194.175,103.0,105.0,-0.37868172942626277,-0.3569206108822892,-0.048022748193753156,-0.15372104523205002,1,Low,Low,Low,Low,LLLL,0
819,1,5.0,0.0,0.0,0.0,0.0,0.0,0.0,0.0,0.0,0.0,0.0,0.0,0.0,0.0,0.0,0.0,0.0,674.0,1935.635,185.0,49.0,430.0,2194.175,103.0,105.0,-0.5235455093365591,-0.5017843907925855,-0.048022748193753156,-0.15372104523205002,1,Low,Low,Low,Low,LLLL,0
820,1,40.0,0.0,0.0,0.0,0.0,0.0,0.0,0.0,0.0,0.0,0.0,0.0,0.0,0.0,0.0,0.0,0.0,674.0,1935.635,185.0,49.0,430.0,2194.175,103.0,105.0,-0.24186593728876066,-0.22010481874478707,-0.048022748193753156,-0.15372104523205002,1,Low,Low,Low,Low,LLLL,0
822,0,0.0,0.0,0.0,0.0,0.0,0.0,0.0,0.0,0.0,0.0,0.0,0.0,0.0,0.0,0.0,0.0,0.0,674.0,1935.635,185.0,49.0,430.0,2194.175,103.0,105.0,-0.5637854482005302,-0.5420243296565567,-0.048022748193753156,-0.15372104523205002,1,Low,Low,Low,Low,LLLL,0
823,0,10.0,0.0,0.0,0.0,0.0,0.0,0.0,0.0,0.0,0.0,0.0,0.0,0.0,0.0,0.0,0.0,0.0,674.0,1935.635,185.0,49.0,430.0,2194.175,103.0,105.0,-0.48330557047258793,-0.46154445192861426,-0.048022748193753156,-0.15372104523205002,1,Low,Low,Low,Low,LLLL,0
824,0,42.0,0.0,0.0,0.0,0.0,0.0,0.0,0.0,0.0,0.0,0.0,0.0,0.0,0.0,0.0,0.0,0.0,674.0,1935.635,185.0,49.0,430.0,2194.175,103.0,105.0,-0.22576996174317218,-0.2040088431991986,-0.048022748193753156,-0.15372104523205002,1,Low,Low,Low,Low,LLLL,0
825,0,1.0,0.0,0.0,0.0,0.0,0.0,0.0,0.0,0.0,0.0,0.0,0.0,0.0,0.0,0.0,0.0,0.0,674.0,1935.635,185.0,49.0,430.0,2194.175,103.0,105.0,-0.5557374604277361,-0.5339763418837625,-0.048022748193753156,-0.15372104523205002,1,Low,Low,Low,Low,LLLL,0
826,1,11.0,0.0,0.0,0.0,0.0,0.0,0.0,0.0,0.0,0.0,0.0,0.0,0.0,0.0,0.0,0.0,0.0,674.0,1935.635,185.0,49.0,430.0,2194.175,103.0,105.0,-0.4752575826997936,-0.4534964641558201,-0.048022748193753156,-0.15372104523205002,1,Low,Low,Low,Low,LLLL,0
827,0,13.0,0.0,0.0,0.0,0.0,0.0,0.0,0.0,0.0,0.0,0.0,0.0,0.0,0.0,0.0,0.0,0.0,674.0,1935.635,185.0,49.0,430.0,2194.175,103.0,105.0,-0.4591616071542052,-0.4374004886102316,-0.048022748193753156,-0.15372104523205002,1,Low,Low,Low,Low,LLLL,0
828,0,14.0,0.0,0.0,0.0,0.0,0.0,0.0,0.0,0.0,0.0,0.0,0.0,0.0,0.0,0.0,0.0,0.0,674.0,1935.635,185.0,49.0,430.0,2194.175,103.0,105.0,-0.451113619381411,-0.4293525008374373,-0.048022748193753156,-0.15372104523205002,1,Low,Low,Low,Low,LLLL,0
830,0,0.0,11.0,12.0,2.0,10.0,85.0,2.0,3.0,4.0,11.0,15.0,4.0,14.0,101.0,1.0,3.0,1.0,674.0,1935.635,185.0,49.0,430.0,2194.175,103.0,105.0,0.26999521334350685,0.0784312388248965,-0.048022748193753156,-0.15372104523205002,1,High,High,Low,Low,HHLL,2
831,0,11.0,0.0,0.0,0.0,0.0,0.0,0.0,0.0,0.0,0.0,0.0,0.0,0.0,0.0,0.0,0.0,0.0,674.0,1935.635,185.0,49.0,430.0,2194.175,103.0,105.0,-0.4752575826997936,-0.4534964641558201,-0.048022748193753156,-0.15372104523205002,1,Low,Low,Low,Low,LLLL,0
832,1,29.0,0.0,0.0,0.0,0.0,0.0,0.0,0.0,0.0,0.0,0.0,0.0,0.0,0.0,0.0,0.0,0.0,674.0,1935.635,185.0,49.0,430.0,2194.175,103.0,105.0,-0.3303938027894973,-0.3086326842455238,-0.048022748193753156,-0.15372104523205002,1,Low,Low,Low,Low,LLLL,0
833,0,4.0,0.0,0.0,0.0,0.0,0.0,0.0,0.0,0.0,0.0,0.0,0.0,0.0,0.0,0.0,0.0,0.0,674.0,1935.635,185.0,49.0,430.0,2194.175,103.0,105.0,-0.5315934971093532,-0.5098323785653798,-0.048022748193753156,-0.15372104523205002,1,Low,Low,Low,Low,LLLL,0
834,0,10.0,0.0,0.0,0.0,0.0,0.0,0.0,0.0,0.0,0.0,0.0,0.0,0.0,0.0,0.0,0.0,0.0,674.0,1935.635,185.0,49.0,430.0,2194.175,103.0,105.0,-0.48330557047258793,-0.46154445192861426,-0.048022748193753156,-0.15372104523205002,1,Low,Low,Low,Low,LLLL,0
835,0,13.0,0.0,0.0,0.0,0.0,0.0,0.0,0.0,0.0,0.0,0.0,0.0,0.0,0.0,0.0,0.0,0.0,674.0,1935.635,185.0,49.0,430.0,2194.175,103.0,105.0,-0.4591616071542052,-0.4374004886102316,-0.048022748193753156,-0.15372104523205002,1,Low,Low,Low,Low,LLLL,0
838,0,73.0,0.0,0.0,0.0,0.0,0.0,0.0,0.0,0.0,0.0,0.0,0.0,0.0,0.0,0.0,0.0,0.0,674.0,1935.635,185.0,49.0,430.0,2194.175,103.0,105.0,0.0237176592134493,0.04547877775742282,-0.048022748193753156,-0.15372104523205002,1,High,High,Low,Low,HHLL,2
839,1,16.0,0.0,0.0,0.0,0.0,0.0,0.0,0.0,0.0,0.0,0.0,0.0,0.0,0.0,0.0,0.0,0.0,674.0,1935.635,185.0,49.0,430.0,2194.175,103.0,105.0,-0.4350176438358224,-0.41325652529184886,-0.048022748193753156,-0.15372104523205002,1,Low,Low,Low,Low,LLLL,0
840,0,11.0,0.0,0.0,0.0,0.0,0.0,0.0,0.0,0.0,0.0,0.0,0.0,0.0,0.0,0.0,0.0,0.0,674.0,1935.635,185.0,49.0,430.0,2194.175,103.0,105.0,-0.4752575826997936,-0.4534964641558201,-0.048022748193753156,-0.15372104523205002,1,Low,Low,Low,Low,LLLL,0
841,1,4.0,0.0,0.0,0.0,0.0,0.0,0.0,0.0,0.0,0.0,0.0,0.0,0.0,0.0,0.0,0.0,0.0,674.0,1935.635,185.0,49.0,430.0,2194.175,103.0,105.0,-0.5315934971093532,-0.5098323785653798,-0.048022748193753156,-0.15372104523205002,1,Low,Low,Low,Low,LLLL,0
845,0,26.0,7.0,6.0,1.0,6.0,96.0,1.0,1.0,2.0,2.0,1.0,2.0,2.0,120.0,1.0,2.0,2.0,18.0,766.67,15.0,0.0,0.0,0.0,0.0,0.0,0.07110968718736346,0.09213030662753906,-1.6506281667742948,-1.4590448727671945,1,High,High,Low,Low,HHLL,2
846,0,22.0,3.0,2.0,2.0,4.0,27.0,1.0,0.0,1.0,12.0,10.0,3.0,8.0,23.0,1.0,0.0,1.0,674.0,1935.635,185.0,49.0,430.0,2194.175,103.0,105.0,-0.047657463979796304,0.03377242952518119,-0.048022748193753156,-0.15372104523205002,1,Low,High,Low,Low,LHLL,1
847,1,0.0,0.0,0.0,0.0,0.0,0.0,0.0,0.0,0.0,0.0,0.0,0.0,0.0,0.0,0.0,0.0,0.0,674.0,1935.635,185.0,49.0,430.0,2194.175,103.0,105.0,-0.5637854482005302,-0.5420243296565567,-0.048022748193753156,-0.15372104523205002,1,Low,Low,Low,Low,LLLL,0
