user,gender,ammount_fbf_school,BT_Interactions S-H,BT_Average Duration S-H,BT_Unique people S-H,BT_Outsiders S-H,BT_Interactions O-S-H,BT_Average Duration O-S-H,Unique people O-S-H,Outsiders O-S-H,Duration S-H,Calls Made S-H,Calls Received S-H,Missed As Caller S-H,Missed As Callee S-H,Unique People S-H,Duration O-S-H,Calls Made O-S-H,Calls Received O-S-H,Missed As Caller O-S-H,Missed As Callee O-S-H,Unique People O-S-H,sms sent S-H,sms sent O-S-H,sms received S-H,sms received O-S-H,unique people S-H,unique people O-S-H,conversation S-H,conversation O-S-H
0.00,0.00,19.00,903.00,"2667,77",265.00,62.00,538.00,"1405,2",118.00,95.00,204.00,3.00,2.00,0.00,0.00,2.00,52.00,0.00,4.00,0.00,0.00,1.00,2.00,60.00,4.00,70.00,2.00,1.00,3.00,15.00
1.00,2.00,6.00,960.00,"1786,88",256.00,103.00,443.00,"2450,79",20.00,289.00,0.00,0.00,0.00,0.00,0.00,0.00,0.00,0.00,0.00,0.00,0.00,0.00,2.00,0.00,1.00,0.00,1.00,0.00,1.00,0.00
2.00,0.00,7.00,177.00,"2542,37",57.00,14.00,59.00,"2166,1",12.00,37.00,0.00,0.00,0.00,0.00,0.00,0.00,0.00,0.00,0.00,0.00,0.00,0.00,0.00,0.00,0.00,0.00,0.00,0.00,0.00,0.00
3.00,0.00,18.00,819.00,"2073,26",281.00,101.00,436.00,"2502,52",122.00,207.00,339.00,3.00,4.00,0.00,0.00,3.00,336.00,6.00,3.00,0.00,1.00,4.00,42.00,105.00,38.00,109.00,3.00,3.00,26.00,34.00
4.00,0.00,30.00,453.00,"2151,66",150.00,40.00,809.00,"2123,36",135.00,101.00,435.00,6.00,7.00,2.00,0.00,6.00,733.00,7.00,10.00,4.00,0.00,4.00,20.00,62.00,13.00,56.00,4.00,7.00,12.00,30.00
5.00,0.00,26.00,1448.00,"2056,49",231.00,74.00,650.00,"2413,85",86.00,101.00,0.00,0.00,0.00,0.00,1.00,1.00,128.00,1.00,2.00,0.00,2.00,1.00,8.00,13.00,5.00,13.00,1.00,2.00,6.00,8.00
6.00,1.00,18.00,1640.00,"2233,9",343.00,70.00,268.00,"7540,3",91.00,64.00,155.00,3.00,1.00,0.00,1.00,2.00,249.00,5.00,3.00,0.00,1.00,3.00,26.00,20.00,21.00,13.00,2.00,2.00,18.00,20.00
7.00,1.00,6.00,154.00,"2096,1",85.00,25.00,8.00,1725.00,2.00,6.00,0.00,0.00,0.00,0.00,0.00,0.00,0.00,0.00,0.00,0.00,0.00,0.00,0.00,0.00,0.00,0.00,0.00,0.00,0.00,0.00
8.00,0.00,6.00,238.00,"4972,69",65.00,67.00,139.00,"10092,09",8.00,106.00,85.00,2.00,2.00,0.00,0.00,2.00,116.00,1.00,1.00,1.00,0.00,2.00,2.00,11.00,3.00,14.00,2.00,3.00,3.00,7.00
9.00,0.00,2.00,132.00,"1981,82",0.00,132.00,206.00,"2912,62",0.00,206.00,0.00,0.00,0.00,0.00,0.00,0.00,0.00,0.00,0.00,0.00,0.00,0.00,1.00,0.00,0.00,0.00,1.00,0.00,1.00,0.00
10.00,0.00,8.00,684.00,"1575,88",150.00,43.00,140.00,"595,71",46.00,79.00,0.00,0.00,0.00,0.00,0.00,0.00,0.00,0.00,0.00,0.00,0.00,0.00,0.00,0.00,0.00,0.00,0.00,0.00,0.00,0.00
11.00,0.00,9.00,329.00,"1618,54",48.00,125.00,1424.00,"1660,11",44.00,248.00,0.00,0.00,0.00,0.00,0.00,0.00,2.00,0.00,1.00,0.00,0.00,1.00,0.00,1.00,0.00,1.00,0.00,1.00,0.00,2.00
12.00,0.00,21.00,1894.00,"1704,17",362.00,86.00,1606.00,"2124,84",246.00,176.00,141.00,2.00,2.00,1.00,0.00,2.00,210.00,3.00,3.00,4.00,0.00,3.00,33.00,35.00,38.00,35.00,3.00,2.00,21.00,14.00
13.00,0.00,78.00,1941.00,1366.00,452.00,86.00,1251.00,"1814,87",254.00,152.00,84.00,3.00,1.00,1.00,1.00,3.00,1541.00,7.00,4.00,4.00,7.00,6.00,28.00,40.00,26.00,38.00,6.00,7.00,16.00,31.00
14.00,0.00,0.00,1294.00,"1572,33",291.00,38.00,723.00,"1641,08",189.00,46.00,33.00,1.00,0.00,0.00,0.00,1.00,0.00,0.00,0.00,0.00,0.00,0.00,9.00,6.00,9.00,3.00,1.00,1.00,4.00,4.00
15.00,0.00,62.00,965.00,"2542,69",249.00,61.00,343.00,"3157,43",128.00,104.00,155.00,1.00,4.00,0.00,1.00,2.00,313.00,3.00,5.00,2.00,0.00,5.00,0.00,15.00,0.00,19.00,0.00,5.00,0.00,9.00
16.00,0.00,7.00,210.00,"2267,14",19.00,46.00,653.00,"3720,37",22.00,83.00,0.00,0.00,0.00,0.00,0.00,0.00,4.00,1.00,0.00,0.00,0.00,1.00,0.00,0.00,0.00,0.00,0.00,0.00,0.00,0.00
17.00,0.00,11.00,912.00,"1820,39",248.00,138.00,257.00,"2205,06",44.00,209.00,36.00,1.00,1.00,0.00,0.00,1.00,0.00,0.00,0.00,0.00,0.00,0.00,0.00,0.00,0.00,0.00,0.00,0.00,0.00,0.00
18.00,0.00,9.00,1015.00,"1751,23",179.00,21.00,15.00,2100.00,4.00,11.00,0.00,0.00,0.00,0.00,0.00,0.00,0.00,0.00,0.00,0.00,0.00,0.00,39.00,20.00,40.00,18.00,2.00,3.00,18.00,13.00
19.00,0.00,10.00,703.00,"1704,84",244.00,105.00,365.00,"3435,62",43.00,292.00,930.00,4.00,7.00,0.00,0.00,1.00,3223.00,12.00,4.00,0.00,0.00,2.00,5.00,12.00,6.00,2.00,2.00,2.00,3.00,4.00
20.00,0.00,0.00,489.00,"2236,81",143.00,81.00,194.00,"5455,67",35.00,118.00,582.00,8.00,14.00,0.00,3.00,2.00,1382.00,10.00,27.00,2.00,0.00,1.00,151.00,162.00,246.00,250.00,2.00,2.00,69.00,91.00
21.00,1.00,0.00,121.00,"3128,93",37.00,39.00,123.00,"7446,34",9.00,76.00,580.00,14.00,7.00,3.00,0.00,1.00,1382.00,27.00,10.00,0.00,2.00,1.00,238.00,248.00,142.00,160.00,1.00,1.00,66.00,90.00
22.00,0.00,13.00,1231.00,"1740,29",191.00,113.00,874.00,"3106,75",93.00,183.00,40.00,1.00,0.00,1.00,0.00,1.00,153.00,1.00,2.00,0.00,1.00,2.00,4.00,1.00,4.00,0.00,2.00,1.00,4.00,1.00
23.00,0.00,8.00,732.00,"2032,38",208.00,83.00,397.00,"3882,62",59.00,140.00,0.00,0.00,0.00,0.00,0.00,0.00,87.00,7.00,1.00,1.00,0.00,2.00,21.00,23.00,17.00,21.00,1.00,2.00,14.00,16.00
24.00,0.00,0.00,187.00,"1832,09",58.00,123.00,87.00,"1844,83",1.00,85.00,81.00,0.00,1.00,1.00,0.00,1.00,199.00,1.00,0.00,0.00,0.00,1.00,3.00,6.00,3.00,5.00,1.00,1.00,2.00,4.00
25.00,0.00,12.00,1423.00,"1690,37",324.00,46.00,1080.00,"1163,33",235.00,115.00,0.00,0.00,0.00,0.00,0.00,0.00,215.00,2.00,2.00,0.00,0.00,3.00,2.00,9.00,2.00,14.00,2.00,3.00,3.00,9.00
26.00,2.00,3.00,176.00,"2689,77",9.00,63.00,32.00,"2793,75",3.00,26.00,0.00,0.00,0.00,0.00,0.00,0.00,0.00,0.00,0.00,0.00,0.00,0.00,0.00,3.00,0.00,4.00,0.00,1.00,0.00,2.00
27.00,0.00,21.00,980.00,"1973,27",192.00,10.00,123.00,"5095,12",45.00,11.00,105.00,2.00,2.00,1.00,0.00,2.00,110.00,2.00,2.00,1.00,0.00,2.00,26.00,22.00,29.00,26.00,4.00,4.00,21.00,25.00
28.00,0.00,14.00,220.00,"2440,91",82.00,1.00,106.00,"1734,91",41.00,16.00,0.00,0.00,0.00,0.00,0.00,0.00,259.00,3.00,5.00,0.00,2.00,2.00,5.00,2.00,6.00,2.00,1.00,2.00,4.00,3.00
29.00,0.00,30.00,1518.00,"1689,33",314.00,109.00,219.00,"2235,62",5.00,209.00,0.00,0.00,0.00,0.00,0.00,0.00,0.00,0.00,0.00,0.00,0.00,0.00,2.00,0.00,1.00,0.00,1.00,0.00,2.00,0.00
30.00,0.00,24.00,856.00,"2160,63",216.00,121.00,132.00,"1043,18",26.00,99.00,0.00,0.00,0.00,0.00,0.00,0.00,0.00,0.00,0.00,0.00,0.00,0.00,0.00,0.00,0.00,0.00,0.00,0.00,0.00,0.00
31.00,2.00,10.00,1136.00,"1690,4",221.00,47.00,262.00,"2220,23",55.00,166.00,0.00,0.00,0.00,0.00,1.00,1.00,15.00,0.00,2.00,0.00,0.00,2.00,4.00,7.00,3.00,4.00,3.00,2.00,4.00,7.00
32.00,1.00,11.00,882.00,"1704,42",204.00,38.00,55.00,"1723,64",7.00,47.00,0.00,0.00,0.00,0.00,0.00,0.00,0.00,0.00,0.00,0.00,0.00,0.00,0.00,0.00,0.00,0.00,0.00,0.00,0.00,0.00
33.00,0.00,25.00,212.00,"769,81",63.00,53.00,145.00,"2689,66",35.00,79.00,48.00,1.00,0.00,0.00,0.00,1.00,331.00,3.00,5.00,0.00,0.00,2.00,13.00,39.00,14.00,43.00,2.00,2.00,6.00,16.00
34.00,0.00,8.00,1405.00,"2327,4",281.00,113.00,443.00,"1178,33",64.00,358.00,0.00,0.00,0.00,0.00,0.00,0.00,0.00,0.00,0.00,0.00,0.00,0.00,0.00,0.00,0.00,0.00,0.00,0.00,0.00,0.00
35.00,0.00,3.00,988.00,"1362,75",299.00,110.00,358.00,"1129,61",97.00,149.00,0.00,0.00,0.00,0.00,0.00,0.00,2.00,0.00,1.00,0.00,0.00,1.00,1.00,7.00,0.00,8.00,1.00,1.00,1.00,5.00
36.00,1.00,33.00,525.00,"1667,43",145.00,14.00,436.00,"2857,57",115.00,20.00,925.00,5.00,6.00,1.00,1.00,2.00,4694.00,12.00,14.00,0.00,3.00,4.00,28.00,187.00,22.00,165.00,3.00,5.00,22.00,63.00
37.00,0.00,39.00,272.00,"1632,35",100.00,79.00,626.00,"1836,9",139.00,69.00,1058.00,13.00,6.00,1.00,0.00,3.00,4841.00,25.00,12.00,3.00,0.00,3.00,21.00,99.00,31.00,119.00,3.00,6.00,18.00,46.00
38.00,0.00,32.00,550.00,"2160,55",160.00,59.00,88.00,"2809,09",16.00,59.00,5.00,1.00,0.00,0.00,0.00,1.00,0.00,0.00,0.00,0.00,0.00,0.00,0.00,0.00,0.00,0.00,0.00,0.00,0.00,0.00
39.00,0.00,33.00,1083.00,"1638,23",169.00,42.00,337.00,"2480,12",88.00,90.00,850.00,7.00,3.00,0.00,1.00,1.00,4642.00,20.00,14.00,0.00,3.00,2.00,33.00,52.00,28.00,42.00,6.00,4.00,32.00,42.00
40.00,0.00,0.00,83.00,"1807,23",0.00,83.00,214.00,"1686,45",4.00,208.00,0.00,0.00,0.00,0.00,0.00,0.00,0.00,0.00,0.00,0.00,0.00,0.00,0.00,0.00,0.00,0.00,0.00,0.00,0.00,0.00
41.00,1.00,10.00,1593.00,"2543,88",256.00,74.00,392.00,"4118,88",73.00,165.00,0.00,0.00,0.00,0.00,0.00,0.00,0.00,0.00,0.00,0.00,0.00,0.00,0.00,0.00,0.00,0.00,0.00,0.00,0.00,0.00
42.00,0.00,13.00,1192.00,"1806,04",305.00,93.00,239.00,"2371,13",77.00,92.00,0.00,0.00,0.00,0.00,0.00,0.00,100.00,1.00,1.00,0.00,0.00,1.00,2.00,0.00,1.00,0.00,1.00,0.00,1.00,0.00
43.00,0.00,14.00,321.00,"1560,75",107.00,167.00,404.00,"1279,46",17.00,387.00,0.00,0.00,0.00,0.00,0.00,0.00,2.00,1.00,0.00,0.00,0.00,1.00,0.00,8.00,1.00,7.00,1.00,1.00,1.00,5.00
44.00,0.00,7.00,1357.00,"2159,91",251.00,63.00,704.00,"4048,3",87.00,112.00,0.00,0.00,0.00,0.00,0.00,0.00,0.00,0.00,0.00,0.00,0.00,0.00,0.00,0.00,0.00,0.00,0.00,0.00,0.00,0.00
45.00,0.00,2.00,505.00,"1378,81",134.00,70.00,263.00,"2750,19",22.00,226.00,0.00,0.00,0.00,0.00,0.00,0.00,0.00,0.00,0.00,0.00,0.00,0.00,0.00,0.00,0.00,0.00,0.00,0.00,0.00,0.00
46.00,1.00,26.00,446.00,"1705,16",161.00,69.00,533.00,"2202,44",109.00,92.00,493.00,0.00,7.00,0.00,0.00,1.00,163.00,2.00,4.00,0.00,0.00,2.00,23.00,6.00,20.00,5.00,3.00,2.00,11.00,2.00
47.00,0.00,10.00,435.00,"2064,14",134.00,55.00,910.00,"2580,33",109.00,80.00,1895.00,22.00,10.00,2.00,0.00,2.00,2084.00,15.00,20.00,0.00,1.00,3.00,23.00,5.00,33.00,20.00,3.00,3.00,20.00,15.00
48.00,1.00,16.00,1646.00,"2382,5",318.00,90.00,895.00,"3472,29",198.00,293.00,1075.00,8.00,9.00,3.00,1.00,2.00,3350.00,20.00,16.00,6.00,0.00,2.00,77.00,91.00,49.00,55.00,1.00,2.00,45.00,46.00
49.00,0.00,38.00,1800.00,"1904,83",433.00,66.00,357.00,"4630,25",135.00,73.00,2581.00,19.00,11.00,1.00,3.00,4.00,3516.00,18.00,28.00,0.00,8.00,5.00,97.00,75.00,135.00,115.00,6.00,4.00,81.00,64.00
50.00,0.00,10.00,1690.00,"1522,54",398.00,111.00,514.00,"2325,88",136.00,257.00,159.00,0.00,1.00,0.00,0.00,1.00,0.00,0.00,0.00,0.00,0.00,0.00,2.00,3.00,2.00,2.00,1.00,1.00,1.00,3.00
51.00,1.00,14.00,883.00,"1300,91",315.00,83.00,715.00,"3177,06",174.00,162.00,368.00,2.00,2.00,3.00,0.00,2.00,87.00,1.00,7.00,0.00,0.00,1.00,30.00,32.00,25.00,29.00,2.00,2.00,22.00,23.00
52.00,0.00,65.00,1522.00,"1408,34",404.00,125.00,2421.00,"2482,65",253.00,386.00,46.00,1.00,2.00,1.00,1.00,3.00,548.00,8.00,4.00,0.00,0.00,10.00,12.00,10.00,17.00,12.00,4.00,6.00,8.00,11.00
53.00,1.00,6.00,658.00,"2193,92",233.00,76.00,445.00,"2777,53",153.00,156.00,0.00,0.00,0.00,0.00,0.00,0.00,0.00,0.00,0.00,0.00,0.00,0.00,0.00,0.00,0.00,0.00,0.00,0.00,0.00,0.00
54.00,1.00,23.00,1693.00,"1409,27",261.00,24.00,278.00,"2079,5",79.00,147.00,0.00,0.00,0.00,0.00,0.00,0.00,0.00,0.00,0.00,0.00,0.00,0.00,1.00,2.00,1.00,1.00,1.00,1.00,1.00,1.00
55.00,0.00,15.00,881.00,"1466,63",203.00,56.00,699.00,"1564,81",150.00,66.00,0.00,0.00,0.00,0.00,0.00,0.00,0.00,0.00,0.00,0.00,0.00,0.00,0.00,25.00,0.00,26.00,0.00,2.00,0.00,5.00
56.00,2.00,8.00,800.00,"2162,25",272.00,63.00,585.00,"3363,59",54.00,221.00,0.00,0.00,0.00,0.00,0.00,0.00,150.00,4.00,1.00,0.00,0.00,1.00,0.00,7.00,0.00,1.00,0.00,1.00,0.00,2.00
57.00,0.00,7.00,1311.00,"2288,56",329.00,76.00,1009.00,"1961,74",69.00,40.00,36.00,0.00,2.00,0.00,0.00,2.00,2.00,0.00,1.00,0.00,1.00,2.00,6.00,3.00,8.00,7.00,2.00,3.00,3.00,7.00
58.00,0.00,22.00,866.00,"3062,36",194.00,79.00,567.00,"3436,51",58.00,117.00,0.00,0.00,0.00,0.00,0.00,0.00,357.00,3.00,3.00,0.00,0.00,3.00,13.00,10.00,8.00,4.00,3.00,2.00,9.00,4.00
59.00,0.00,7.00,171.00,"2315,79",49.00,35.00,236.00,"5647,88",51.00,45.00,206.00,2.00,0.00,0.00,0.00,1.00,27.00,0.00,1.00,0.00,12.00,1.00,2.00,6.00,6.00,4.00,1.00,2.00,3.00,2.00
60.00,2.00,18.00,5.00,960.00,0.00,5.00,30.00,1120.00,2.00,28.00,0.00,0.00,0.00,0.00,0.00,0.00,0.00,0.00,0.00,0.00,0.00,0.00,0.00,0.00,0.00,0.00,0.00,0.00,0.00,0.00
61.00,1.00,19.00,2063.00,"2074,7",354.00,99.00,340.00,"2998,24",99.00,144.00,0.00,0.00,0.00,0.00,0.00,0.00,0.00,0.00,0.00,0.00,0.00,0.00,10.00,16.00,11.00,14.00,1.00,1.00,5.00,6.00
62.00,0.00,3.00,333.00,"2900,9",70.00,127.00,728.00,"5893,68",44.00,257.00,0.00,0.00,0.00,0.00,0.00,0.00,67.00,1.00,0.00,0.00,0.00,1.00,3.00,2.00,4.00,2.00,1.00,1.00,1.00,1.00
63.00,0.00,8.00,1066.00,"1710,79",222.00,38.00,258.00,"2160,47",80.00,135.00,320.00,2.00,2.00,0.00,0.00,1.00,71.00,0.00,2.00,0.00,0.00,1.00,8.00,2.00,10.00,3.00,2.00,1.00,6.00,3.00
64.00,0.00,16.00,1030.00,"2145,44",286.00,48.00,1087.00,"3450,41",123.00,82.00,77.00,0.00,2.00,0.00,0.00,2.00,3.00,0.00,1.00,0.00,0.00,1.00,0.00,12.00,1.00,22.00,1.00,4.00,1.00,10.00
65.00,0.00,15.00,895.00,"2568,94",231.00,101.00,326.00,"1497,24",63.00,219.00,0.00,0.00,0.00,0.00,0.00,0.00,70.00,0.00,1.00,0.00,0.00,1.00,2.00,0.00,1.00,0.00,1.00,0.00,2.00,0.00
66.00,1.00,8.00,32.00,"731,25",6.00,26.00,73.00,"1828,77",15.00,35.00,134.00,1.00,1.00,0.00,1.00,1.00,20.00,1.00,0.00,0.00,0.00,1.00,0.00,1.00,0.00,1.00,0.00,1.00,0.00,1.00
67.00,0.00,6.00,636.00,"2154,72",161.00,140.00,382.00,"1829,84",20.00,358.00,0.00,0.00,0.00,0.00,0.00,0.00,864.00,1.00,4.00,0.00,1.00,1.00,1.00,21.00,1.00,16.00,1.00,1.00,1.00,4.00
68.00,1.00,17.00,289.00,"1137,72",115.00,47.00,120.00,"2477,5",39.00,29.00,35.00,0.00,1.00,0.00,0.00,1.00,2.00,1.00,0.00,0.00,0.00,1.00,2.00,4.00,1.00,4.00,1.00,2.00,2.00,5.00
69.00,0.00,32.00,851.00,"1679,08",279.00,66.00,1337.00,"3257,37",186.00,165.00,454.00,5.00,9.00,2.00,1.00,4.00,352.00,4.00,4.00,0.00,0.00,4.00,12.00,6.00,8.00,7.00,4.00,3.00,12.00,5.00
70.00,0.00,0.00,680.00,"1447,94",163.00,101.00,1033.00,"1911,52",170.00,273.00,0.00,0.00,0.00,0.00,0.00,0.00,130.00,0.00,1.00,0.00,0.00,1.00,1.00,7.00,2.00,6.00,1.00,1.00,2.00,8.00
71.00,0.00,12.00,219.00,"1746,58",35.00,178.00,602.00,"1733,72",56.00,423.00,0.00,0.00,0.00,0.00,0.00,0.00,41.00,1.00,0.00,0.00,0.00,1.00,2.00,0.00,1.00,0.00,1.00,0.00,1.00,0.00
72.00,0.00,19.00,2046.00,"2121,85",380.00,105.00,656.00,"1588,72",93.00,89.00,0.00,0.00,0.00,0.00,0.00,0.00,143.00,1.00,0.00,0.00,0.00,1.00,4.00,2.00,4.00,1.00,1.00,1.00,4.00,1.00
73.00,0.00,13.00,728.00,"1610,85",217.00,11.00,407.00,"3373,71",70.00,11.00,0.00,0.00,0.00,0.00,0.00,0.00,143.00,0.00,1.00,0.00,0.00,1.00,2.00,10.00,5.00,12.00,1.00,2.00,3.00,3.00
74.00,1.00,30.00,799.00,"2185,23",174.00,31.00,175.00,"2230,29",27.00,119.00,43.00,5.00,0.00,0.00,0.00,1.00,14.00,1.00,1.00,0.00,0.00,1.00,9.00,6.00,7.00,7.00,2.00,1.00,6.00,2.00
75.00,1.00,65.00,699.00,"1356,22",210.00,58.00,697.00,"1848,64",129.00,111.00,197.00,1.00,0.00,0.00,3.00,1.00,152.00,0.00,2.00,0.00,0.00,1.00,6.00,20.00,17.00,23.00,3.00,3.00,12.00,19.00
76.00,0.00,15.00,815.00,"1791,53",208.00,38.00,193.00,"2541,45",48.00,70.00,0.00,0.00,0.00,0.00,0.00,0.00,48.00,1.00,1.00,0.00,0.00,2.00,7.00,11.00,6.00,16.00,2.00,2.00,7.00,13.00
77.00,0.00,1.00,18.00,"566,67",2.00,16.00,48.00,1525.00,11.00,34.00,0.00,0.00,0.00,0.00,0.00,0.00,0.00,0.00,0.00,0.00,0.00,0.00,0.00,0.00,0.00,0.00,0.00,0.00,0.00,0.00
78.00,0.00,16.00,1282.00,"2157,1",256.00,41.00,586.00,"2522,87",85.00,107.00,0.00,0.00,0.00,0.00,0.00,0.00,0.00,0.00,0.00,0.00,0.00,0.00,0.00,0.00,0.00,0.00,0.00,0.00,0.00,0.00
79.00,0.00,18.00,1418.00,"1673,06",347.00,101.00,665.00,"1648,42",179.00,147.00,0.00,0.00,0.00,0.00,0.00,0.00,542.00,3.00,3.00,1.00,0.00,2.00,4.00,8.00,6.00,7.00,1.00,1.00,3.00,3.00
80.00,0.00,22.00,675.00,"1769,78",189.00,101.00,400.00,"1426,5",38.00,323.00,0.00,0.00,0.00,0.00,0.00,0.00,72.00,0.00,1.00,0.00,1.00,1.00,0.00,0.00,0.00,0.00,0.00,0.00,0.00,0.00
81.00,0.00,62.00,1379.00,"1129,95",355.00,121.00,1209.00,"2144,67",213.00,181.00,0.00,0.00,0.00,1.00,0.00,1.00,36.00,1.00,0.00,0.00,0.00,1.00,0.00,0.00,1.00,0.00,1.00,0.00,1.00,0.00
82.00,0.00,2.00,268.00,"1473,13",111.00,6.00,87.00,"2382,76",8.00,79.00,81.00,1.00,0.00,0.00,1.00,1.00,199.00,0.00,1.00,0.00,0.00,1.00,3.00,5.00,3.00,6.00,1.00,1.00,2.00,4.00
83.00,0.00,20.00,724.00,"1403,04",189.00,40.00,988.00,"2861,23",97.00,99.00,0.00,0.00,0.00,0.00,0.00,0.00,61.00,0.00,1.00,0.00,0.00,1.00,0.00,2.00,0.00,1.00,0.00,1.00,0.00,1.00
84.00,0.00,6.00,762.00,"2133,86",258.00,61.00,95.00,"5002,11",19.00,69.00,0.00,0.00,0.00,0.00,0.00,0.00,0.00,0.00,0.00,0.00,0.00,0.00,0.00,0.00,0.00,0.00,0.00,0.00,0.00,0.00
85.00,0.00,25.00,734.00,"1132,97",156.00,13.00,320.00,"2709,38",52.00,33.00,1796.00,11.00,3.00,0.00,0.00,3.00,520.00,7.00,1.00,0.00,0.00,2.00,37.00,10.00,26.00,8.00,4.00,2.00,11.00,2.00
86.00,0.00,3.00,364.00,"1395,33",126.00,46.00,73.00,"731,51",31.00,35.00,0.00,0.00,0.00,0.00,0.00,0.00,0.00,0.00,0.00,0.00,0.00,0.00,0.00,0.00,0.00,0.00,0.00,0.00,0.00,0.00
87.00,0.00,13.00,1057.00,"1446,93",325.00,125.00,157.00,"1486,62",81.00,40.00,0.00,0.00,0.00,0.00,0.00,0.00,0.00,0.00,0.00,0.00,0.00,0.00,0.00,0.00,0.00,0.00,0.00,0.00,0.00,0.00
88.00,0.00,34.00,2135.00,"1993,91",391.00,97.00,1567.00,"1646,46",237.00,156.00,140.00,7.00,1.00,0.00,0.00,3.00,373.00,4.00,7.00,1.00,0.00,6.00,10.00,15.00,7.00,12.00,3.00,5.00,6.00,13.00
89.00,0.00,0.00,133.00,"1723,31",49.00,40.00,147.00,"4551,02",8.00,110.00,24.00,1.00,0.00,0.00,0.00,1.00,45.00,0.00,2.00,0.00,0.00,1.00,7.00,1.00,8.00,2.00,1.00,1.00,3.00,1.00
90.00,1.00,25.00,1412.00,"1761,54",372.00,85.00,745.00,"3364,83",124.00,123.00,4836.00,20.00,19.00,2.00,0.00,3.00,6087.00,14.00,22.00,1.00,0.00,3.00,240.00,155.00,279.00,173.00,6.00,6.00,78.00,64.00
91.00,0.00,13.00,595.00,"2484,71",184.00,70.00,785.00,"2965,22",75.00,80.00,4001.00,18.00,15.00,0.00,1.00,1.00,2530.00,16.00,11.00,0.00,0.00,2.00,269.00,159.00,231.00,147.00,2.00,2.00,65.00,49.00
92.00,0.00,0.00,2035.00,"2252,58",359.00,102.00,1235.00,"1802,43",252.00,273.00,188.00,0.00,4.00,0.00,0.00,3.00,200.00,2.00,3.00,2.00,1.00,4.00,4.00,16.00,3.00,17.00,4.00,3.00,5.00,9.00
93.00,1.00,8.00,615.00,"2223,41",181.00,22.00,33.00,"1009,09",22.00,8.00,0.00,0.00,0.00,0.00,2.00,1.00,587.00,2.00,0.00,0.00,0.00,1.00,92.00,96.00,134.00,126.00,1.00,1.00,24.00,16.00
94.00,0.00,13.00,933.00,"2397,11",196.00,15.00,282.00,"3467,02",89.00,30.00,45.00,2.00,0.00,2.00,0.00,1.00,228.00,0.00,1.00,0.00,0.00,1.00,3.00,6.00,7.00,10.00,2.00,1.00,3.00,2.00
95.00,0.00,10.00,1616.00,"2272,65",300.00,95.00,987.00,"2038,6",176.00,211.00,345.00,4.00,9.00,0.00,0.00,4.00,1331.00,6.00,12.00,0.00,0.00,4.00,18.00,13.00,29.00,25.00,6.00,6.00,17.00,18.00
96.00,1.00,61.00,151.00,"1068,87",49.00,42.00,1103.00,"1612,33",185.00,91.00,374.00,6.00,3.00,0.00,0.00,4.00,567.00,11.00,3.00,1.00,0.00,4.00,8.00,20.00,5.00,19.00,2.00,4.00,4.00,17.00
97.00,0.00,15.00,1368.00,"1711,4",335.00,94.00,94.00,"2955,32",44.00,37.00,162.00,1.00,4.00,0.00,0.00,2.00,89.00,2.00,0.00,0.00,0.00,1.00,33.00,6.00,21.00,8.00,3.00,2.00,16.00,7.00
98.00,0.00,2.00,952.00,"1376,47",289.00,128.00,274.00,"2902,55",49.00,206.00,1698.00,6.00,3.00,1.00,1.00,2.00,207.00,1.00,1.00,0.00,0.00,2.00,8.00,4.00,8.00,2.00,1.00,1.00,3.00,2.00
99.00,0.00,24.00,1254.00,"1954,78",273.00,82.00,234.00,"2321,79",66.00,151.00,0.00,0.00,0.00,0.00,0.00,0.00,0.00,0.00,0.00,0.00,0.00,0.00,0.00,3.00,0.00,4.00,0.00,1.00,0.00,2.00
100.00,1.00,40.00,1974.00,"2728,27",326.00,66.00,1025.00,"3570,73",224.00,74.00,197.00,4.00,1.00,0.00,2.00,3.00,146.00,4.00,3.00,0.00,0.00,5.00,18.00,48.00,23.00,54.00,6.00,9.00,16.00,30.00
101.00,0.00,0.00,587.00,"1000,17",220.00,88.00,734.00,"1804,09",130.00,213.00,0.00,0.00,0.00,0.00,0.00,0.00,0.00,0.00,0.00,0.00,0.00,0.00,0.00,0.00,0.00,0.00,0.00,0.00,0.00,0.00
102.00,0.00,6.00,777.00,"1913,13",208.00,119.00,385.00,"2088,31",99.00,158.00,2.00,0.00,1.00,0.00,1.00,1.00,420.00,5.00,7.00,0.00,0.00,1.00,25.00,39.00,24.00,37.00,2.00,1.00,12.00,12.00
103.00,0.00,1.00,84.00,"3071,43",0.00,84.00,118.00,"3213,56",0.00,118.00,0.00,0.00,0.00,0.00,0.00,0.00,0.00,0.00,0.00,0.00,0.00,0.00,0.00,0.00,0.00,0.00,0.00,0.00,0.00,0.00
104.00,1.00,39.00,624.00,"2168,27",209.00,60.00,347.00,"4268,3",56.00,180.00,194.00,5.00,0.00,1.00,0.00,2.00,1679.00,5.00,0.00,1.00,0.00,1.00,43.00,82.00,42.00,73.00,3.00,3.00,26.00,20.00
105.00,0.00,8.00,1629.00,"1926,34",268.00,119.00,800.00,"3061,12",134.00,144.00,0.00,0.00,0.00,0.00,0.00,0.00,240.00,3.00,4.00,1.00,0.00,3.00,0.00,18.00,0.00,13.00,0.00,2.00,0.00,6.00
106.00,0.00,15.00,890.00,"2256,07",235.00,72.00,239.00,"2425,1",27.00,132.00,1020.00,2.00,11.00,0.00,0.00,3.00,756.00,7.00,1.00,0.00,2.00,3.00,19.00,1.00,27.00,0.00,2.00,1.00,8.00,1.00
107.00,1.00,27.00,1060.00,"1482,17",334.00,88.00,435.00,"1238,62",135.00,134.00,0.00,0.00,0.00,0.00,0.00,0.00,0.00,0.00,0.00,0.00,1.00,1.00,0.00,0.00,0.00,0.00,0.00,0.00,0.00,0.00
108.00,0.00,42.00,918.00,"1929,41",277.00,78.00,557.00,"2026,75",99.00,149.00,184.00,1.00,0.00,0.00,0.00,1.00,437.00,6.00,3.00,0.00,0.00,2.00,15.00,2.00,16.00,2.00,4.00,3.00,9.00,4.00
109.00,2.00,18.00,1078.00,"1468,55",235.00,38.00,766.00,"1109,14",150.00,239.00,395.00,2.00,5.00,0.00,0.00,3.00,678.00,13.00,5.00,0.00,1.00,4.00,22.00,26.00,32.00,33.00,2.00,4.00,8.00,11.00
110.00,1.00,3.00,53.00,"12860,38",0.00,53.00,71.00,"8945,07",1.00,70.00,0.00,0.00,0.00,0.00,0.00,0.00,0.00,0.00,0.00,0.00,0.00,0.00,0.00,0.00,0.00,0.00,0.00,0.00,0.00,0.00
111.00,0.00,25.00,716.00,"2146,09",253.00,56.00,198.00,"3065,15",41.00,61.00,146.00,2.00,2.00,0.00,1.00,2.00,298.00,5.00,0.00,0.00,4.00,2.00,5.00,0.00,6.00,1.00,2.00,1.00,4.00,1.00
112.00,1.00,8.00,379.00,"2829,82",126.00,30.00,250.00,"1382,4",6.00,244.00,0.00,0.00,0.00,0.00,0.00,0.00,0.00,0.00,0.00,0.00,0.00,0.00,0.00,0.00,0.00,1.00,0.00,1.00,0.00,1.00
113.00,1.00,6.00,742.00,"1643,53",200.00,25.00,186.00,"2159,68",44.00,122.00,0.00,0.00,0.00,0.00,0.00,0.00,0.00,0.00,0.00,0.00,0.00,0.00,0.00,0.00,0.00,0.00,0.00,0.00,0.00,0.00
114.00,0.00,7.00,1878.00,"2093,29",314.00,60.00,141.00,"8087,23",48.00,46.00,22.00,0.00,1.00,0.00,0.00,1.00,0.00,0.00,0.00,0.00,0.00,0.00,49.00,9.00,65.00,8.00,2.00,2.00,17.00,7.00
115.00,0.00,30.00,618.00,"1427,18",212.00,43.00,66.00,"2622,73",15.00,46.00,26.00,0.00,1.00,1.00,0.00,1.00,0.00,0.00,0.00,0.00,0.00,0.00,25.00,38.00,22.00,32.00,1.00,1.00,12.00,25.00
116.00,0.00,5.00,687.00,"1588,21",268.00,99.00,420.00,"2692,86",101.00,159.00,380.00,4.00,10.00,0.00,3.00,2.00,74.00,0.00,2.00,0.00,0.00,2.00,5.00,16.00,3.00,11.00,1.00,2.00,5.00,13.00
117.00,0.00,11.00,7.00,"3214,29",0.00,7.00,20.00,3480.00,1.00,19.00,0.00,0.00,0.00,0.00,0.00,0.00,532.00,2.00,2.00,0.00,1.00,1.00,0.00,0.00,0.00,0.00,0.00,0.00,0.00,0.00
118.00,0.00,31.00,1385.00,"1903,97",158.00,31.00,104.00,"2255,77",46.00,19.00,43.00,0.00,1.00,0.00,0.00,1.00,0.00,0.00,0.00,0.00,0.00,0.00,0.00,4.00,3.00,3.00,1.00,2.00,3.00,4.00
119.00,0.00,7.00,1282.00,"2370,28",243.00,78.00,1150.00,2028.00,198.00,148.00,57.00,2.00,2.00,0.00,0.00,2.00,252.00,4.00,1.00,0.00,0.00,2.00,36.00,53.00,39.00,41.00,2.00,3.00,26.00,16.00
120.00,0.00,3.00,1291.00,"2161,35",206.00,87.00,213.00,"3942,25",32.00,145.00,128.00,2.00,1.00,0.00,0.00,1.00,72.00,3.00,2.00,0.00,0.00,1.00,12.00,37.00,15.00,43.00,2.00,2.00,14.00,26.00
121.00,0.00,12.00,738.00,"2105,69",215.00,32.00,92.00,"3283,7",25.00,59.00,26.00,1.00,0.00,1.00,0.00,1.00,2454.00,3.00,0.00,0.00,0.00,1.00,10.00,17.00,10.00,18.00,3.00,1.00,6.00,7.00
122.00,0.00,33.00,1196.00,"2114,05",148.00,63.00,838.00,"1604,18",148.00,85.00,3.00,0.00,1.00,0.00,0.00,1.00,192.00,1.00,2.00,1.00,0.00,2.00,1.00,63.00,2.00,60.00,2.00,2.00,3.00,12.00
123.00,1.00,18.00,948.00,"1214,24",298.00,86.00,967.00,"1992,04",132.00,122.00,0.00,0.00,0.00,0.00,0.00,0.00,0.00,0.00,0.00,0.00,0.00,0.00,6.00,3.00,3.00,1.00,2.00,1.00,3.00,3.00
124.00,0.00,0.00,350.00,"2186,57",110.00,65.00,96.00,"2871,88",5.00,91.00,0.00,0.00,0.00,0.00,0.00,0.00,0.00,0.00,0.00,0.00,0.00,0.00,0.00,0.00,0.00,0.00,0.00,0.00,0.00,0.00
125.00,0.00,1.00,375.00,"1620,8",70.00,76.00,156.00,"1357,69",3.00,153.00,0.00,0.00,0.00,0.00,0.00,0.00,0.00,0.00,0.00,0.00,0.00,0.00,0.00,0.00,0.00,0.00,0.00,0.00,0.00,0.00
126.00,0.00,5.00,454.00,"1517,18",181.00,130.00,270.00,"2367,78",44.00,219.00,39.00,1.00,2.00,0.00,0.00,1.00,0.00,0.00,0.00,0.00,0.00,0.00,8.00,2.00,8.00,2.00,1.00,1.00,6.00,2.00
127.00,0.00,4.00,850.00,"1778,47",241.00,135.00,350.00,"1807,71",32.00,298.00,0.00,0.00,0.00,0.00,0.00,0.00,0.00,0.00,0.00,0.00,0.00,0.00,0.00,0.00,0.00,0.00,0.00,0.00,0.00,0.00
128.00,0.00,20.00,958.00,"1534,76",282.00,65.00,394.00,"2719,8",88.00,132.00,0.00,0.00,0.00,2.00,0.00,1.00,199.00,2.00,0.00,0.00,1.00,2.00,10.00,5.00,13.00,5.00,3.00,3.00,9.00,4.00
129.00,0.00,8.00,536.00,"2502,43",157.00,29.00,266.00,"1643,23",34.00,41.00,17.00,1.00,0.00,0.00,0.00,1.00,3.00,1.00,0.00,0.00,2.00,1.00,3.00,2.00,1.00,5.00,1.00,2.00,3.00,4.00
130.00,0.00,18.00,1638.00,"1630,4",331.00,63.00,606.00,"1864,85",178.00,123.00,0.00,0.00,0.00,0.00,0.00,0.00,0.00,0.00,0.00,0.00,0.00,0.00,0.00,0.00,0.00,0.00,0.00,0.00,0.00,0.00
131.00,1.00,24.00,151.00,"1533,77",60.00,26.00,465.00,"1845,81",98.00,34.00,61.00,1.00,0.00,0.00,0.00,1.00,1052.00,1.00,3.00,0.00,0.00,2.00,10.00,6.00,7.00,5.00,2.00,2.00,3.00,4.00
132.00,1.00,16.00,1424.00,"1670,65",384.00,111.00,386.00,"1912,69",89.00,166.00,0.00,0.00,0.00,0.00,0.00,0.00,0.00,0.00,0.00,0.00,0.00,0.00,0.00,0.00,0.00,0.00,0.00,0.00,0.00,0.00
133.00,0.00,21.00,991.00,"1711,91",248.00,19.00,166.00,"1033,73",71.00,38.00,488.00,5.00,6.00,1.00,2.00,4.00,102.00,1.00,0.00,0.00,0.00,1.00,38.00,21.00,40.00,13.00,4.00,3.00,18.00,6.00
135.00,1.00,23.00,34.00,"7861,76",3.00,30.00,96.00,"5446,88",3.00,93.00,0.00,0.00,0.00,0.00,0.00,0.00,2.00,0.00,1.00,1.00,0.00,1.00,0.00,3.00,0.00,1.00,0.00,1.00,0.00,2.00
136.00,0.00,18.00,1826.00,"1997,15",285.00,112.00,1117.00,"3515,4",97.00,219.00,432.00,1.00,6.00,0.00,0.00,3.00,10298.00,8.00,14.00,0.00,1.00,4.00,141.00,177.00,133.00,193.00,4.00,4.00,73.00,81.00
137.00,1.00,27.00,1662.00,"1879,6",288.00,92.00,562.00,"4322,78",129.00,79.00,237.00,4.00,1.00,0.00,0.00,1.00,10248.00,7.00,8.00,6.00,0.00,2.00,130.00,191.00,136.00,169.00,3.00,4.00,70.00,86.00
138.00,0.00,12.00,540.00,"1550,56",93.00,147.00,291.00,"2230,93",30.00,252.00,0.00,0.00,0.00,0.00,0.00,0.00,0.00,0.00,0.00,0.00,0.00,0.00,0.00,0.00,0.00,0.00,0.00,0.00,0.00,0.00
139.00,0.00,31.00,951.00,"2513,25",176.00,14.00,117.00,"4420,51",48.00,15.00,38.00,1.00,0.00,0.00,0.00,1.00,2078.00,5.00,4.00,0.00,0.00,1.00,20.00,52.00,34.00,49.00,3.00,2.00,17.00,22.00
140.00,0.00,16.00,1616.00,"2512,13",277.00,88.00,382.00,"2427,49",67.00,235.00,4.00,2.00,0.00,0.00,0.00,1.00,131.00,5.00,1.00,0.00,0.00,2.00,11.00,14.00,10.00,12.00,2.00,2.00,9.00,11.00
141.00,0.00,12.00,274.00,"1908,39",93.00,53.00,266.00,"1607,14",66.00,67.00,61.00,1.00,0.00,0.00,0.00,1.00,6.00,0.00,1.00,0.00,0.00,1.00,49.00,71.00,54.00,70.00,3.00,3.00,27.00,32.00
143.00,2.00,9.00,238.00,"1462,18",131.00,54.00,230.00,"3969,13",64.00,86.00,0.00,0.00,0.00,0.00,0.00,0.00,83.00,3.00,2.00,0.00,0.00,2.00,0.00,5.00,0.00,4.00,0.00,2.00,0.00,3.00
144.00,0.00,16.00,1146.00,"1785,08",262.00,40.00,1037.00,"2379,75",124.00,124.00,284.00,3.00,2.00,0.00,1.00,2.00,742.00,9.00,7.00,0.00,1.00,2.00,28.00,21.00,28.00,26.00,2.00,4.00,17.00,11.00
145.00,0.00,2.00,1120.00,"1354,02",290.00,95.00,188.00,"2794,15",12.00,176.00,2536.00,3.00,1.00,2.00,0.00,1.00,1921.00,2.00,1.00,0.00,4.00,1.00,2.00,12.00,4.00,12.00,1.00,1.00,5.00,8.00
146.00,1.00,25.00,721.00,"2112,48",147.00,27.00,171.00,"2629,82",70.00,40.00,2536.00,1.00,3.00,0.00,2.00,1.00,2095.00,3.00,2.00,4.00,0.00,3.00,20.00,49.00,17.00,62.00,4.00,4.00,18.00,42.00
147.00,0.00,18.00,846.00,"1320,57",213.00,13.00,378.00,"1073,02",82.00,9.00,243.00,4.00,0.00,0.00,0.00,1.00,473.00,9.00,3.00,0.00,0.00,1.00,7.00,7.00,10.00,8.00,1.00,1.00,4.00,4.00
148.00,0.00,31.00,1364.00,"2006,52",246.00,61.00,447.00,"5985,23",76.00,74.00,0.00,0.00,0.00,0.00,0.00,0.00,0.00,0.00,0.00,0.00,0.00,0.00,0.00,2.00,0.00,0.00,0.00,1.00,0.00,2.00
149.00,0.00,0.00,2122.00,"2098,44",396.00,92.00,692.00,"3699,71",81.00,362.00,38.00,0.00,1.00,0.00,0.00,1.00,134.00,1.00,3.00,3.00,0.00,2.00,17.00,46.00,17.00,39.00,1.00,2.00,10.00,20.00
150.00,0.00,2.00,86.00,"3627,91",8.00,78.00,196.00,"2300,51",2.00,194.00,0.00,0.00,0.00,0.00,0.00,0.00,0.00,0.00,0.00,0.00,0.00,0.00,0.00,0.00,0.00,0.00,0.00,0.00,0.00,0.00
151.00,1.00,30.00,1539.00,"1683,04",304.00,79.00,707.00,"3531,68",132.00,86.00,0.00,0.00,0.00,0.00,0.00,0.00,28.00,1.00,1.00,0.00,0.00,2.00,3.00,44.00,4.00,47.00,1.00,2.00,1.00,18.00
152.00,0.00,14.00,1555.00,"2105,59",320.00,67.00,485.00,"2904,74",117.00,148.00,301.00,10.00,8.00,0.00,1.00,1.00,148.00,3.00,1.00,0.00,0.00,2.00,24.00,41.00,17.00,48.00,2.00,2.00,11.00,21.00
153.00,0.00,4.00,725.00,"1060,14",196.00,117.00,330.00,"1807,27",47.00,244.00,72.00,0.00,2.00,0.00,1.00,1.00,10.00,2.00,0.00,0.00,0.00,1.00,1.00,6.00,1.00,6.00,1.00,1.00,1.00,3.00
154.00,1.00,24.00,1246.00,"1936,76",313.00,49.00,567.00,"1958,73",182.00,52.00,0.00,0.00,0.00,0.00,0.00,0.00,0.00,0.00,0.00,0.00,0.00,0.00,3.00,11.00,1.00,11.00,1.00,1.00,2.00,8.00
155.00,0.00,15.00,1311.00,"2176,66",261.00,137.00,428.00,"1481,07",44.00,360.00,0.00,0.00,0.00,0.00,0.00,0.00,3.00,1.00,0.00,0.00,0.00,1.00,8.00,4.00,8.00,7.00,2.00,2.00,5.00,5.00
156.00,0.00,8.00,822.00,"2292,7",232.00,71.00,467.00,"5095,5",71.00,62.00,0.00,0.00,0.00,0.00,0.00,0.00,0.00,0.00,0.00,0.00,0.00,0.00,0.00,0.00,0.00,0.00,0.00,0.00,0.00,0.00
157.00,1.00,23.00,1246.00,"2216,05",284.00,92.00,597.00,"2816,08",152.00,164.00,35.00,3.00,0.00,0.00,0.00,2.00,81.00,1.00,0.00,0.00,0.00,1.00,7.00,17.00,8.00,15.00,3.00,3.00,5.00,9.00
158.00,1.00,39.00,1471.00,"2212,98",321.00,47.00,581.00,"3032,53",182.00,127.00,575.00,2.00,5.00,0.00,2.00,3.00,561.00,4.00,2.00,0.00,0.00,2.00,20.00,1.00,22.00,2.00,3.00,1.00,13.00,2.00
159.00,2.00,0.00,1369.00,"2387,51",187.00,66.00,288.00,"1527,08",70.00,142.00,0.00,0.00,0.00,0.00,0.00,0.00,371.00,0.00,1.00,0.00,0.00,1.00,0.00,0.00,0.00,0.00,0.00,0.00,0.00,0.00
160.00,0.00,4.00,239.00,"1310,46",32.00,109.00,828.00,"1425,36",31.00,268.00,0.00,0.00,0.00,0.00,0.00,0.00,0.00,0.00,0.00,0.00,0.00,0.00,0.00,0.00,0.00,0.00,0.00,0.00,0.00,0.00
161.00,0.00,10.00,66.00,"1272,73",25.00,24.00,129.00,"4062,79",34.00,33.00,60.00,0.00,1.00,0.00,0.00,1.00,0.00,0.00,0.00,0.00,0.00,0.00,1.00,1.00,6.00,5.00,1.00,1.00,2.00,2.00
163.00,0.00,12.00,1031.00,"2658,39",302.00,42.00,360.00,"2679,17",121.00,89.00,25.00,0.00,1.00,0.00,0.00,1.00,0.00,0.00,0.00,0.00,0.00,0.00,18.00,16.00,26.00,19.00,5.00,4.00,16.00,18.00
164.00,1.00,8.00,1118.00,"2083,9",287.00,25.00,294.00,"2082,65",113.00,59.00,11.00,1.00,0.00,0.00,0.00,1.00,0.00,0.00,0.00,0.00,0.00,0.00,100.00,46.00,83.00,32.00,3.00,3.00,41.00,26.00
165.00,1.00,10.00,447.00,"1776,51",183.00,12.00,360.00,"2740,83",69.00,37.00,18.00,0.00,1.00,0.00,0.00,1.00,47.00,1.00,1.00,0.00,0.00,1.00,3.00,2.00,2.00,3.00,2.00,1.00,5.00,2.00
166.00,2.00,26.00,1235.00,"1792,47",269.00,8.00,581.00,"2738,73",160.00,13.00,246.00,2.00,4.00,0.00,0.00,2.00,674.00,5.00,9.00,0.00,0.00,3.00,15.00,39.00,9.00,30.00,3.00,3.00,12.00,22.00
167.00,0.00,7.00,1610.00,"1803,17",257.00,70.00,218.00,"1274,31",102.00,40.00,0.00,0.00,0.00,0.00,0.00,0.00,26.00,1.00,3.00,2.00,1.00,1.00,0.00,3.00,0.00,3.00,0.00,1.00,0.00,1.00
168.00,0.00,6.00,1092.00,"1376,1",248.00,4.00,101.00,"1217,82",80.00,0.00,0.00,0.00,0.00,0.00,0.00,0.00,0.00,0.00,0.00,0.00,0.00,0.00,0.00,0.00,0.00,0.00,0.00,0.00,0.00,0.00
169.00,0.00,14.00,529.00,"2915,5",189.00,40.00,114.00,"9657,89",30.00,57.00,116.00,0.00,2.00,0.00,0.00,1.00,887.00,10.00,0.00,2.00,2.00,2.00,4.00,2.00,3.00,3.00,1.00,1.00,1.00,2.00
170.00,0.00,0.00,1442.00,"1749,03",262.00,14.00,239.00,"2991,21",52.00,102.00,0.00,0.00,0.00,0.00,0.00,0.00,0.00,0.00,0.00,0.00,0.00,0.00,16.00,16.00,17.00,17.00,3.00,2.00,7.00,7.00
171.00,0.00,32.00,474.00,"1567,72",204.00,19.00,178.00,"879,78",50.00,80.00,329.00,4.00,1.00,0.00,0.00,2.00,19.00,1.00,0.00,0.00,0.00,1.00,25.00,9.00,22.00,10.00,2.00,2.00,17.00,8.00
172.00,0.00,7.00,1571.00,"1993,06",296.00,82.00,316.00,"2761,71",103.00,123.00,864.00,4.00,5.00,0.00,0.00,2.00,1816.00,2.00,7.00,0.00,0.00,3.00,35.00,66.00,44.00,76.00,2.00,3.00,12.00,39.00
173.00,0.00,32.00,1134.00,"2111,38",297.00,75.00,508.00,"2868,9",138.00,149.00,504.00,3.00,2.00,0.00,1.00,3.00,895.00,3.00,8.00,0.00,0.00,4.00,4.00,11.00,3.00,11.00,3.00,2.00,4.00,8.00
174.00,1.00,23.00,965.00,"2862,28",122.00,94.00,360.00,"2546,67",61.00,240.00,339.00,0.00,3.00,0.00,0.00,2.00,20.00,1.00,0.00,0.00,0.00,1.00,0.00,12.00,3.00,21.00,1.00,4.00,1.00,12.00
175.00,2.00,13.00,1790.00,"2295,59",271.00,71.00,1119.00,"1648,53",218.00,159.00,54.00,2.00,1.00,0.00,0.00,1.00,126.00,0.00,3.00,0.00,1.00,2.00,40.00,102.00,37.00,125.00,3.00,4.00,28.00,31.00
176.00,1.00,63.00,1528.00,"1778,01",349.00,84.00,1914.00,"2094,67",221.00,200.00,198.00,2.00,2.00,0.00,0.00,2.00,1921.00,7.00,10.00,0.00,0.00,4.00,451.00,656.00,389.00,575.00,5.00,10.00,121.00,180.00
177.00,1.00,20.00,1758.00,"2557,34",326.00,73.00,519.00,"3185,55",76.00,146.00,0.00,0.00,0.00,0.00,0.00,0.00,34.00,2.00,0.00,0.00,0.00,1.00,4.00,16.00,3.00,13.00,1.00,2.00,1.00,5.00
178.00,0.00,25.00,1161.00,"1970,8",245.00,11.00,215.00,"1890,7",85.00,87.00,87.00,2.00,2.00,2.00,0.00,3.00,527.00,0.00,2.00,0.00,0.00,2.00,27.00,32.00,36.00,18.00,4.00,4.00,17.00,17.00
179.00,0.00,9.00,1078.00,"1502,78",357.00,101.00,784.00,"2823,21",180.00,146.00,258.00,3.00,3.00,1.00,2.00,4.00,19.00,1.00,0.00,0.00,0.00,1.00,37.00,42.00,37.00,41.00,4.00,3.00,23.00,28.00
180.00,0.00,19.00,1666.00,"1759,66",320.00,61.00,900.00,"2276,33",205.00,158.00,98.00,0.00,3.00,0.00,0.00,1.00,352.00,0.00,5.00,0.00,0.00,3.00,9.00,12.00,10.00,11.00,2.00,1.00,4.00,3.00
181.00,0.00,24.00,1043.00,"2091,95",319.00,33.00,249.00,"5466,27",53.00,71.00,0.00,0.00,0.00,0.00,0.00,0.00,0.00,0.00,0.00,0.00,0.00,0.00,0.00,0.00,0.00,0.00,0.00,0.00,0.00,0.00
182.00,0.00,18.00,901.00,"2252,5",257.00,18.00,245.00,"7224,49",71.00,43.00,0.00,0.00,0.00,0.00,0.00,0.00,0.00,0.00,0.00,0.00,0.00,0.00,0.00,1.00,0.00,0.00,0.00,1.00,0.00,1.00
183.00,1.00,22.00,1238.00,"2086,43",344.00,79.00,640.00,"3571,88",170.00,115.00,2.00,1.00,0.00,0.00,0.00,1.00,5.00,0.00,2.00,0.00,0.00,1.00,3.00,2.00,1.00,2.00,1.00,2.00,4.00,3.00
184.00,0.00,6.00,11.00,"1936,36",0.00,11.00,73.00,"1976,71",1.00,70.00,0.00,0.00,0.00,0.00,0.00,0.00,0.00,0.00,0.00,0.00,0.00,0.00,0.00,0.00,0.00,0.00,0.00,0.00,0.00,0.00
185.00,0.00,10.00,830.00,"1966,63",266.00,107.00,366.00,"1911,48",66.00,251.00,500.00,9.00,7.00,1.00,0.00,3.00,204.00,1.00,5.00,0.00,0.00,2.00,0.00,0.00,3.00,0.00,2.00,0.00,3.00,0.00
186.00,0.00,62.00,420.00,"1243,57",150.00,33.00,624.00,"1289,9",119.00,140.00,99.00,1.00,1.00,0.00,1.00,1.00,45.00,1.00,2.00,0.00,0.00,2.00,5.00,1.00,5.00,4.00,1.00,2.00,2.00,4.00
187.00,1.00,12.00,476.00,"2262,61",142.00,48.00,152.00,"4338,16",26.00,114.00,0.00,0.00,0.00,0.00,0.00,0.00,0.00,0.00,0.00,0.00,0.00,0.00,4.00,2.00,5.00,1.00,1.00,1.00,7.00,1.00
188.00,0.00,17.00,819.00,"2194,14",246.00,60.00,861.00,"2427,18",158.00,112.00,53.00,0.00,1.00,0.00,0.00,1.00,17.00,0.00,1.00,0.00,0.00,1.00,14.00,0.00,18.00,0.00,2.00,0.00,5.00,0.00
189.00,1.00,16.00,812.00,"2339,41",222.00,23.00,163.00,"1803,68",33.00,57.00,0.00,0.00,0.00,0.00,0.00,0.00,0.00,0.00,0.00,0.00,0.00,0.00,0.00,0.00,0.00,0.00,0.00,0.00,0.00,0.00
190.00,0.00,53.00,1240.00,"1824,44",353.00,64.00,1497.00,"1584,37",225.00,101.00,128.00,5.00,4.00,0.00,1.00,5.00,405.00,5.00,3.00,1.00,1.00,6.00,6.00,10.00,8.00,7.00,3.00,3.00,7.00,6.00
191.00,0.00,9.00,995.00,"1597,99",336.00,93.00,485.00,"3339,59",120.00,81.00,0.00,0.00,0.00,0.00,0.00,0.00,23.00,0.00,1.00,0.00,0.00,1.00,0.00,1.00,0.00,1.00,0.00,1.00,0.00,1.00
192.00,0.00,20.00,1159.00,"1679,9",338.00,67.00,295.00,"630,51",113.00,72.00,41.00,0.00,1.00,0.00,0.00,1.00,0.00,0.00,0.00,0.00,0.00,0.00,29.00,5.00,23.00,6.00,2.00,1.00,17.00,5.00
193.00,0.00,25.00,836.00,"2081,7",327.00,42.00,252.00,"4642,86",54.00,83.00,63.00,0.00,2.00,0.00,1.00,2.00,0.00,0.00,0.00,0.00,0.00,0.00,43.00,37.00,40.00,33.00,3.00,2.00,20.00,24.00
194.00,0.00,18.00,726.00,"1664,88",279.00,88.00,352.00,"5858,52",43.00,107.00,70.00,2.00,0.00,0.00,0.00,1.00,39.00,0.00,1.00,0.00,0.00,1.00,29.00,36.00,37.00,40.00,3.00,3.00,19.00,21.00
195.00,1.00,19.00,1663.00,"2706,67",316.00,72.00,311.00,"3189,07",43.00,110.00,70.00,0.00,2.00,0.00,0.00,1.00,0.00,0.00,0.00,0.00,0.00,0.00,6.00,6.00,7.00,9.00,1.00,1.00,5.00,3.00
196.00,1.00,16.00,1315.00,"2703,88",242.00,47.00,258.00,"6177,91",83.00,47.00,0.00,0.00,0.00,0.00,0.00,0.00,0.00,0.00,0.00,0.00,0.00,0.00,0.00,0.00,0.00,0.00,0.00,0.00,0.00,0.00
197.00,1.00,0.00,1252.00,"2372,2",109.00,110.00,581.00,"1819,1",128.00,319.00,153.00,1.00,1.00,0.00,0.00,1.00,344.00,3.00,3.00,0.00,0.00,1.00,7.00,14.00,3.00,16.00,2.00,2.00,4.00,11.00
198.00,0.00,9.00,1198.00,"2876,04",220.00,38.00,354.00,"3112,71",54.00,129.00,0.00,0.00,0.00,0.00,0.00,0.00,0.00,0.00,0.00,0.00,0.00,0.00,0.00,0.00,0.00,0.00,0.00,0.00,0.00,0.00
199.00,0.00,9.00,733.00,"1436,97",207.00,86.00,144.00,"2222,92",22.00,113.00,28.00,0.00,1.00,0.00,0.00,1.00,0.00,0.00,0.00,0.00,0.00,0.00,2.00,0.00,2.00,0.00,1.00,0.00,2.00,0.00
200.00,0.00,32.00,748.00,"1484,36",222.00,86.00,261.00,"3183,91",53.00,172.00,0.00,0.00,0.00,0.00,0.00,0.00,104.00,2.00,1.00,0.00,1.00,1.00,9.00,11.00,8.00,9.00,2.00,2.00,5.00,6.00
201.00,0.00,21.00,1534.00,"1876,08",343.00,73.00,332.00,"3093,98",124.00,66.00,0.00,0.00,0.00,0.00,0.00,0.00,10.00,1.00,1.00,0.00,0.00,1.00,6.00,7.00,4.00,8.00,1.00,1.00,3.00,3.00
202.00,2.00,7.00,32.00,"637,5",0.00,32.00,132.00,"1070,45",1.00,131.00,155.00,1.00,3.00,0.00,0.00,1.00,145.00,3.00,0.00,0.00,1.00,1.00,20.00,27.00,21.00,34.00,1.00,1.00,14.00,10.00
203.00,0.00,7.00,951.00,"2075,39",286.00,65.00,68.00,"1936,76",17.00,50.00,41.00,1.00,0.00,0.00,0.00,1.00,0.00,0.00,0.00,0.00,0.00,0.00,19.00,6.00,21.00,5.00,1.00,1.00,10.00,5.00
204.00,0.00,10.00,377.00,"2841,64",145.00,55.00,266.00,"2295,11",51.00,153.00,54.00,1.00,0.00,0.00,0.00,1.00,48.00,0.00,1.00,0.00,0.00,1.00,0.00,5.00,0.00,5.00,0.00,1.00,0.00,4.00
205.00,0.00,15.00,1180.00,"2175,76",304.00,107.00,358.00,"1652,51",102.00,142.00,0.00,0.00,0.00,0.00,0.00,0.00,0.00,0.00,0.00,0.00,0.00,0.00,3.00,0.00,4.00,0.00,1.00,0.00,2.00,0.00
206.00,0.00,6.00,575.00,"1914,26",193.00,66.00,555.00,"3128,11",77.00,122.00,295.00,1.00,5.00,1.00,0.00,1.00,0.00,0.00,0.00,0.00,0.00,0.00,0.00,0.00,0.00,0.00,0.00,0.00,0.00,0.00
207.00,0.00,28.00,2294.00,"1693,16",372.00,82.00,831.00,"1482,31",164.00,184.00,134.00,6.00,2.00,0.00,3.00,3.00,388.00,10.00,7.00,0.00,1.00,3.00,5.00,7.00,6.00,5.00,2.00,2.00,5.00,5.00
208.00,0.00,33.00,1407.00,"1991,04",354.00,90.00,435.00,"7315,86",69.00,165.00,654.00,4.00,7.00,0.00,2.00,5.00,613.00,3.00,16.00,0.00,0.00,6.00,12.00,22.00,13.00,33.00,5.00,5.00,11.00,20.00
209.00,0.00,9.00,1035.00,"1851,3",213.00,86.00,343.00,"2970,26",54.00,212.00,0.00,0.00,0.00,0.00,0.00,0.00,0.00,0.00,0.00,0.00,0.00,0.00,0.00,0.00,0.00,0.00,0.00,0.00,0.00,0.00
210.00,0.00,9.00,613.00,"2300,16",139.00,71.00,580.00,"1984,14",32.00,112.00,574.00,2.00,14.00,0.00,1.00,3.00,38.00,1.00,0.00,0.00,0.00,1.00,2.00,1.00,4.00,7.00,1.00,2.00,2.00,5.00
211.00,1.00,20.00,859.00,"1739,93",206.00,14.00,125.00,"2239,2",57.00,33.00,0.00,0.00,0.00,0.00,0.00,0.00,9.00,1.00,0.00,0.00,0.00,1.00,3.00,2.00,4.00,3.00,3.00,1.00,4.00,1.00
212.00,0.00,13.00,207.00,"1427,54",109.00,22.00,223.00,"1156,95",16.00,51.00,90.00,1.00,2.00,0.00,0.00,1.00,47.00,1.00,1.00,0.00,0.00,1.00,10.00,3.00,9.00,2.00,1.00,1.00,3.00,2.00
213.00,0.00,12.00,231.00,"1880,52",92.00,3.00,73.00,"2934,25",4.00,23.00,0.00,0.00,0.00,0.00,0.00,0.00,0.00,0.00,0.00,0.00,0.00,0.00,8.00,16.00,5.00,15.00,1.00,1.00,1.00,6.00
214.00,0.00,6.00,447.00,"1680,54",127.00,128.00,213.00,"998,59",5.00,206.00,44.00,1.00,0.00,0.00,0.00,1.00,113.00,3.00,1.00,0.00,0.00,1.00,4.00,5.00,4.00,6.00,1.00,1.00,0.00,7.00
215.00,0.00,8.00,1768.00,"1816,8",357.00,38.00,1029.00,"1571,72",91.00,139.00,17.00,0.00,1.00,0.00,0.00,1.00,0.00,0.00,0.00,0.00,0.00,0.00,1.00,0.00,2.00,1.00,2.00,1.00,2.00,1.00
216.00,0.00,7.00,1258.00,"1648,81",240.00,118.00,194.00,"1315,98",11.00,180.00,0.00,0.00,0.00,0.00,0.00,0.00,0.00,0.00,0.00,0.00,0.00,0.00,0.00,0.00,0.00,0.00,0.00,0.00,0.00,0.00
217.00,1.00,45.00,462.00,"2559,09",159.00,92.00,567.00,"1555,56",137.00,112.00,0.00,0.00,0.00,0.00,0.00,0.00,74.00,1.00,2.00,0.00,0.00,3.00,15.00,11.00,18.00,14.00,6.00,3.00,10.00,5.00
218.00,1.00,23.00,760.00,2040.00,192.00,9.00,121.00,"7680,99",45.00,3.00,231.00,2.00,2.00,0.00,1.00,1.00,1138.00,3.00,4.00,0.00,0.00,2.00,107.00,130.00,86.00,120.00,3.00,3.00,36.00,52.00
219.00,0.00,60.00,118.00,"1985,59",64.00,6.00,41.00,"2685,37",14.00,24.00,0.00,0.00,0.00,0.00,0.00,0.00,0.00,0.00,0.00,0.00,0.00,0.00,0.00,0.00,0.00,1.00,0.00,1.00,0.00,1.00
220.00,0.00,17.00,796.00,"1166,46",241.00,16.00,892.00,"2547,98",121.00,53.00,269.00,3.00,1.00,0.00,1.00,4.00,207.00,3.00,1.00,0.00,0.00,2.00,8.00,2.00,9.00,4.00,2.00,3.00,5.00,3.00
221.00,0.00,66.00,1121.00,"1718,64",267.00,58.00,1384.00,"2369,87",168.00,70.00,340.00,7.00,5.00,1.00,1.00,4.00,1874.00,28.00,10.00,17.00,1.00,18.00,20.00,34.00,29.00,45.00,7.00,9.00,20.00,30.00
222.00,0.00,9.00,1943.00,"1855,89",263.00,53.00,481.00,"2782,33",72.00,165.00,0.00,0.00,0.00,0.00,0.00,0.00,338.00,4.00,1.00,0.00,0.00,1.00,2.00,0.00,2.00,0.00,1.00,0.00,1.00,0.00
223.00,0.00,5.00,543.00,"2538,67",177.00,62.00,427.00,"5888,99",50.00,166.00,0.00,0.00,0.00,0.00,0.00,0.00,0.00,0.00,0.00,0.00,0.00,0.00,0.00,0.00,0.00,0.00,0.00,0.00,0.00,0.00
224.00,0.00,4.00,591.00,"2724,87",172.00,26.00,508.00,"4360,63",98.00,91.00,0.00,0.00,0.00,0.00,0.00,0.00,30.00,0.00,2.00,0.00,0.00,1.00,2.00,8.00,0.00,6.00,1.00,1.00,1.00,2.00
225.00,1.00,11.00,1198.00,"2442,32",161.00,75.00,347.00,"1953,89",82.00,192.00,975.00,6.00,3.00,1.00,0.00,5.00,1384.00,9.00,9.00,1.00,2.00,5.00,4.00,41.00,10.00,45.00,5.00,5.00,9.00,29.00
226.00,0.00,28.00,305.00,"1206,89",122.00,2.00,58.00,"2017,24",32.00,10.00,0.00,0.00,0.00,0.00,0.00,0.00,0.00,0.00,0.00,0.00,0.00,0.00,0.00,0.00,0.00,0.00,0.00,0.00,0.00,0.00
227.00,0.00,19.00,1128.00,1925.00,114.00,42.00,246.00,"2470,73",36.00,174.00,102.00,1.00,1.00,0.00,0.00,2.00,0.00,0.00,0.00,0.00,0.00,0.00,8.00,26.00,5.00,13.00,4.00,4.00,7.00,13.00
228.00,0.00,14.00,1129.00,"2012,58",302.00,73.00,155.00,"2692,26",20.00,129.00,29.00,0.00,1.00,0.00,0.00,1.00,0.00,0.00,0.00,0.00,0.00,0.00,0.00,0.00,0.00,0.00,0.00,0.00,0.00,0.00
229.00,0.00,13.00,843.00,"2177,94",201.00,46.00,577.00,"2257,54",93.00,132.00,0.00,0.00,0.00,0.00,0.00,0.00,0.00,0.00,0.00,0.00,0.00,0.00,6.00,4.00,4.00,4.00,2.00,1.00,4.00,2.00
230.00,0.00,5.00,962.00,"1767,57",210.00,64.00,187.00,"2515,51",52.00,85.00,0.00,0.00,0.00,0.00,0.00,0.00,0.00,0.00,0.00,0.00,0.00,0.00,0.00,0.00,0.00,0.00,0.00,0.00,0.00,0.00
231.00,0.00,8.00,1408.00,"1672,16",323.00,58.00,202.00,"1878,71",55.00,133.00,0.00,0.00,0.00,0.00,0.00,0.00,0.00,0.00,0.00,0.00,0.00,0.00,0.00,0.00,0.00,0.00,0.00,0.00,0.00,0.00
232.00,0.00,1.00,788.00,"2889,97",197.00,52.00,118.00,"10014,41",14.00,101.00,0.00,0.00,0.00,0.00,0.00,0.00,0.00,0.00,0.00,0.00,0.00,0.00,0.00,4.00,0.00,4.00,0.00,1.00,0.00,3.00
233.00,0.00,14.00,383.00,"2739,95",108.00,71.00,185.00,"1321,62",3.00,181.00,0.00,0.00,0.00,0.00,0.00,0.00,0.00,0.00,0.00,0.00,0.00,0.00,0.00,0.00,1.00,0.00,1.00,0.00,1.00,0.00
234.00,0.00,11.00,261.00,"1934,48",78.00,42.00,110.00,"3354,55",6.00,104.00,0.00,0.00,0.00,0.00,0.00,0.00,0.00,0.00,0.00,0.00,0.00,0.00,4.00,0.00,4.00,0.00,1.00,0.00,2.00,0.00
235.00,1.00,24.00,1704.00,"2166,02",368.00,70.00,1308.00,"2573,39",225.00,125.00,181.00,2.00,2.00,0.00,0.00,2.00,454.00,3.00,2.00,0.00,3.00,2.00,12.00,25.00,11.00,29.00,4.00,4.00,11.00,12.00
236.00,0.00,34.00,353.00,"1459,21",168.00,30.00,536.00,"2741,98",134.00,43.00,0.00,0.00,0.00,0.00,1.00,1.00,7.00,1.00,0.00,0.00,0.00,1.00,9.00,1.00,4.00,0.00,2.00,1.00,3.00,1.00
237.00,0.00,10.00,1042.00,"2862,96",288.00,82.00,579.00,"2429,02",96.00,297.00,134.00,0.00,4.00,0.00,0.00,2.00,479.00,3.00,7.00,0.00,0.00,1.00,22.00,91.00,31.00,106.00,2.00,2.00,12.00,31.00
238.00,0.00,16.00,1800.00,"1656,5",374.00,73.00,208.00,"2777,88",51.00,149.00,0.00,0.00,0.00,0.00,0.00,0.00,0.00,0.00,0.00,0.00,0.00,0.00,0.00,4.00,0.00,3.00,0.00,1.00,0.00,2.00
239.00,1.00,17.00,1221.00,"1833,66",303.00,108.00,859.00,"1962,4",177.00,346.00,17.00,1.00,0.00,0.00,0.00,1.00,0.00,0.00,0.00,0.00,0.00,0.00,2.00,0.00,1.00,0.00,1.00,0.00,2.00,0.00
240.00,0.00,15.00,485.00,"3278,97",151.00,29.00,308.00,"9702,27",55.00,33.00,25.00,1.00,0.00,0.00,0.00,1.00,0.00,0.00,0.00,0.00,0.00,0.00,4.00,1.00,7.00,0.00,1.00,1.00,2.00,1.00
241.00,0.00,11.00,132.00,"1209,09",51.00,4.00,25.00,1068.00,15.00,8.00,0.00,0.00,0.00,0.00,0.00,0.00,0.00,0.00,0.00,0.00,0.00,0.00,0.00,0.00,0.00,0.00,0.00,0.00,0.00,0.00
242.00,0.00,15.00,1100.00,"2165,18",281.00,66.00,438.00,"2567,81",62.00,350.00,48.00,0.00,1.00,0.00,0.00,1.00,158.00,3.00,2.00,0.00,0.00,1.00,18.00,55.00,15.00,46.00,2.00,2.00,11.00,22.00
243.00,0.00,16.00,1891.00,"2303,23",313.00,60.00,688.00,"1675,29",141.00,135.00,1218.00,6.00,2.00,0.00,2.00,3.00,14.00,2.00,0.00,0.00,0.00,2.00,13.00,4.00,7.00,3.00,1.00,2.00,2.00,6.00
244.00,0.00,15.00,1839.00,"1816,97",367.00,29.00,328.00,"2480,49",102.00,191.00,93.00,2.00,1.00,0.00,1.00,2.00,95.00,2.00,0.00,0.00,0.00,2.00,1.00,6.00,2.00,7.00,1.00,3.00,1.00,3.00
245.00,2.00,12.00,45.00,"2586,67",8.00,19.00,22.00,"2127,27",2.00,19.00,0.00,0.00,0.00,0.00,0.00,0.00,0.00,0.00,0.00,0.00,0.00,0.00,0.00,0.00,0.00,0.00,0.00,0.00,0.00,0.00
246.00,0.00,9.00,991.00,"2343,39",199.00,61.00,291.00,"3224,74",54.00,199.00,53.00,1.00,0.00,0.00,0.00,1.00,0.00,0.00,0.00,0.00,0.00,0.00,15.00,0.00,12.00,0.00,1.00,0.00,3.00,0.00
247.00,1.00,3.00,752.00,"1746,94",186.00,95.00,182.00,"5146,15",23.00,154.00,0.00,0.00,0.00,0.00,0.00,0.00,0.00,0.00,0.00,0.00,0.00,0.00,0.00,0.00,0.00,0.00,0.00,0.00,0.00,0.00
248.00,0.00,8.00,827.00,"1635,31",117.00,31.00,171.00,"1721,05",60.00,77.00,46.00,0.00,1.00,0.00,0.00,1.00,5.00,0.00,1.00,0.00,0.00,1.00,0.00,0.00,0.00,0.00,0.00,0.00,0.00,0.00
249.00,0.00,23.00,872.00,"3155,16",199.00,51.00,584.00,"5299,83",67.00,103.00,0.00,0.00,0.00,0.00,0.00,0.00,0.00,0.00,0.00,0.00,0.00,0.00,9.00,3.00,13.00,1.00,1.00,1.00,7.00,2.00
250.00,0.00,4.00,1125.00,"1294,93",368.00,124.00,760.00,"1258,42",163.00,189.00,198.00,4.00,2.00,0.00,0.00,1.00,84.00,6.00,3.00,0.00,0.00,2.00,17.00,19.00,17.00,23.00,2.00,2.00,12.00,16.00
251.00,0.00,5.00,727.00,"1574,28",95.00,45.00,192.00,"1156,25",13.00,179.00,0.00,0.00,0.00,0.00,0.00,0.00,0.00,0.00,0.00,0.00,0.00,0.00,0.00,0.00,0.00,0.00,0.00,0.00,0.00,0.00
252.00,0.00,7.00,529.00,"2020,04",170.00,93.00,134.00,"3398,51",8.00,121.00,244.00,1.00,1.00,0.00,0.00,1.00,122.00,2.00,0.00,0.00,1.00,2.00,1.00,0.00,1.00,0.00,1.00,0.00,1.00,0.00
253.00,0.00,5.00,455.00,"1785,49",185.00,36.00,136.00,"3258,09",54.00,54.00,0.00,0.00,0.00,0.00,0.00,0.00,55.00,0.00,1.00,0.00,0.00,1.00,0.00,11.00,0.00,17.00,0.00,2.00,0.00,10.00
254.00,0.00,21.00,2113.00,"2019,5",390.00,86.00,583.00,"1522,13",127.00,279.00,196.00,9.00,4.00,1.00,0.00,4.00,54.00,6.00,4.00,0.00,1.00,3.00,10.00,9.00,6.00,8.00,4.00,2.00,8.00,6.00
255.00,2.00,4.00,252.00,"2371,43",11.00,86.00,51.00,"1747,06",8.00,40.00,0.00,0.00,0.00,0.00,0.00,0.00,0.00,0.00,0.00,0.00,0.00,0.00,0.00,0.00,0.00,0.00,0.00,0.00,0.00,0.00
256.00,0.00,13.00,364.00,"2095,88",112.00,20.00,133.00,"2557,89",45.00,46.00,0.00,0.00,0.00,0.00,0.00,0.00,190.00,3.00,1.00,2.00,0.00,3.00,6.00,0.00,6.00,1.00,2.00,1.00,4.00,1.00
257.00,2.00,24.00,1047.00,"1741,55",159.00,12.00,268.00,"4026,49",56.00,69.00,457.00,1.00,6.00,0.00,0.00,2.00,268.00,0.00,9.00,0.00,0.00,1.00,7.00,9.00,11.00,13.00,3.00,4.00,8.00,7.00
258.00,0.00,10.00,500.00,1191.00,176.00,10.00,70.00,"1122,86",46.00,17.00,317.00,4.00,0.00,1.00,0.00,1.00,188.00,0.00,4.00,1.00,2.00,1.00,1.00,0.00,0.00,0.00,1.00,0.00,1.00,0.00
259.00,0.00,14.00,628.00,"1522,45",183.00,12.00,723.00,"1486,72",139.00,55.00,2.00,1.00,0.00,0.00,0.00,1.00,30.00,0.00,1.00,0.00,0.00,1.00,7.00,0.00,5.00,0.00,2.00,0.00,2.00,0.00
260.00,1.00,17.00,1246.00,"2225,2",291.00,72.00,365.00,"3660,82",23.00,309.00,90.00,1.00,1.00,0.00,0.00,1.00,558.00,2.00,5.00,1.00,0.00,1.00,4.00,4.00,4.00,6.00,1.00,1.00,3.00,4.00
261.00,0.00,11.00,588.00,"1710,2",155.00,70.00,342.00,"2064,91",45.00,195.00,5.00,0.00,1.00,0.00,0.00,1.00,0.00,0.00,0.00,0.00,0.00,0.00,0.00,0.00,0.00,0.00,0.00,0.00,0.00,0.00
262.00,1.00,34.00,805.00,"1635,65",231.00,61.00,1535.00,"2937,46",193.00,107.00,169.00,6.00,0.00,0.00,1.00,2.00,498.00,6.00,1.00,0.00,0.00,6.00,4.00,3.00,2.00,1.00,1.00,2.00,2.00,3.00
263.00,1.00,71.00,875.00,1368.00,306.00,66.00,1671.00,"2274,69",241.00,55.00,1104.00,13.00,3.00,0.00,3.00,10.00,846.00,17.00,3.00,0.00,0.00,11.00,8.00,12.00,5.00,6.00,2.00,4.00,5.00,8.00
264.00,0.00,2.00,1288.00,"2329,19",319.00,45.00,184.00,"1462,5",96.00,71.00,0.00,0.00,0.00,0.00,0.00,0.00,0.00,0.00,0.00,0.00,0.00,0.00,0.00,0.00,0.00,0.00,0.00,0.00,0.00,0.00
265.00,1.00,11.00,691.00,"2270,62",223.00,91.00,419.00,"2755,13",64.00,209.00,99.00,0.00,2.00,0.00,0.00,1.00,75.00,0.00,2.00,0.00,1.00,2.00,7.00,0.00,6.00,0.00,2.00,0.00,7.00,0.00
266.00,0.00,23.00,524.00,"1895,04",143.00,59.00,669.00,"2337,67",99.00,91.00,431.00,5.00,4.00,0.00,0.00,3.00,1129.00,5.00,14.00,1.00,1.00,3.00,17.00,36.00,17.00,38.00,4.00,3.00,16.00,12.00
267.00,0.00,27.00,1806.00,"1467,61",312.00,95.00,533.00,"1736,96",142.00,188.00,256.00,6.00,1.00,0.00,0.00,2.00,1003.00,7.00,6.00,0.00,0.00,3.00,5.00,5.00,8.00,8.00,4.00,3.00,9.00,8.00
268.00,0.00,44.00,1138.00,"1670,56",345.00,70.00,809.00,"2761,56",161.00,135.00,534.00,6.00,6.00,0.00,1.00,4.00,2545.00,12.00,14.00,0.00,0.00,5.00,43.00,36.00,41.00,48.00,4.00,7.00,33.00,34.00
269.00,0.00,20.00,1123.00,"1495,99",231.00,23.00,340.00,"4388,82",49.00,51.00,417.00,2.00,4.00,0.00,2.00,4.00,574.00,5.00,3.00,0.00,0.00,1.00,6.00,12.00,11.00,8.00,4.00,5.00,8.00,10.00
270.00,2.00,9.00,113.00,"653,1",11.00,102.00,93.00,"1374,19",6.00,82.00,0.00,0.00,0.00,0.00,0.00,0.00,0.00,0.00,0.00,0.00,0.00,0.00,0.00,0.00,0.00,0.00,0.00,0.00,0.00,0.00
271.00,0.00,0.00,579.00,"2002,59",187.00,29.00,212.00,"1366,98",78.00,72.00,63.00,1.00,1.00,0.00,0.00,1.00,73.00,1.00,0.00,0.00,0.00,1.00,24.00,9.00,23.00,13.00,1.00,1.00,12.00,11.00
272.00,0.00,33.00,1389.00,"1947,73",310.00,28.00,641.00,"2044,77",186.00,55.00,228.00,4.00,1.00,0.00,0.00,1.00,560.00,8.00,4.00,0.00,0.00,2.00,13.00,24.00,13.00,31.00,4.00,5.00,7.00,11.00
273.00,0.00,14.00,986.00,"1713,29",217.00,26.00,539.00,"1891,84",120.00,65.00,142.00,4.00,4.00,1.00,0.00,2.00,307.00,2.00,1.00,0.00,0.00,2.00,7.00,9.00,4.00,6.00,2.00,2.00,6.00,6.00
274.00,1.00,22.00,1702.00,"1874,03",244.00,61.00,485.00,"2794,02",89.00,293.00,0.00,0.00,0.00,0.00,0.00,0.00,144.00,3.00,2.00,1.00,0.00,3.00,47.00,218.00,40.00,223.00,3.00,2.00,34.00,122.00
275.00,1.00,15.00,606.00,"2279,21",225.00,103.00,251.00,"2279,28",33.00,210.00,0.00,0.00,0.00,0.00,0.00,0.00,0.00,0.00,0.00,0.00,0.00,0.00,0.00,5.00,0.00,4.00,0.00,1.00,0.00,4.00
276.00,0.00,15.00,1105.00,"1999,55",285.00,25.00,548.00,"3081,02",68.00,30.00,0.00,0.00,0.00,0.00,0.00,0.00,0.00,0.00,0.00,0.00,0.00,0.00,4.00,8.00,7.00,13.00,1.00,2.00,6.00,8.00
277.00,1.00,15.00,324.00,"3343,52",94.00,16.00,85.00,"2749,41",26.00,58.00,0.00,0.00,0.00,0.00,0.00,0.00,0.00,0.00,0.00,0.00,0.00,0.00,0.00,0.00,0.00,0.00,0.00,0.00,0.00,0.00
278.00,0.00,0.00,1512.00,"2052,18",356.00,44.00,288.00,"2991,67",82.00,84.00,370.00,9.00,7.00,1.00,0.00,2.00,283.00,15.00,9.00,1.00,0.00,3.00,52.00,115.00,54.00,95.00,2.00,2.00,32.00,46.00
279.00,0.00,11.00,1426.00,"1546,49",305.00,95.00,405.00,"2842,96",86.00,242.00,182.00,2.00,0.00,0.00,0.00,1.00,2396.00,1.00,3.00,0.00,0.00,1.00,441.00,1007.00,442.00,970.00,1.00,1.00,54.00,100.00
280.00,0.00,51.00,1079.00,"1626,78",326.00,61.00,1039.00,"1884,6",208.00,115.00,95.00,1.00,2.00,0.00,0.00,2.00,1207.00,5.00,4.00,0.00,0.00,4.00,6.00,17.00,8.00,18.00,1.00,5.00,2.00,11.00
281.00,1.00,9.00,1263.00,"1771,02",226.00,33.00,309.00,"1307,77",47.00,124.00,0.00,0.00,0.00,0.00,0.00,0.00,0.00,0.00,0.00,0.00,0.00,0.00,0.00,0.00,0.00,0.00,0.00,0.00,0.00,0.00
282.00,0.00,18.00,1925.00,"2083,01",253.00,38.00,431.00,"1625,29",86.00,106.00,31.00,2.00,3.00,0.00,0.00,1.00,0.00,0.00,0.00,0.00,0.00,0.00,2.00,2.00,2.00,5.00,2.00,2.00,2.00,4.00
283.00,0.00,15.00,1811.00,"1722,14",380.00,50.00,987.00,"2137,99",219.00,118.00,0.00,0.00,0.00,0.00,0.00,0.00,510.00,1.00,4.00,3.00,0.00,3.00,5.00,7.00,5.00,7.00,2.00,2.00,5.00,3.00
284.00,1.00,12.00,728.00,"1364,84",205.00,30.00,118.00,"1212,71",30.00,78.00,0.00,0.00,0.00,0.00,0.00,0.00,0.00,0.00,0.00,0.00,0.00,0.00,2.00,0.00,1.00,0.00,1.00,0.00,2.00,0.00
285.00,0.00,14.00,697.00,"2791,68",238.00,58.00,392.00,"3378,83",66.00,171.00,0.00,0.00,0.00,0.00,0.00,0.00,31.00,0.00,2.00,0.00,0.00,1.00,0.00,2.00,0.00,2.00,0.00,1.00,0.00,2.00
286.00,0.00,12.00,819.00,"1314,29",226.00,112.00,1044.00,"3248,56",146.00,127.00,0.00,0.00,0.00,0.00,0.00,0.00,0.00,0.00,0.00,0.00,0.00,0.00,3.00,3.00,3.00,3.00,1.00,1.00,2.00,1.00
287.00,0.00,11.00,1662.00,"1914,26",250.00,116.00,745.00,"2683,09",110.00,405.00,0.00,0.00,0.00,0.00,0.00,0.00,0.00,0.00,0.00,0.00,0.00,0.00,0.00,0.00,0.00,0.00,0.00,0.00,0.00,0.00
288.00,0.00,29.00,594.00,"3135,86",187.00,27.00,218.00,"4879,82",70.00,77.00,160.00,0.00,5.00,0.00,2.00,2.00,4328.00,4.00,13.00,3.00,4.00,6.00,56.00,100.00,53.00,108.00,4.00,3.00,29.00,29.00
289.00,0.00,2.00,904.00,"2053,54",246.00,97.00,1168.00,"1874,49",138.00,292.00,3229.00,38.00,23.00,0.00,1.00,2.00,3311.00,44.00,17.00,0.00,0.00,2.00,101.00,65.00,87.00,55.00,2.00,2.00,38.00,29.00
290.00,0.00,17.00,1080.00,"1636,67",212.00,14.00,124.00,3225.00,74.00,16.00,76.00,1.00,0.00,0.00,0.00,1.00,0.00,0.00,0.00,0.00,0.00,0.00,9.00,5.00,8.00,7.00,1.00,2.00,3.00,4.00
291.00,1.00,24.00,1299.00,"2037,18",275.00,33.00,151.00,"3397,35",63.00,34.00,0.00,0.00,0.00,0.00,0.00,0.00,19.00,0.00,1.00,1.00,0.00,2.00,4.00,31.00,4.00,34.00,4.00,4.00,7.00,14.00
292.00,0.00,7.00,1709.00,"2323,64",320.00,41.00,146.00,"863,01",77.00,22.00,28.00,1.00,0.00,0.00,0.00,1.00,0.00,0.00,0.00,0.00,0.00,0.00,3.00,4.00,1.00,0.00,1.00,2.00,4.00,4.00
293.00,1.00,11.00,317.00,1853.00,125.00,95.00,153.00,"4611,76",2.00,149.00,0.00,0.00,0.00,0.00,0.00,0.00,0.00,0.00,0.00,0.00,0.00,0.00,0.00,0.00,0.00,0.00,0.00,0.00,0.00,0.00
294.00,0.00,37.00,911.00,"1601,43",286.00,48.00,642.00,"2203,27",151.00,121.00,76.00,1.00,2.00,0.00,1.00,2.00,0.00,0.00,0.00,0.00,0.00,0.00,42.00,37.00,29.00,30.00,2.00,1.00,16.00,18.00
295.00,0.00,15.00,654.00,"1301,38",199.00,122.00,569.00,"2354,13",87.00,184.00,35.00,0.00,1.00,0.00,0.00,1.00,50.00,0.00,2.00,0.00,0.00,2.00,0.00,0.00,0.00,0.00,0.00,0.00,0.00,0.00
296.00,1.00,12.00,690.00,"1518,7",204.00,22.00,121.00,"2333,06",55.00,11.00,0.00,0.00,0.00,0.00,0.00,0.00,0.00,0.00,0.00,0.00,0.00,0.00,116.00,233.00,154.00,361.00,1.00,1.00,22.00,21.00
297.00,0.00,18.00,947.00,"1422,39",294.00,112.00,537.00,"2262,57",87.00,206.00,270.00,8.00,6.00,0.00,0.00,2.00,155.00,4.00,1.00,0.00,0.00,1.00,10.00,3.00,6.00,2.00,1.00,1.00,9.00,4.00
298.00,1.00,2.00,404.00,"1179,95",165.00,104.00,181.00,"2587,29",20.00,160.00,0.00,0.00,0.00,0.00,0.00,0.00,0.00,0.00,0.00,0.00,0.00,0.00,0.00,0.00,0.00,0.00,0.00,0.00,0.00,0.00
299.00,0.00,21.00,1139.00,"1836,08",297.00,14.00,191.00,"1699,48",65.00,13.00,159.00,4.00,1.00,0.00,1.00,2.00,1157.00,8.00,5.00,0.00,0.00,3.00,120.00,215.00,107.00,216.00,5.00,4.00,36.00,59.00
300.00,1.00,65.00,677.00,"2392,47",178.00,27.00,633.00,"3140,28",102.00,90.00,423.00,5.00,9.00,0.00,0.00,2.00,1786.00,22.00,6.00,0.00,0.00,3.00,37.00,64.00,38.00,51.00,4.00,4.00,24.00,39.00
301.00,0.00,35.00,872.00,"2133,72",300.00,39.00,1235.00,"2551,82",165.00,79.00,844.00,16.00,11.00,2.00,0.00,4.00,1972.00,6.00,32.00,0.00,0.00,2.00,35.00,41.00,36.00,43.00,4.00,3.00,21.00,30.00
302.00,0.00,4.00,1077.00,"2018,66",205.00,38.00,78.00,"13553,85",8.00,70.00,0.00,0.00,0.00,0.00,0.00,0.00,0.00,0.00,0.00,0.00,0.00,0.00,0.00,0.00,0.00,0.00,0.00,0.00,0.00,0.00
303.00,0.00,3.00,471.00,"1948,41",121.00,40.00,93.00,"2825,81",19.00,63.00,0.00,0.00,0.00,0.00,0.00,0.00,0.00,0.00,0.00,0.00,0.00,0.00,0.00,0.00,0.00,0.00,0.00,0.00,0.00,0.00
304.00,0.00,16.00,901.00,"2102,66",251.00,19.00,311.00,"2518,65",96.00,97.00,77.00,2.00,2.00,0.00,0.00,4.00,0.00,0.00,0.00,0.00,0.00,0.00,77.00,33.00,88.00,39.00,6.00,4.00,40.00,22.00
306.00,0.00,33.00,1640.00,"1838,96",315.00,62.00,643.00,"3762,83",52.00,115.00,0.00,0.00,0.00,0.00,0.00,0.00,636.00,0.00,1.00,0.00,1.00,1.00,6.00,0.00,4.00,1.00,1.00,1.00,3.00,1.00
307.00,0.00,7.00,589.00,"1612,56",150.00,51.00,106.00,"1579,25",18.00,83.00,0.00,0.00,0.00,0.00,0.00,0.00,0.00,0.00,0.00,0.00,0.00,0.00,0.00,0.00,0.00,0.00,0.00,0.00,0.00,0.00
308.00,1.00,20.00,1824.00,"1826,48",348.00,82.00,415.00,"1645,3",127.00,207.00,516.00,4.00,2.00,0.00,0.00,2.00,252.00,0.00,3.00,0.00,0.00,2.00,30.00,27.00,21.00,21.00,3.00,2.00,9.00,4.00
309.00,0.00,7.00,1911.00,"2411,77",333.00,59.00,268.00,"1511,19",68.00,164.00,0.00,0.00,0.00,0.00,0.00,0.00,0.00,0.00,0.00,0.00,0.00,0.00,0.00,0.00,0.00,0.00,0.00,0.00,0.00,0.00
310.00,0.00,11.00,373.00,"1794,37",123.00,45.00,582.00,"1899,48",126.00,89.00,10.00,0.00,1.00,0.00,0.00,1.00,108.00,2.00,4.00,0.00,0.00,3.00,17.00,4.00,15.00,8.00,3.00,3.00,11.00,6.00
311.00,1.00,22.00,1508.00,"2209,22",374.00,36.00,965.00,"2365,49",181.00,116.00,0.00,0.00,0.00,0.00,1.00,1.00,54.00,1.00,0.00,0.00,0.00,1.00,5.00,9.00,4.00,10.00,2.00,2.00,2.00,5.00
312.00,2.00,7.00,1.00,8400.00,1.00,0.00,35.00,"3428,57",5.00,13.00,0.00,0.00,0.00,0.00,0.00,0.00,0.00,0.00,0.00,0.00,0.00,0.00,3.00,2.00,6.00,1.00,1.00,1.00,1.00,2.00
313.00,0.00,9.00,86.00,"1901,16",0.00,86.00,258.00,"2698,84",1.00,257.00,0.00,0.00,0.00,0.00,0.00,0.00,0.00,0.00,0.00,0.00,0.00,0.00,0.00,0.00,0.00,0.00,0.00,0.00,0.00,0.00
314.00,0.00,7.00,662.00,"1351,81",200.00,123.00,475.00,"1388,84",20.00,428.00,128.00,1.00,2.00,0.00,0.00,1.00,283.00,4.00,6.00,0.00,0.00,2.00,25.00,57.00,21.00,56.00,2.00,2.00,18.00,37.00
315.00,0.00,31.00,818.00,"1709,05",195.00,74.00,215.00,"1301,86",25.00,183.00,0.00,0.00,0.00,0.00,0.00,0.00,0.00,0.00,0.00,0.00,0.00,0.00,3.00,0.00,3.00,0.00,1.00,0.00,1.00,0.00
316.00,0.00,7.00,11.00,"1418,18",0.00,11.00,33.00,"1827,27",0.00,33.00,0.00,0.00,0.00,0.00,0.00,0.00,0.00,0.00,0.00,0.00,0.00,0.00,0.00,0.00,0.00,0.00,0.00,0.00,0.00,0.00
317.00,0.00,15.00,817.00,"1508,81",246.00,30.00,43.00,"1876,74",17.00,25.00,0.00,0.00,0.00,0.00,0.00,0.00,94.00,0.00,1.00,0.00,0.00,1.00,6.00,3.00,5.00,5.00,1.00,2.00,4.00,3.00
318.00,0.00,5.00,702.00,"2327,78",218.00,79.00,607.00,"1818,78",87.00,110.00,0.00,0.00,0.00,0.00,0.00,0.00,0.00,0.00,0.00,0.00,0.00,0.00,0.00,0.00,0.00,0.00,0.00,0.00,0.00,0.00
319.00,0.00,0.00,474.00,"2517,72",111.00,67.00,199.00,2700.00,29.00,164.00,0.00,0.00,0.00,0.00,0.00,0.00,0.00,0.00,0.00,0.00,0.00,0.00,0.00,0.00,0.00,0.00,0.00,0.00,0.00,0.00
320.00,1.00,11.00,75.00,4480.00,0.00,75.00,67.00,"1468,66",1.00,66.00,0.00,0.00,0.00,0.00,0.00,0.00,0.00,0.00,0.00,0.00,0.00,0.00,0.00,0.00,0.00,0.00,0.00,0.00,0.00,0.00
321.00,1.00,0.00,137.00,"6335,04",48.00,58.00,138.00,"12856,52",2.00,107.00,919.00,2.00,1.00,0.00,0.00,1.00,920.00,2.00,1.00,1.00,0.00,1.00,18.00,6.00,12.00,6.00,2.00,1.00,9.00,5.00
322.00,2.00,0.00,680.00,"1596,62",238.00,10.00,167.00,"7789,22",86.00,23.00,919.00,1.00,2.00,0.00,0.00,1.00,920.00,1.00,2.00,0.00,1.00,1.00,12.00,6.00,17.00,6.00,1.00,1.00,8.00,5.00
323.00,0.00,25.00,554.00,"1567,69",160.00,31.00,536.00,"1694,78",106.00,266.00,0.00,0.00,0.00,0.00,0.00,0.00,7.00,2.00,0.00,0.00,0.00,1.00,0.00,3.00,0.00,1.00,0.00,1.00,0.00,2.00
324.00,0.00,72.00,961.00,"1604,89",281.00,50.00,1255.00,"1868,84",190.00,90.00,180.00,1.00,0.00,1.00,0.00,1.00,460.00,5.00,13.00,0.00,8.00,6.00,16.00,32.00,16.00,28.00,5.00,6.00,11.00,23.00
325.00,0.00,7.00,1784.00,"2127,91",414.00,69.00,764.00,"2524,08",147.00,177.00,82.00,2.00,2.00,0.00,0.00,2.00,211.00,1.00,0.00,0.00,0.00,1.00,2.00,0.00,6.00,4.00,1.00,2.00,4.00,3.00
326.00,1.00,13.00,489.00,"1995,09",150.00,2.00,38.00,"2684,21",28.00,8.00,0.00,0.00,0.00,1.00,0.00,1.00,54.00,0.00,1.00,0.00,0.00,1.00,0.00,9.00,1.00,9.00,1.00,1.00,1.00,4.00
327.00,0.00,9.00,910.00,"2062,09",181.00,25.00,178.00,"992,7",55.00,60.00,0.00,0.00,0.00,0.00,0.00,0.00,54.00,2.00,0.00,0.00,1.00,1.00,0.00,1.00,0.00,0.00,0.00,1.00,0.00,1.00
328.00,0.00,7.00,638.00,"1860,66",177.00,83.00,250.00,"5275,2",33.00,174.00,0.00,0.00,0.00,0.00,1.00,1.00,0.00,0.00,0.00,0.00,0.00,0.00,0.00,0.00,0.00,0.00,0.00,0.00,0.00,0.00
329.00,0.00,4.00,60.00,6360.00,8.00,33.00,130.00,"8443,85",7.00,62.00,0.00,0.00,0.00,0.00,0.00,0.00,0.00,0.00,0.00,0.00,0.00,0.00,0.00,0.00,0.00,0.00,0.00,0.00,0.00,0.00
330.00,1.00,32.00,1342.00,"2375,41",291.00,54.00,423.00,"3567,38",70.00,165.00,52.00,2.00,1.00,0.00,2.00,2.00,0.00,0.00,0.00,0.00,0.00,0.00,1.00,5.00,4.00,7.00,2.00,2.00,3.00,4.00
331.00,2.00,15.00,1461.00,"2110,88",156.00,64.00,255.00,2100.00,68.00,125.00,466.00,5.00,2.00,0.00,0.00,2.00,337.00,11.00,2.00,0.00,0.00,2.00,23.00,54.00,28.00,58.00,3.00,3.00,21.00,25.00
332.00,0.00,6.00,24.00,4275.00,13.00,2.00,20.00,3795.00,2.00,13.00,0.00,0.00,0.00,0.00,0.00,0.00,0.00,0.00,0.00,0.00,0.00,0.00,0.00,5.00,0.00,4.00,0.00,2.00,0.00,4.00
334.00,0.00,15.00,1542.00,"1579,96",260.00,7.00,187.00,"1551,34",89.00,35.00,31.00,1.00,3.00,0.00,0.00,1.00,0.00,0.00,0.00,0.00,0.00,0.00,20.00,0.00,21.00,0.00,1.00,0.00,8.00,0.00
335.00,1.00,9.00,552.00,"1894,57",191.00,6.00,120.00,6390.00,51.00,22.00,370.00,7.00,9.00,0.00,0.00,1.00,260.00,8.00,13.00,0.00,1.00,1.00,72.00,106.00,66.00,126.00,2.00,2.00,44.00,55.00
336.00,0.00,21.00,1183.00,"2862,3",259.00,67.00,271.00,"4455,72",105.00,133.00,0.00,0.00,0.00,0.00,0.00,0.00,0.00,0.00,0.00,0.00,0.00,0.00,1.00,0.00,2.00,1.00,1.00,1.00,1.00,1.00
337.00,0.00,5.00,88.00,"2894,32",34.00,23.00,28.00,"2217,86",2.00,26.00,702.00,1.00,3.00,0.00,1.00,1.00,421.00,5.00,2.00,1.00,1.00,1.00,1.00,15.00,1.00,14.00,1.00,1.00,2.00,10.00
338.00,1.00,12.00,890.00,"2607,3",236.00,62.00,94.00,"2447,87",37.00,52.00,0.00,0.00,0.00,0.00,0.00,0.00,0.00,0.00,0.00,0.00,0.00,0.00,0.00,0.00,0.00,0.00,0.00,0.00,0.00,0.00
339.00,0.00,19.00,1182.00,"2239,09",309.00,53.00,292.00,"4995,21",105.00,99.00,175.00,3.00,5.00,1.00,0.00,3.00,20.00,0.00,1.00,0.00,0.00,1.00,2.00,22.00,4.00,21.00,2.00,3.00,3.00,10.00
340.00,0.00,3.00,156.00,"2796,15",58.00,46.00,401.00,"2427,68",63.00,116.00,1.00,0.00,1.00,0.00,0.00,1.00,147.00,0.00,2.00,0.00,0.00,1.00,27.00,21.00,27.00,29.00,1.00,1.00,16.00,16.00
341.00,0.00,12.00,941.00,"2303,72",146.00,4.00,101.00,"7595,05",38.00,8.00,117.00,1.00,3.00,0.00,0.00,2.00,69.00,3.00,0.00,0.00,0.00,2.00,8.00,2.00,7.00,1.00,1.00,1.00,3.00,1.00
342.00,1.00,51.00,923.00,"2153,63",284.00,65.00,676.00,"2450,59",105.00,229.00,545.00,2.00,6.00,0.00,1.00,5.00,146.00,1.00,3.00,0.00,0.00,3.00,22.00,13.00,23.00,11.00,5.00,6.00,18.00,15.00
343.00,0.00,8.00,412.00,"2157,52",88.00,81.00,818.00,"3130,93",36.00,203.00,121.00,0.00,5.00,1.00,0.00,1.00,0.00,0.00,0.00,0.00,0.00,0.00,0.00,0.00,0.00,0.00,0.00,0.00,0.00,0.00
344.00,0.00,24.00,1520.00,"2517,24",276.00,92.00,663.00,"2312,67",152.00,212.00,293.00,1.00,5.00,0.00,1.00,3.00,93.00,1.00,4.00,0.00,3.00,4.00,9.00,11.00,8.00,16.00,2.00,3.00,4.00,6.00
345.00,0.00,14.00,482.00,"1956,85",133.00,68.00,425.00,"2659,06",45.00,117.00,0.00,0.00,0.00,0.00,0.00,0.00,3.00,1.00,0.00,0.00,0.00,1.00,1.00,0.00,2.00,0.00,1.00,0.00,1.00,0.00
346.00,0.00,17.00,50.00,1332.00,0.00,50.00,157.00,"3470,06",3.00,154.00,0.00,0.00,0.00,0.00,0.00,0.00,246.00,1.00,0.00,0.00,0.00,1.00,0.00,0.00,0.00,0.00,0.00,0.00,0.00,0.00
347.00,0.00,8.00,114.00,"4602,63",4.00,107.00,118.00,"4024,58",0.00,118.00,0.00,0.00,0.00,0.00,0.00,0.00,0.00,0.00,0.00,0.00,0.00,0.00,0.00,0.00,0.00,0.00,0.00,0.00,0.00,0.00
348.00,0.00,18.00,503.00,"2131,01",174.00,18.00,876.00,"1929,79",148.00,77.00,30.00,0.00,1.00,0.00,0.00,1.00,65.00,0.00,1.00,0.00,0.00,1.00,0.00,3.00,2.00,5.00,1.00,3.00,1.00,5.00
349.00,0.00,5.00,1229.00,"1795,61",251.00,44.00,301.00,"1768,11",96.00,54.00,0.00,0.00,0.00,0.00,0.00,0.00,0.00,0.00,0.00,0.00,0.00,0.00,0.00,0.00,0.00,0.00,0.00,0.00,0.00,0.00
350.00,0.00,24.00,1109.00,"1564,65",248.00,29.00,95.00,"1250,53",30.00,49.00,0.00,0.00,0.00,0.00,0.00,0.00,3.00,0.00,1.00,0.00,0.00,1.00,2.00,6.00,2.00,6.00,1.00,2.00,1.00,4.00
351.00,0.00,30.00,651.00,"2097,7",175.00,107.00,263.00,"5319,01",55.00,142.00,29.00,1.00,0.00,0.00,0.00,1.00,915.00,9.00,4.00,2.00,1.00,4.00,24.00,20.00,17.00,10.00,3.00,5.00,6.00,9.00
352.00,0.00,18.00,861.00,"1396,86",238.00,42.00,392.00,"1417,35",110.00,174.00,53.00,0.00,2.00,0.00,0.00,1.00,0.00,0.00,0.00,0.00,0.00,0.00,2.00,1.00,2.00,1.00,1.00,1.00,1.00,1.00
353.00,0.00,12.00,1352.00,"2061,61",340.00,79.00,155.00,"4215,48",15.00,137.00,0.00,0.00,0.00,0.00,0.00,0.00,0.00,0.00,0.00,0.00,0.00,0.00,0.00,0.00,0.00,0.00,0.00,0.00,0.00,0.00
354.00,1.00,16.00,959.00,"1961,73",284.00,99.00,290.00,"2824,14",64.00,167.00,342.00,8.00,8.00,0.00,2.00,1.00,1057.00,10.00,1.00,0.00,4.00,1.00,10.00,6.00,14.00,5.00,1.00,1.00,4.00,4.00
355.00,1.00,10.00,659.00,"1785,89",152.00,5.00,107.00,"1982,24",50.00,5.00,0.00,0.00,0.00,0.00,0.00,0.00,58.00,1.00,0.00,0.00,0.00,1.00,6.00,0.00,3.00,2.00,1.00,1.00,2.00,2.00
356.00,0.00,19.00,922.00,"2381,45",308.00,91.00,352.00,"1637,22",46.00,274.00,505.00,12.00,4.00,1.00,2.00,3.00,166.00,4.00,1.00,0.00,0.00,1.00,17.00,5.00,13.00,1.00,2.00,1.00,4.00,3.00
357.00,1.00,19.00,772.00,"2131,09",228.00,50.00,433.00,"2364,67",104.00,78.00,1130.00,0.00,11.00,0.00,0.00,3.00,112.00,1.00,3.00,1.00,0.00,2.00,20.00,99.00,21.00,90.00,3.00,2.00,16.00,20.00
358.00,1.00,48.00,1036.00,"2070,17",275.00,65.00,820.00,"1795,24",180.00,208.00,812.00,1.00,4.00,0.00,2.00,2.00,3526.00,8.00,2.00,0.00,2.00,2.00,13.00,34.00,13.00,27.00,4.00,5.00,14.00,17.00
359.00,0.00,18.00,1521.00,"2044,38",290.00,22.00,784.00,"3010,33",132.00,95.00,86.00,1.00,2.00,0.00,0.00,1.00,330.00,3.00,4.00,0.00,1.00,2.00,13.00,29.00,16.00,22.00,3.00,3.00,8.00,16.00
360.00,0.00,14.00,557.00,"1321,72",190.00,32.00,485.00,1140.00,133.00,137.00,0.00,0.00,0.00,1.00,0.00,1.00,366.00,4.00,6.00,0.00,0.00,2.00,1.00,2.00,1.00,3.00,1.00,2.00,1.00,3.00
361.00,0.00,1.00,723.00,"2027,8",162.00,54.00,215.00,"3135,35",35.00,170.00,0.00,0.00,0.00,0.00,0.00,0.00,0.00,0.00,0.00,0.00,0.00,0.00,1.00,0.00,2.00,0.00,1.00,0.00,3.00,0.00
362.00,0.00,5.00,468.00,"1357,05",165.00,79.00,265.00,"911,32",36.00,220.00,0.00,0.00,0.00,0.00,0.00,0.00,0.00,0.00,0.00,0.00,0.00,0.00,2.00,0.00,3.00,0.00,2.00,0.00,3.00,0.00
363.00,0.00,10.00,1411.00,"1616,73",304.00,72.00,455.00,"3029,01",64.00,161.00,63.00,0.00,1.00,0.00,0.00,1.00,94.00,0.00,1.00,0.00,0.00,1.00,3.00,10.00,4.00,13.00,2.00,1.00,3.00,6.00
364.00,0.00,6.00,920.00,"1561,3",241.00,69.00,948.00,"788,92",174.00,215.00,2.00,1.00,0.00,1.00,0.00,1.00,556.00,9.00,7.00,0.00,0.00,4.00,24.00,40.00,26.00,42.00,2.00,3.00,12.00,14.00
365.00,1.00,13.00,547.00,"1759,41",176.00,42.00,302.00,"2089,07",43.00,63.00,0.00,0.00,0.00,0.00,0.00,0.00,0.00,0.00,0.00,0.00,0.00,0.00,0.00,1.00,0.00,2.00,0.00,1.00,0.00,1.00
366.00,0.00,0.00,1051.00,"1252,52",318.00,83.00,771.00,"954,47",125.00,193.00,0.00,0.00,0.00,0.00,0.00,0.00,0.00,0.00,0.00,0.00,0.00,0.00,1.00,0.00,1.00,0.00,1.00,0.00,1.00,0.00
367.00,0.00,7.00,593.00,"2692,92",160.00,10.00,27.00,"2444,44",16.00,11.00,53.00,0.00,1.00,0.00,0.00,1.00,0.00,0.00,0.00,0.00,0.00,0.00,4.00,4.00,3.00,2.00,3.00,2.00,5.00,4.00
368.00,1.00,16.00,966.00,"1836,34",281.00,39.00,531.00,"2592,09",148.00,55.00,0.00,0.00,0.00,0.00,0.00,0.00,0.00,0.00,0.00,0.00,0.00,0.00,10.00,17.00,13.00,19.00,4.00,4.00,10.00,19.00
369.00,0.00,3.00,530.00,"1509,62",218.00,71.00,144.00,"4737,5",42.00,88.00,0.00,0.00,0.00,0.00,0.00,0.00,0.00,0.00,0.00,0.00,0.00,0.00,0.00,0.00,0.00,0.00,0.00,0.00,0.00,0.00
370.00,0.00,13.00,236.00,"1772,03",93.00,62.00,680.00,"1018,24",148.00,89.00,0.00,0.00,0.00,0.00,0.00,0.00,0.00,0.00,0.00,0.00,0.00,0.00,9.00,11.00,6.00,7.00,1.00,1.00,3.00,4.00
371.00,1.00,50.00,1122.00,"1747,33",326.00,58.00,838.00,"2373,51",187.00,123.00,161.00,2.00,1.00,0.00,0.00,3.00,125.00,1.00,1.00,0.00,0.00,2.00,26.00,38.00,22.00,47.00,6.00,8.00,20.00,38.00
372.00,0.00,21.00,1321.00,"1856,32",405.00,45.00,684.00,"3095,18",108.00,109.00,110.00,1.00,2.00,0.00,0.00,2.00,424.00,2.00,5.00,0.00,0.00,4.00,22.00,4.00,20.00,4.00,4.00,2.00,16.00,3.00
373.00,0.00,60.00,1205.00,"2587,47",260.00,34.00,1492.00,"1913,2",169.00,130.00,278.00,0.00,5.00,0.00,0.00,2.00,150.00,0.00,3.00,0.00,0.00,2.00,1.00,3.00,1.00,4.00,1.00,1.00,1.00,2.00
374.00,0.00,23.00,690.00,"1758,26",203.00,68.00,603.00,"2026,37",127.00,188.00,439.00,6.00,9.00,0.00,0.00,3.00,244.00,1.00,6.00,0.00,0.00,3.00,7.00,6.00,12.00,9.00,2.00,2.00,11.00,7.00
375.00,0.00,9.00,582.00,"1691,24",216.00,64.00,452.00,"3528,98",69.00,109.00,0.00,0.00,0.00,0.00,0.00,0.00,0.00,0.00,0.00,0.00,0.00,0.00,0.00,0.00,0.00,0.00,0.00,0.00,0.00,0.00
376.00,0.00,19.00,921.00,"2341,69",240.00,20.00,109.00,"9877,98",38.00,25.00,22.00,1.00,0.00,0.00,0.00,1.00,0.00,0.00,0.00,0.00,0.00,0.00,58.00,8.00,42.00,8.00,1.00,1.00,13.00,6.00
377.00,2.00,18.00,229.00,"1881,22",51.00,147.00,373.00,"2305,9",15.00,299.00,0.00,0.00,0.00,0.00,0.00,0.00,0.00,0.00,0.00,0.00,0.00,0.00,0.00,0.00,0.00,0.00,0.00,0.00,0.00,0.00
378.00,0.00,30.00,2218.00,"1989,77",342.00,65.00,1005.00,"2032,84",186.00,270.00,48.00,0.00,6.00,2.00,1.00,3.00,244.00,7.00,4.00,6.00,0.00,3.00,4.00,16.00,5.00,13.00,2.00,4.00,6.00,7.00
379.00,0.00,8.00,741.00,"2020,65",193.00,2.00,119.00,"3005,04",58.00,0.00,141.00,5.00,2.00,0.00,1.00,2.00,46.00,2.00,2.00,0.00,0.00,1.00,30.00,34.00,34.00,27.00,1.00,2.00,5.00,11.00
380.00,0.00,0.00,1174.00,"1449,66",369.00,65.00,185.00,"1863,24",30.00,146.00,0.00,0.00,0.00,0.00,0.00,0.00,776.00,1.00,0.00,0.00,0.00,1.00,2.00,2.00,4.00,2.00,1.00,1.00,3.00,3.00
381.00,0.00,27.00,116.00,"2288,79",51.00,20.00,213.00,"2112,68",74.00,46.00,28.00,1.00,1.00,0.00,0.00,2.00,375.00,2.00,0.00,0.00,8.00,1.00,0.00,2.00,0.00,2.00,0.00,2.00,0.00,2.00
382.00,0.00,5.00,470.00,"2166,38",158.00,3.00,102.00,"8147,06",28.00,6.00,231.00,2.00,2.00,1.00,0.00,1.00,1100.00,3.00,3.00,0.00,0.00,1.00,81.00,84.00,96.00,99.00,2.00,1.00,32.00,36.00
383.00,1.00,8.00,1647.00,"2672,68",340.00,51.00,583.00,"3224,87",145.00,227.00,197.00,0.00,3.00,3.00,0.00,2.00,58.00,1.00,2.00,0.00,0.00,1.00,9.00,8.00,5.00,8.00,3.00,3.00,6.00,6.00
384.00,0.00,4.00,1170.00,"1651,03",353.00,97.00,331.00,"1461,93",32.00,277.00,0.00,0.00,0.00,0.00,0.00,0.00,0.00,0.00,0.00,0.00,0.00,0.00,0.00,0.00,0.00,0.00,0.00,0.00,0.00,0.00
385.00,0.00,29.00,161.00,"1406,83",64.00,10.00,98.00,"2412,24",31.00,23.00,0.00,0.00,0.00,0.00,0.00,0.00,0.00,0.00,0.00,0.00,0.00,0.00,0.00,0.00,0.00,0.00,0.00,0.00,0.00,0.00
386.00,0.00,8.00,1663.00,"2314,31",316.00,53.00,644.00,"2844,88",150.00,318.00,207.00,2.00,1.00,0.00,0.00,2.00,115.00,0.00,3.00,1.00,1.00,3.00,2.00,12.00,1.00,14.00,2.00,1.00,3.00,6.00
387.00,0.00,11.00,34.00,1500.00,2.00,32.00,92.00,"1398,91",0.00,92.00,0.00,0.00,0.00,0.00,0.00,0.00,0.00,0.00,0.00,0.00,0.00,0.00,0.00,0.00,0.00,0.00,0.00,0.00,0.00,0.00
388.00,0.00,20.00,1370.00,"2251,31",330.00,78.00,165.00,3640.00,22.00,138.00,174.00,6.00,0.00,0.00,0.00,3.00,30.00,2.00,0.00,0.00,0.00,1.00,36.00,16.00,37.00,12.00,3.00,3.00,20.00,9.00
389.00,0.00,3.00,757.00,"1497,62",281.00,34.00,137.00,"1215,33",11.00,126.00,0.00,0.00,0.00,0.00,0.00,0.00,0.00,0.00,0.00,0.00,0.00,0.00,0.00,1.00,0.00,2.00,0.00,1.00,0.00,2.00
390.00,0.00,17.00,727.00,"1179,78",247.00,85.00,276.00,"2359,78",24.00,94.00,486.00,3.00,2.00,0.00,1.00,1.00,142.00,0.00,4.00,0.00,0.00,1.00,49.00,48.00,49.00,51.00,2.00,2.00,32.00,25.00
391.00,0.00,7.00,527.00,"2133,59",155.00,41.00,111.00,"7310,81",47.00,39.00,0.00,0.00,0.00,0.00,0.00,0.00,598.00,1.00,1.00,0.00,0.00,1.00,51.00,79.00,57.00,105.00,2.00,2.00,19.00,27.00
392.00,0.00,19.00,384.00,"1582,03",151.00,17.00,61.00,"875,41",2.00,58.00,0.00,0.00,0.00,0.00,0.00,0.00,7.00,0.00,2.00,0.00,0.00,1.00,0.00,1.00,0.00,3.00,0.00,1.00,0.00,2.00
393.00,0.00,26.00,1.00,300.00,1.00,0.00,11.00,"1336,36",2.00,2.00,0.00,0.00,0.00,0.00,0.00,0.00,0.00,0.00,0.00,0.00,0.00,0.00,0.00,0.00,0.00,4.00,0.00,2.00,0.00,2.00
394.00,1.00,15.00,1618.00,"2214,77",318.00,40.00,593.00,"2068,13",83.00,68.00,388.00,8.00,3.00,0.00,1.00,3.00,0.00,0.00,0.00,0.00,0.00,0.00,2.00,5.00,8.00,3.00,4.00,1.00,7.00,2.00
395.00,1.00,16.00,825.00,"1797,45",216.00,35.00,519.00,"1975,14",101.00,229.00,6.00,1.00,0.00,0.00,0.00,1.00,68.00,0.00,1.00,0.00,1.00,2.00,5.00,8.00,4.00,7.00,3.00,2.00,4.00,5.00
396.00,0.00,17.00,833.00,"1984,75",235.00,18.00,429.00,"1492,31",110.00,11.00,16.00,1.00,0.00,0.00,0.00,1.00,3.00,0.00,1.00,0.00,0.00,1.00,1.00,0.00,0.00,0.00,1.00,0.00,1.00,0.00
397.00,0.00,6.00,1494.00,"1628,71",316.00,34.00,770.00,"2447,92",124.00,114.00,147.00,5.00,2.00,0.00,0.00,2.00,237.00,1.00,3.00,0.00,0.00,3.00,12.00,5.00,15.00,5.00,2.00,2.00,7.00,4.00
398.00,0.00,26.00,18.00,600.00,0.00,18.00,12.00,2900.00,0.00,12.00,0.00,0.00,0.00,0.00,0.00,0.00,0.00,0.00,0.00,0.00,0.00,0.00,0.00,0.00,0.00,0.00,0.00,0.00,0.00,0.00
399.00,0.00,13.00,1688.00,"1857,41",362.00,72.00,167.00,"2096,41",34.00,122.00,0.00,0.00,0.00,2.00,0.00,1.00,0.00,0.00,0.00,0.00,0.00,0.00,17.00,5.00,17.00,5.00,2.00,1.00,7.00,1.00
400.00,0.00,9.00,472.00,"1277,54",187.00,69.00,128.00,"1968,75",33.00,88.00,0.00,0.00,0.00,0.00,0.00,0.00,0.00,0.00,0.00,0.00,0.00,0.00,0.00,0.00,0.00,0.00,0.00,0.00,0.00,0.00
401.00,0.00,56.00,964.00,"2531,95",276.00,36.00,1412.00,"3123,87",225.00,62.00,786.00,4.00,5.00,1.00,0.00,4.00,1896.00,10.00,19.00,5.00,1.00,10.00,17.00,65.00,21.00,73.00,6.00,8.00,14.00,45.00
402.00,0.00,22.00,1311.00,"1323,57",238.00,49.00,239.00,"2982,43",29.00,204.00,56.00,2.00,2.00,0.00,2.00,1.00,67.00,2.00,2.00,0.00,0.00,1.00,3.00,1.00,1.00,1.00,1.00,1.00,3.00,1.00
403.00,0.00,24.00,1724.00,"1773,9",292.00,84.00,1082.00,"2476,52",116.00,327.00,235.00,2.00,5.00,0.00,0.00,2.00,45.00,1.00,3.00,0.00,0.00,3.00,10.00,7.00,7.00,8.00,3.00,2.00,5.00,6.00
404.00,1.00,10.00,699.00,"1571,67",217.00,60.00,156.00,"8171,15",32.00,117.00,0.00,0.00,0.00,0.00,0.00,0.00,0.00,0.00,0.00,0.00,0.00,0.00,0.00,0.00,0.00,0.00,0.00,0.00,0.00,0.00
405.00,1.00,31.00,1461.00,"1851,54",319.00,45.00,682.00,"1944,72",174.00,144.00,1013.00,20.00,28.00,3.00,1.00,4.00,1143.00,13.00,13.00,1.00,0.00,4.00,37.00,39.00,49.00,32.00,2.00,3.00,21.00,16.00
406.00,0.00,26.00,565.00,"2210,44",199.00,22.00,82.00,"2751,22",42.00,22.00,77.00,0.00,2.00,0.00,0.00,2.00,217.00,1.00,3.00,0.00,0.00,1.00,3.00,3.00,1.00,4.00,1.00,1.00,3.00,2.00
407.00,0.00,11.00,1492.00,"1951,81",230.00,40.00,59.00,"2542,37",10.00,46.00,0.00,0.00,0.00,0.00,0.00,0.00,0.00,0.00,0.00,0.00,0.00,0.00,0.00,0.00,0.00,0.00,0.00,0.00,0.00,0.00
408.00,0.00,8.00,928.00,"2067,35",179.00,68.00,265.00,"3413,21",66.00,77.00,0.00,0.00,0.00,0.00,0.00,0.00,0.00,0.00,0.00,0.00,0.00,0.00,1.00,0.00,0.00,0.00,1.00,0.00,1.00,0.00
409.00,0.00,8.00,466.00,"1787,12",188.00,111.00,311.00,"2132,8",29.00,264.00,0.00,0.00,0.00,0.00,0.00,0.00,0.00,0.00,0.00,0.00,0.00,0.00,8.00,18.00,3.00,20.00,3.00,2.00,5.00,7.00
410.00,0.00,10.00,60.00,2965.00,5.00,55.00,58.00,"1205,17",2.00,56.00,0.00,0.00,0.00,0.00,0.00,0.00,0.00,0.00,0.00,0.00,0.00,0.00,0.00,0.00,0.00,0.00,0.00,0.00,0.00,0.00
411.00,0.00,20.00,526.00,"1724,14",187.00,57.00,238.00,"1150,84",68.00,89.00,0.00,0.00,0.00,0.00,0.00,0.00,0.00,0.00,0.00,0.00,0.00,0.00,0.00,0.00,0.00,0.00,0.00,0.00,0.00,0.00
412.00,0.00,11.00,1783.00,"2131,97",320.00,57.00,507.00,"3050,89",87.00,179.00,0.00,0.00,0.00,0.00,0.00,0.00,23.00,0.00,1.00,0.00,0.00,1.00,0.00,2.00,0.00,2.00,0.00,1.00,0.00,3.00
413.00,0.00,15.00,1024.00,"1814,06",151.00,105.00,398.00,"1536,18",63.00,301.00,560.00,0.00,3.00,0.00,0.00,1.00,127.00,2.00,2.00,0.00,0.00,3.00,8.00,10.00,8.00,14.00,3.00,3.00,3.00,8.00
414.00,1.00,10.00,604.00,"2014,57",210.00,13.00,134.00,"3353,73",51.00,35.00,0.00,0.00,0.00,0.00,0.00,0.00,0.00,0.00,0.00,0.00,0.00,0.00,17.00,17.00,21.00,17.00,3.00,2.00,15.00,13.00
415.00,1.00,31.00,971.00,"2794,23",238.00,65.00,666.00,"2615,32",153.00,113.00,120.00,2.00,2.00,0.00,0.00,3.00,0.00,0.00,0.00,0.00,0.00,0.00,16.00,25.00,13.00,22.00,5.00,4.00,10.00,6.00
416.00,1.00,23.00,1644.00,"2694,53",301.00,64.00,303.00,"2896,04",68.00,200.00,18.00,0.00,1.00,0.00,0.00,1.00,51.00,0.00,1.00,0.00,0.00,1.00,0.00,10.00,0.00,8.00,0.00,2.00,0.00,6.00
417.00,0.00,2.00,136.00,"2565,44",0.00,136.00,354.00,"2674,58",3.00,351.00,0.00,0.00,0.00,0.00,0.00,0.00,0.00,0.00,0.00,0.00,0.00,0.00,0.00,0.00,0.00,0.00,0.00,0.00,0.00,0.00
418.00,0.00,0.00,977.00,"1624,05",252.00,7.00,428.00,"1480,37",134.00,42.00,85.00,0.00,2.00,0.00,0.00,2.00,38.00,0.00,1.00,0.00,0.00,1.00,2.00,0.00,3.00,0.00,1.00,0.00,1.00,0.00
419.00,0.00,9.00,180.00,"6708,33",58.00,28.00,125.00,"15556,8",10.00,69.00,430.00,4.00,8.00,1.00,2.00,1.00,474.00,5.00,1.00,1.00,4.00,2.00,50.00,42.00,42.00,39.00,2.00,3.00,15.00,16.00
420.00,0.00,1.00,135.00,"1806,67",52.00,8.00,101.00,"938,61",19.00,17.00,7511.00,10.00,20.00,4.00,0.00,2.00,3165.00,10.00,6.00,4.00,0.00,2.00,14.00,5.00,15.00,6.00,3.00,1.00,10.00,2.00
421.00,0.00,22.00,996.00,"1647,59",313.00,53.00,565.00,"2184,96",125.00,131.00,179.00,2.00,3.00,0.00,0.00,2.00,0.00,0.00,0.00,0.00,0.00,0.00,13.00,3.00,14.00,6.00,3.00,1.00,6.00,4.00
422.00,0.00,0.00,1179.00,"2159,54",307.00,73.00,440.00,"6132,95",120.00,118.00,0.00,0.00,0.00,0.00,0.00,0.00,155.00,2.00,3.00,0.00,0.00,2.00,6.00,14.00,4.00,10.00,4.00,5.00,6.00,10.00
423.00,0.00,23.00,1505.00,"2025,65",310.00,31.00,347.00,"1254,47",137.00,53.00,0.00,0.00,0.00,0.00,0.00,0.00,46.00,4.00,1.00,1.00,2.00,2.00,2.00,3.00,3.00,4.00,1.00,2.00,1.00,2.00
424.00,0.00,30.00,803.00,"1763,76",232.00,61.00,1102.00,"2569,6",184.00,141.00,869.00,11.00,5.00,0.00,2.00,3.00,2547.00,23.00,10.00,1.00,7.00,4.00,13.00,11.00,10.00,12.00,5.00,3.00,14.00,15.00
425.00,0.00,2.00,1075.00,"2406,7",229.00,54.00,185.00,"3982,7",29.00,142.00,0.00,0.00,0.00,0.00,0.00,0.00,0.00,0.00,0.00,0.00,0.00,0.00,0.00,0.00,0.00,0.00,0.00,0.00,0.00,0.00
426.00,0.00,8.00,134.00,"1867,16",13.00,120.00,218.00,"1758,72",6.00,212.00,0.00,0.00,0.00,0.00,0.00,0.00,0.00,0.00,0.00,0.00,0.00,0.00,0.00,0.00,0.00,0.00,0.00,0.00,0.00,0.00
427.00,0.00,5.00,1774.00,"2153,61",361.00,12.00,604.00,"2188,91",42.00,149.00,54.00,1.00,2.00,0.00,0.00,1.00,211.00,0.00,1.00,0.00,0.00,1.00,7.00,2.00,5.00,2.00,2.00,2.00,8.00,3.00
428.00,0.00,3.00,419.00,"1507,88",232.00,66.00,358.00,"3030,17",83.00,149.00,295.00,5.00,1.00,0.00,1.00,1.00,0.00,0.00,0.00,0.00,0.00,0.00,0.00,0.00,0.00,0.00,0.00,0.00,0.00,0.00
429.00,0.00,8.00,458.00,"1817,03",125.00,41.00,141.00,"3691,49",22.00,118.00,0.00,0.00,0.00,0.00,0.00,0.00,0.00,0.00,0.00,0.00,0.00,0.00,0.00,0.00,0.00,0.00,0.00,0.00,0.00,0.00
430.00,0.00,2.00,475.00,"1607,37",162.00,114.00,338.00,"1807,1",26.00,309.00,44.00,0.00,1.00,0.00,0.00,1.00,113.00,1.00,3.00,0.00,0.00,1.00,4.00,6.00,4.00,5.00,1.00,1.00,0.00,7.00
431.00,0.00,20.00,477.00,"2296,86",188.00,14.00,75.00,8104.00,30.00,29.00,0.00,0.00,0.00,0.00,0.00,0.00,0.00,0.00,0.00,0.00,0.00,0.00,0.00,0.00,0.00,0.00,0.00,0.00,0.00,0.00
432.00,0.00,18.00,704.00,"1909,94",233.00,51.00,430.00,"3701,16",92.00,89.00,0.00,0.00,0.00,0.00,0.00,0.00,0.00,0.00,0.00,0.00,0.00,0.00,1.00,0.00,2.00,0.00,1.00,0.00,1.00,0.00
433.00,0.00,2.00,759.00,"2067,59",260.00,65.00,149.00,"4044,97",47.00,83.00,0.00,0.00,0.00,0.00,0.00,0.00,0.00,0.00,0.00,0.00,0.00,0.00,0.00,0.00,0.00,0.00,0.00,0.00,0.00,0.00
434.00,0.00,1.00,828.00,"1935,51",156.00,61.00,350.00,"3957,43",72.00,194.00,0.00,0.00,0.00,0.00,0.00,0.00,0.00,0.00,0.00,0.00,0.00,0.00,0.00,0.00,0.00,0.00,0.00,0.00,0.00,0.00
435.00,0.00,6.00,1146.00,"1908,12",170.00,10.00,154.00,"2302,6",48.00,86.00,71.00,3.00,0.00,0.00,0.00,1.00,7.00,1.00,0.00,0.00,0.00,1.00,4.00,3.00,4.00,4.00,1.00,1.00,7.00,3.00
436.00,0.00,24.00,1050.00,"2484,57",136.00,49.00,221.00,"3419,46",67.00,132.00,10.00,3.00,0.00,0.00,0.00,3.00,5949.00,5.00,5.00,2.00,0.00,2.00,4.00,16.00,3.00,17.00,2.00,3.00,4.00,16.00
437.00,0.00,17.00,1308.00,"1567,89",364.00,120.00,337.00,"1233,83",88.00,202.00,0.00,0.00,0.00,0.00,0.00,0.00,0.00,0.00,0.00,0.00,0.00,0.00,6.00,3.00,6.00,2.00,2.00,2.00,8.00,4.00
438.00,0.00,14.00,1315.00,"2419,62",306.00,32.00,296.00,"6163,18",100.00,122.00,206.00,0.00,2.00,0.00,0.00,1.00,0.00,0.00,0.00,0.00,0.00,0.00,6.00,1.00,2.00,2.00,1.00,2.00,3.00,2.00
439.00,1.00,14.00,1071.00,"3292,16",126.00,23.00,172.00,"2218,6",76.00,53.00,0.00,0.00,0.00,0.00,0.00,0.00,0.00,0.00,0.00,0.00,0.00,0.00,0.00,0.00,0.00,0.00,0.00,0.00,0.00,0.00
440.00,0.00,22.00,373.00,"1667,29",155.00,52.00,261.00,"2151,72",48.00,133.00,0.00,0.00,0.00,0.00,0.00,0.00,84.00,1.00,2.00,0.00,0.00,1.00,1.00,0.00,1.00,0.00,1.00,0.00,1.00,0.00
441.00,0.00,13.00,1890.00,"1689,21",379.00,64.00,696.00,"2866,38",184.00,200.00,2.00,0.00,1.00,0.00,0.00,1.00,596.00,3.00,4.00,1.00,4.00,3.00,4.00,13.00,3.00,17.00,2.00,3.00,4.00,7.00
442.00,0.00,9.00,271.00,"2465,31",74.00,0.00,4.00,525.00,4.00,0.00,2.00,0.00,1.00,0.00,0.00,1.00,0.00,0.00,0.00,0.00,0.00,0.00,8.00,2.00,9.00,2.00,1.00,1.00,3.00,1.00
443.00,1.00,10.00,1050.00,"1849,43",232.00,53.00,340.00,"2673,53",65.00,206.00,0.00,0.00,0.00,0.00,0.00,0.00,0.00,0.00,0.00,0.00,0.00,0.00,0.00,0.00,0.00,0.00,0.00,0.00,0.00,0.00
444.00,0.00,49.00,744.00,"1538,31",145.00,9.00,66.00,"1472,73",40.00,15.00,170.00,4.00,3.00,2.00,0.00,2.00,2536.00,3.00,6.00,0.00,0.00,3.00,5.00,11.00,7.00,16.00,3.00,2.00,7.00,7.00
445.00,0.00,8.00,156.00,"1284,62",53.00,62.00,151.00,"2084,11",13.00,132.00,28.00,1.00,0.00,0.00,0.00,1.00,127.00,2.00,0.00,0.00,0.00,1.00,2.00,3.00,2.00,2.00,1.00,1.00,2.00,1.00
446.00,0.00,14.00,276.00,"1711,96",117.00,59.00,261.00,"4054,02",12.00,142.00,2375.00,4.00,3.00,0.00,0.00,2.00,514.00,0.00,11.00,2.00,0.00,2.00,10.00,0.00,10.00,2.00,2.00,2.00,4.00,2.00
447.00,0.00,2.00,0.00,0.00,0.00,0.00,5.00,2400.00,0.00,5.00,0.00,0.00,0.00,0.00,0.00,0.00,0.00,0.00,0.00,0.00,0.00,0.00,0.00,0.00,0.00,0.00,0.00,0.00,0.00,0.00
448.00,0.00,23.00,1520.00,"2044,54",385.00,56.00,1163.00,"2578,5",79.00,191.00,385.00,4.00,2.00,1.00,0.00,4.00,140.00,3.00,1.00,0.00,2.00,2.00,36.00,80.00,37.00,75.00,4.00,3.00,18.00,36.00
449.00,0.00,12.00,1173.00,"1627,37",346.00,24.00,490.00,"5256,12",110.00,33.00,1402.00,10.00,15.00,0.00,2.00,1.00,823.00,14.00,12.00,1.00,0.00,2.00,27.00,12.00,19.00,3.00,2.00,1.00,18.00,11.00
450.00,0.00,7.00,373.00,"2752,28",105.00,21.00,192.00,"2418,75",28.00,146.00,0.00,0.00,0.00,0.00,0.00,0.00,0.00,0.00,0.00,0.00,0.00,0.00,0.00,0.00,0.00,0.00,0.00,0.00,0.00,0.00
451.00,0.00,4.00,338.00,"1865,68",93.00,122.00,188.00,"1753,72",11.00,176.00,0.00,0.00,0.00,0.00,0.00,0.00,0.00,0.00,0.00,0.00,0.00,0.00,1.00,0.00,1.00,0.00,1.00,0.00,1.00,0.00
452.00,2.00,9.00,1006.00,"1488,97",325.00,114.00,509.00,"2797,25",121.00,176.00,0.00,0.00,0.00,0.00,0.00,0.00,0.00,0.00,0.00,0.00,0.00,0.00,0.00,4.00,0.00,4.00,0.00,1.00,0.00,3.00
453.00,0.00,6.00,637.00,"2011,46",268.00,78.00,269.00,"1837,92",73.00,150.00,125.00,0.00,2.00,0.00,0.00,1.00,0.00,0.00,0.00,0.00,0.00,0.00,1.00,0.00,1.00,0.00,1.00,0.00,1.00,0.00
454.00,2.00,21.00,329.00,"1730,7",112.00,8.00,402.00,"1329,85",139.00,53.00,0.00,0.00,0.00,0.00,0.00,0.00,516.00,1.00,1.00,0.00,5.00,2.00,1.00,14.00,1.00,9.00,1.00,3.00,2.00,11.00
455.00,0.00,11.00,1707.00,"2116,7",237.00,57.00,301.00,"1758,14",86.00,65.00,31.00,3.00,2.00,0.00,0.00,1.00,10.00,2.00,1.00,2.00,0.00,2.00,1.00,6.00,0.00,3.00,1.00,2.00,1.00,5.00
456.00,0.00,3.00,267.00,"2132,58",117.00,37.00,68.00,7125.00,8.00,60.00,0.00,0.00,0.00,0.00,0.00,0.00,0.00,0.00,0.00,0.00,0.00,0.00,0.00,0.00,0.00,0.00,0.00,0.00,0.00,0.00
457.00,0.00,34.00,378.00,"1562,7",135.00,23.00,725.00,"1681,66",157.00,118.00,14.00,1.00,0.00,0.00,0.00,1.00,300.00,2.00,14.00,1.00,1.00,3.00,11.00,20.00,8.00,17.00,6.00,6.00,9.00,17.00
458.00,2.00,10.00,507.00,"1940,83",179.00,69.00,430.00,"2182,33",78.00,68.00,0.00,0.00,0.00,0.00,0.00,0.00,0.00,0.00,0.00,0.00,0.00,0.00,7.00,16.00,9.00,11.00,1.00,1.00,6.00,14.00
459.00,0.00,2.00,598.00,"1864,21",201.00,54.00,154.00,"6979,87",27.00,62.00,90.00,1.00,1.00,0.00,0.00,1.00,640.00,5.00,4.00,0.00,1.00,3.00,4.00,10.00,4.00,11.00,1.00,3.00,3.00,11.00
460.00,0.00,7.00,158.00,"2589,87",54.00,73.00,269.00,"2309,67",0.00,269.00,0.00,0.00,0.00,0.00,0.00,0.00,0.00,0.00,0.00,0.00,0.00,0.00,0.00,0.00,0.00,0.00,0.00,0.00,0.00,0.00
461.00,0.00,10.00,1160.00,"1908,62",263.00,48.00,835.00,"2748,5",150.00,99.00,0.00,0.00,0.00,0.00,0.00,0.00,179.00,2.00,0.00,1.00,0.00,2.00,1.00,3.00,0.00,5.00,1.00,2.00,1.00,3.00
462.00,0.00,19.00,546.00,"2030,77",150.00,15.00,382.00,"2015,18",79.00,25.00,0.00,0.00,0.00,0.00,0.00,0.00,0.00,0.00,0.00,0.00,0.00,0.00,0.00,4.00,0.00,4.00,0.00,1.00,0.00,2.00
463.00,0.00,5.00,166.00,"2385,54",45.00,99.00,187.00,"5055,08",2.00,185.00,0.00,0.00,0.00,0.00,0.00,0.00,0.00,0.00,0.00,0.00,0.00,0.00,0.00,0.00,0.00,0.00,0.00,0.00,0.00,0.00
464.00,1.00,20.00,65.00,"1223,08",20.00,38.00,54.00,"1055,56",3.00,48.00,72.00,1.00,0.00,0.00,0.00,1.00,0.00,0.00,0.00,0.00,0.00,0.00,8.00,1.00,7.00,0.00,1.00,1.00,4.00,1.00
465.00,0.00,12.00,2067.00,"2058,93",292.00,31.00,497.00,"2946,88",101.00,129.00,322.00,2.00,8.00,0.00,0.00,1.00,400.00,5.00,15.00,0.00,1.00,2.00,40.00,20.00,77.00,32.00,1.00,1.00,37.00,27.00
466.00,0.00,34.00,1464.00,"1494,67",209.00,18.00,254.00,"3237,4",30.00,85.00,400.00,3.00,1.00,0.00,0.00,2.00,233.00,8.00,2.00,0.00,0.00,5.00,1.00,12.00,3.00,11.00,2.00,4.00,3.00,10.00
467.00,0.00,14.00,2675.00,"1553,38",338.00,80.00,439.00,1418.00,90.00,322.00,15.00,1.00,0.00,0.00,0.00,1.00,0.00,0.00,0.00,0.00,0.00,0.00,0.00,0.00,0.00,0.00,0.00,0.00,0.00,0.00
468.00,0.00,4.00,550.00,"1435,64",239.00,87.00,205.00,"3046,83",15.00,175.00,50.00,4.00,1.00,0.00,2.00,2.00,35.00,1.00,0.00,0.00,0.00,1.00,2.00,5.00,2.00,8.00,1.00,2.00,1.00,9.00
469.00,1.00,29.00,863.00,"1820,51",238.00,13.00,229.00,"1365,07",94.00,33.00,0.00,0.00,0.00,0.00,2.00,1.00,0.00,0.00,0.00,0.00,0.00,0.00,16.00,5.00,17.00,5.00,1.00,1.00,6.00,1.00
470.00,1.00,21.00,788.00,"3133,63",227.00,32.00,873.00,"1683,51",165.00,140.00,413.00,2.00,18.00,1.00,0.00,4.00,1273.00,3.00,18.00,0.00,1.00,3.00,2.00,4.00,2.00,5.00,1.00,1.00,2.00,9.00
471.00,1.00,13.00,391.00,"1420,97",179.00,13.00,244.00,"2666,8",69.00,61.00,35.00,1.00,0.00,0.00,0.00,1.00,340.00,1.00,5.00,0.00,0.00,2.00,3.00,1.00,4.00,2.00,2.00,1.00,3.00,2.00
472.00,0.00,72.00,405.00,"1480,74",160.00,43.00,935.00,"2165,13",156.00,82.00,177.00,3.00,3.00,1.00,0.00,3.00,194.00,4.00,4.00,0.00,1.00,7.00,27.00,56.00,32.00,54.00,5.00,8.00,20.00,31.00
473.00,0.00,8.00,962.00,"1495,95",241.00,4.00,202.00,"1534,16",53.00,18.00,189.00,0.00,2.00,0.00,0.00,1.00,156.00,0.00,3.00,0.00,1.00,1.00,1.00,3.00,2.00,2.00,1.00,1.00,2.00,3.00
474.00,0.00,23.00,975.00,"2072,62",243.00,26.00,424.00,"1238,21",144.00,26.00,346.00,4.00,2.00,0.00,1.00,3.00,1186.00,11.00,5.00,0.00,6.00,4.00,86.00,45.00,80.00,37.00,7.00,5.00,59.00,30.00
475.00,0.00,12.00,1200.00,1583.00,304.00,58.00,309.00,"1045,63",29.00,272.00,0.00,0.00,0.00,0.00,0.00,0.00,0.00,0.00,0.00,0.00,0.00,0.00,22.00,32.00,25.00,38.00,1.00,1.00,12.00,25.00
476.00,1.00,27.00,2005.00,"1818,55",277.00,19.00,1004.00,"3805,88",183.00,40.00,0.00,0.00,0.00,0.00,2.00,1.00,0.00,0.00,0.00,0.00,7.00,2.00,2.00,6.00,3.00,10.00,1.00,1.00,4.00,2.00
477.00,1.00,11.00,171.00,"1801,75",87.00,3.00,62.00,"3203,23",24.00,38.00,0.00,0.00,0.00,0.00,0.00,0.00,0.00,0.00,0.00,0.00,0.00,0.00,0.00,16.00,0.00,16.00,0.00,1.00,0.00,4.00
478.00,0.00,19.00,793.00,"1696,34",221.00,99.00,339.00,"1479,65",26.00,308.00,35.00,1.00,1.00,1.00,0.00,1.00,0.00,0.00,0.00,0.00,0.00,0.00,0.00,0.00,0.00,0.00,0.00,0.00,0.00,0.00
479.00,0.00,18.00,793.00,"1695,59",192.00,0.00,105.00,"1777,14",29.00,0.00,39.00,0.00,4.00,1.00,0.00,1.00,0.00,0.00,0.00,0.00,0.00,0.00,4.00,0.00,6.00,0.00,1.00,0.00,2.00,0.00
480.00,0.00,13.00,627.00,"1870,33",212.00,7.00,112.00,"1441,07",65.00,24.00,151.00,3.00,1.00,0.00,0.00,1.00,4055.00,7.00,2.00,0.00,0.00,1.00,27.00,34.00,22.00,21.00,2.00,1.00,7.00,14.00
481.00,1.00,0.00,1038.00,"2047,98",227.00,35.00,224.00,"2803,12",42.00,164.00,9.00,0.00,1.00,2.00,0.00,2.00,587.00,0.00,2.00,0.00,0.00,1.00,308.00,489.00,223.00,332.00,4.00,3.00,55.00,40.00
482.00,0.00,19.00,1118.00,"1287,21",167.00,36.00,126.00,"988,1",33.00,64.00,0.00,0.00,0.00,0.00,0.00,0.00,2293.00,4.00,0.00,0.00,0.00,1.00,3.00,17.00,2.00,10.00,1.00,2.00,2.00,7.00
483.00,0.00,14.00,1116.00,"2678,23",235.00,41.00,131.00,"6563,36",31.00,88.00,0.00,0.00,0.00,0.00,0.00,0.00,133.00,0.00,1.00,0.00,0.00,1.00,0.00,0.00,0.00,0.00,0.00,0.00,0.00,0.00
484.00,1.00,15.00,449.00,"1882,85",143.00,15.00,130.00,"2418,46",46.00,52.00,0.00,0.00,0.00,0.00,0.00,0.00,0.00,0.00,0.00,0.00,0.00,0.00,9.00,0.00,14.00,0.00,1.00,0.00,5.00,0.00
485.00,0.00,101.00,1091.00,"1564,62",269.00,21.00,1074.00,"2597,21",213.00,18.00,451.00,8.00,4.00,0.00,1.00,10.00,425.00,6.00,2.00,0.00,1.00,5.00,36.00,84.00,29.00,82.00,7.00,8.00,26.00,38.00
486.00,1.00,57.00,709.00,"1417,07",191.00,31.00,390.00,"1491,54",113.00,83.00,0.00,0.00,0.00,0.00,0.00,0.00,0.00,0.00,0.00,0.00,2.00,1.00,0.00,3.00,0.00,4.00,0.00,2.00,0.00,2.00
487.00,0.00,31.00,724.00,"1613,12",183.00,17.00,75.00,2448.00,4.00,66.00,0.00,0.00,0.00,0.00,0.00,0.00,0.00,0.00,0.00,0.00,0.00,0.00,0.00,0.00,0.00,0.00,0.00,0.00,0.00,0.00
488.00,0.00,8.00,545.00,"1661,28",162.00,28.00,640.00,"1793,44",116.00,91.00,0.00,0.00,0.00,0.00,0.00,0.00,0.00,0.00,0.00,0.00,0.00,0.00,7.00,12.00,16.00,13.00,1.00,1.00,7.00,8.00
489.00,0.00,9.00,604.00,"1958,44",188.00,38.00,453.00,"2466,23",84.00,219.00,0.00,0.00,0.00,0.00,0.00,0.00,170.00,0.00,2.00,0.00,0.00,1.00,7.00,26.00,6.00,21.00,3.00,2.00,4.00,7.00
490.00,0.00,18.00,629.00,"1442,29",187.00,12.00,141.00,"3289,36",38.00,94.00,36.00,1.00,1.00,0.00,0.00,1.00,2.00,1.00,0.00,0.00,0.00,1.00,1.00,1.00,1.00,1.00,1.00,1.00,1.00,2.00
491.00,0.00,11.00,734.00,"2746,59",240.00,66.00,329.00,"6979,33",77.00,79.00,365.00,5.00,2.00,0.00,0.00,2.00,659.00,17.00,4.00,0.00,0.00,4.00,4.00,10.00,4.00,11.00,2.00,3.00,4.00,9.00
492.00,0.00,26.00,1061.00,"1417,72",256.00,12.00,648.00,"2415,28",122.00,42.00,630.00,8.00,7.00,1.00,1.00,3.00,1324.00,7.00,11.00,1.00,0.00,4.00,59.00,59.00,48.00,55.00,5.00,5.00,31.00,27.00
493.00,0.00,3.00,1333.00,"2032,48",162.00,24.00,710.00,"3129,3",45.00,188.00,0.00,0.00,0.00,0.00,0.00,0.00,0.00,0.00,0.00,0.00,0.00,0.00,0.00,0.00,0.00,0.00,0.00,0.00,0.00,0.00
494.00,0.00,14.00,1040.00,"2782,5",314.00,29.00,607.00,"1605,27",73.00,129.00,34.00,1.00,0.00,0.00,0.00,1.00,0.00,0.00,0.00,1.00,0.00,1.00,20.00,6.00,19.00,7.00,4.00,3.00,15.00,9.00
495.00,0.00,1.00,165.00,1420.00,71.00,26.00,87.00,"2948,28",19.00,66.00,6499.00,17.00,10.00,1.00,5.00,2.00,3294.00,6.00,10.00,0.00,4.00,2.00,9.00,8.00,7.00,9.00,2.00,2.00,8.00,4.00
496.00,0.00,13.00,60.00,1200.00,38.00,0.00,46.00,"965,22",9.00,0.00,0.00,0.00,0.00,0.00,0.00,0.00,0.00,0.00,0.00,0.00,0.00,0.00,0.00,0.00,0.00,0.00,0.00,0.00,0.00,0.00
497.00,1.00,9.00,389.00,"1435,99",129.00,79.00,379.00,"2046,97",53.00,307.00,0.00,0.00,0.00,0.00,0.00,0.00,0.00,0.00,0.00,0.00,0.00,0.00,0.00,0.00,0.00,0.00,0.00,0.00,0.00,0.00
498.00,0.00,2.00,437.00,"2286,04",126.00,59.00,187.00,"1719,79",24.00,161.00,0.00,0.00,0.00,0.00,0.00,0.00,0.00,0.00,0.00,0.00,0.00,0.00,0.00,0.00,0.00,0.00,0.00,0.00,0.00,0.00
499.00,1.00,25.00,805.00,"1911,8",180.00,18.00,261.00,"2235,63",71.00,104.00,140.00,0.00,3.00,0.00,0.00,1.00,651.00,6.00,3.00,1.00,0.00,3.00,10.00,26.00,9.00,16.00,3.00,4.00,7.00,28.00
500.00,0.00,2.00,189.00,"3061,9",73.00,55.00,180.00,"4086,67",10.00,170.00,0.00,0.00,0.00,0.00,0.00,0.00,46.00,2.00,1.00,0.00,0.00,2.00,0.00,1.00,0.00,1.00,0.00,1.00,0.00,1.00
501.00,0.00,2.00,564.00,"3280,85",121.00,64.00,96.00,"6928,12",21.00,71.00,0.00,0.00,0.00,0.00,0.00,0.00,0.00,0.00,0.00,0.00,0.00,0.00,0.00,0.00,0.00,0.00,0.00,0.00,0.00,0.00
502.00,0.00,19.00,820.00,"1953,29",245.00,86.00,264.00,1600.00,40.00,155.00,134.00,1.00,1.00,1.00,0.00,1.00,20.00,0.00,1.00,0.00,0.00,1.00,0.00,0.00,0.00,0.00,0.00,0.00,0.00,0.00
503.00,0.00,49.00,757.00,"2181,24",189.00,16.00,312.00,"2465,38",60.00,47.00,0.00,0.00,0.00,0.00,0.00,0.00,585.00,3.00,3.00,3.00,1.00,2.00,1.00,14.00,4.00,7.00,3.00,5.00,4.00,7.00
504.00,0.00,12.00,638.00,"1289,34",212.00,55.00,305.00,"1487,21",54.00,212.00,93.00,2.00,1.00,0.00,0.00,1.00,24.00,0.00,1.00,0.00,0.00,1.00,0.00,0.00,0.00,0.00,0.00,0.00,0.00,0.00
505.00,0.00,25.00,1771.00,"1891,3",336.00,92.00,424.00,"2104,95",91.00,286.00,98.00,3.00,4.00,0.00,0.00,1.00,333.00,0.00,2.00,0.00,0.00,2.00,16.00,7.00,15.00,10.00,2.00,5.00,10.00,8.00
506.00,0.00,16.00,1064.00,"2381,11",338.00,28.00,304.00,"4060,86",51.00,93.00,95.00,0.00,3.00,0.00,0.00,1.00,180.00,1.00,6.00,0.00,0.00,2.00,12.00,5.00,16.00,11.00,1.00,2.00,7.00,5.00
507.00,1.00,19.00,1041.00,"2196,54",222.00,12.00,207.00,"3262,32",76.00,46.00,200.00,6.00,5.00,0.00,0.00,2.00,427.00,5.00,5.00,0.00,0.00,1.00,19.00,15.00,15.00,19.00,2.00,1.00,12.00,20.00
508.00,0.00,10.00,828.00,"2115,58",181.00,8.00,301.00,"1321,59",111.00,25.00,0.00,0.00,0.00,0.00,0.00,0.00,30.00,0.00,2.00,0.00,0.00,1.00,0.00,0.00,0.00,0.00,0.00,0.00,0.00,0.00
509.00,0.00,16.00,1059.00,"2669,69",225.00,16.00,150.00,3216.00,51.00,76.00,0.00,0.00,0.00,0.00,0.00,0.00,0.00,0.00,0.00,0.00,0.00,0.00,0.00,4.00,2.00,3.00,1.00,1.00,2.00,4.00
510.00,0.00,19.00,274.00,"2018,98",94.00,45.00,137.00,"1594,16",18.00,107.00,35.00,1.00,1.00,0.00,1.00,1.00,16.00,0.00,1.00,0.00,1.00,1.00,0.00,0.00,0.00,0.00,0.00,0.00,0.00,0.00
511.00,0.00,0.00,40.00,"772,5",0.00,40.00,69.00,"491,3",0.00,69.00,0.00,0.00,0.00,0.00,0.00,0.00,0.00,0.00,0.00,0.00,0.00,0.00,0.00,0.00,0.00,0.00,0.00,0.00,0.00,0.00
512.00,1.00,45.00,995.00,"2225,73",221.00,73.00,1248.00,"1962,02",267.00,153.00,86.00,0.00,4.00,0.00,1.00,2.00,974.00,7.00,0.00,0.00,0.00,3.00,90.00,267.00,90.00,240.00,5.00,7.00,30.00,56.00
513.00,0.00,9.00,780.00,"1771,54",189.00,6.00,580.00,1275.00,128.00,22.00,0.00,0.00,0.00,0.00,0.00,0.00,73.00,1.00,1.00,0.00,0.00,2.00,12.00,0.00,13.00,1.00,2.00,1.00,7.00,1.00
514.00,0.00,11.00,1610.00,"1723,42",332.00,32.00,399.00,"1075,94",88.00,235.00,0.00,0.00,0.00,0.00,0.00,0.00,15.00,1.00,1.00,0.00,0.00,1.00,0.00,0.00,0.00,0.00,0.00,0.00,0.00,0.00
515.00,0.00,2.00,565.00,"2282,12",165.00,27.00,144.00,"2620,83",35.00,104.00,0.00,0.00,0.00,0.00,0.00,0.00,0.00,0.00,0.00,0.00,0.00,0.00,0.00,0.00,0.00,0.00,0.00,0.00,0.00,0.00
516.00,0.00,1.00,191.00,"1787,43",63.00,90.00,284.00,"3119,37",6.00,269.00,0.00,0.00,0.00,0.00,0.00,0.00,0.00,0.00,0.00,0.00,0.00,0.00,0.00,0.00,0.00,0.00,0.00,0.00,0.00,0.00
517.00,0.00,6.00,330.00,1690.00,94.00,74.00,207.00,"4614,49",25.00,114.00,244.00,1.00,1.00,0.00,0.00,1.00,0.00,0.00,0.00,0.00,0.00,0.00,0.00,0.00,0.00,0.00,0.00,0.00,0.00,0.00
518.00,0.00,5.00,1035.00,"1715,36",207.00,6.00,235.00,"1391,49",67.00,37.00,0.00,0.00,0.00,0.00,0.00,0.00,0.00,0.00,0.00,0.00,0.00,0.00,0.00,0.00,0.00,0.00,0.00,0.00,0.00,0.00
519.00,0.00,16.00,1071.00,"2223,81",244.00,27.00,176.00,"2524,43",20.00,146.00,0.00,0.00,0.00,0.00,0.00,0.00,43.00,1.00,0.00,0.00,0.00,1.00,0.00,10.00,3.00,12.00,2.00,2.00,3.00,4.00
520.00,0.00,14.00,1322.00,"2638,5",195.00,31.00,197.00,"4503,05",29.00,133.00,0.00,0.00,0.00,0.00,0.00,0.00,0.00,0.00,0.00,0.00,0.00,0.00,0.00,0.00,0.00,0.00,0.00,0.00,0.00,0.00
521.00,1.00,64.00,477.00,"2306,92",173.00,0.00,327.00,"3939,45",105.00,0.00,151.00,4.00,2.00,1.00,0.00,2.00,2009.00,9.00,11.00,1.00,0.00,2.00,31.00,40.00,28.00,38.00,3.00,2.00,24.00,29.00
522.00,0.00,9.00,1714.00,"2074,45",227.00,67.00,254.00,"1931,1",69.00,150.00,7.00,0.00,2.00,0.00,0.00,2.00,6322.00,5.00,5.00,0.00,1.00,3.00,0.00,8.00,0.00,7.00,0.00,1.00,0.00,8.00
523.00,0.00,11.00,634.00,"2323,82",225.00,40.00,250.00,"2306,4",34.00,80.00,0.00,0.00,0.00,0.00,0.00,0.00,0.00,0.00,0.00,0.00,0.00,0.00,3.00,0.00,2.00,0.00,1.00,0.00,1.00,0.00
524.00,1.00,51.00,1083.00,"2362,33",261.00,33.00,1067.00,"2822,31",160.00,126.00,0.00,0.00,0.00,0.00,0.00,0.00,93.00,1.00,2.00,0.00,1.00,2.00,4.00,21.00,4.00,28.00,1.00,2.00,1.00,10.00
525.00,1.00,28.00,995.00,"1245,53",298.00,37.00,560.00,"3411,43",66.00,65.00,0.00,0.00,0.00,0.00,0.00,0.00,0.00,0.00,0.00,0.00,0.00,0.00,0.00,0.00,0.00,0.00,0.00,0.00,0.00,0.00
526.00,0.00,4.00,199.00,"1858,79",96.00,11.00,25.00,8904.00,2.00,23.00,0.00,0.00,0.00,0.00,1.00,1.00,0.00,0.00,0.00,0.00,0.00,0.00,0.00,0.00,3.00,0.00,1.00,0.00,1.00,0.00
527.00,0.00,9.00,503.00,"2346,92",127.00,43.00,269.00,"1816,73",15.00,251.00,109.00,3.00,0.00,1.00,0.00,1.00,271.00,6.00,3.00,0.00,0.00,2.00,17.00,32.00,18.00,27.00,2.00,3.00,16.00,16.00
528.00,1.00,21.00,1254.00,"2203,35",253.00,67.00,758.00,"2181,93",104.00,112.00,17.00,0.00,1.00,0.00,0.00,1.00,0.00,0.00,0.00,0.00,0.00,0.00,3.00,1.00,1.00,3.00,3.00,2.00,3.00,3.00
529.00,1.00,13.00,481.00,"1868,61",167.00,87.00,270.00,"3263,33",41.00,82.00,0.00,0.00,0.00,0.00,0.00,0.00,0.00,0.00,0.00,0.00,0.00,0.00,0.00,0.00,0.00,0.00,0.00,0.00,0.00,0.00
530.00,0.00,9.00,1183.00,"1617,16",305.00,69.00,274.00,"4763,87",16.00,138.00,0.00,0.00,0.00,0.00,0.00,0.00,0.00,0.00,0.00,0.00,0.00,0.00,0.00,0.00,0.00,0.00,0.00,0.00,0.00,0.00
531.00,0.00,7.00,571.00,"1651,31",226.00,82.00,799.00,"1347,18",173.00,240.00,200.00,3.00,4.00,0.00,0.00,2.00,75.00,3.00,4.00,0.00,1.00,2.00,19.00,40.00,19.00,37.00,3.00,2.00,13.00,27.00
532.00,0.00,39.00,511.00,"1266,93",195.00,52.00,1627.00,"2111,62",231.00,147.00,86.00,0.00,1.00,0.00,0.00,1.00,0.00,0.00,0.00,0.00,0.00,0.00,2.00,4.00,1.00,3.00,1.00,2.00,1.00,5.00
533.00,0.00,11.00,460.00,"1738,04",149.00,115.00,219.00,"1020,55",42.00,166.00,0.00,0.00,0.00,0.00,1.00,1.00,0.00,0.00,0.00,0.00,0.00,0.00,8.00,0.00,10.00,0.00,1.00,0.00,4.00,0.00
534.00,0.00,21.00,898.00,"1377,06",267.00,11.00,347.00,"1269,16",107.00,80.00,0.00,0.00,0.00,0.00,0.00,0.00,220.00,4.00,3.00,0.00,0.00,1.00,0.00,2.00,0.00,1.00,0.00,1.00,0.00,2.00
535.00,0.00,9.00,818.00,"3049,14",244.00,65.00,663.00,"2760,18",129.00,143.00,20.00,1.00,0.00,0.00,0.00,1.00,0.00,0.00,0.00,0.00,0.00,0.00,18.00,20.00,13.00,15.00,3.00,2.00,9.00,14.00
536.00,0.00,6.00,1030.00,"1989,9",245.00,44.00,124.00,"2049,19",58.00,59.00,0.00,0.00,0.00,0.00,0.00,0.00,0.00,0.00,0.00,0.00,0.00,0.00,6.00,3.00,2.00,6.00,1.00,1.00,2.00,4.00
537.00,0.00,18.00,744.00,"1448,79",266.00,79.00,375.00,"1808,8",60.00,191.00,89.00,4.00,3.00,0.00,0.00,2.00,11.00,1.00,0.00,0.00,0.00,1.00,8.00,2.00,6.00,4.00,3.00,2.00,5.00,2.00
538.00,0.00,16.00,1008.00,"1867,56",240.00,12.00,253.00,"3144,66",82.00,56.00,0.00,0.00,0.00,0.00,0.00,0.00,58.00,0.00,1.00,0.00,0.00,1.00,3.00,2.00,6.00,0.00,1.00,1.00,2.00,2.00
539.00,0.00,15.00,887.00,"1849,72",263.00,46.00,439.00,"1651,03",113.00,66.00,0.00,0.00,0.00,1.00,0.00,1.00,0.00,0.00,0.00,0.00,0.00,0.00,3.00,0.00,0.00,0.00,1.00,0.00,1.00,0.00
540.00,0.00,19.00,435.00,"2062,07",160.00,0.00,796.00,"1699,37",170.00,0.00,0.00,0.00,0.00,0.00,0.00,0.00,322.00,1.00,1.00,2.00,0.00,2.00,6.00,7.00,7.00,4.00,1.00,2.00,3.00,5.00
541.00,0.00,21.00,862.00,"2074,94",192.00,2.00,321.00,"4351,4",74.00,8.00,53.00,1.00,0.00,0.00,0.00,1.00,147.00,2.00,1.00,0.00,0.00,2.00,13.00,8.00,19.00,13.00,3.00,2.00,8.00,5.00
542.00,2.00,5.00,613.00,"1353,18",217.00,45.00,796.00,"3315,45",38.00,76.00,109.00,1.00,3.00,0.00,0.00,1.00,0.00,0.00,0.00,0.00,0.00,0.00,3.00,0.00,0.00,0.00,1.00,0.00,3.00,0.00
543.00,0.00,35.00,1274.00,"2043,01",297.00,72.00,598.00,"1844,65",108.00,216.00,95.00,1.00,2.00,2.00,0.00,2.00,12.00,1.00,0.00,0.00,0.00,1.00,12.00,7.00,9.00,7.00,3.00,2.00,5.00,5.00
544.00,0.00,3.00,706.00,"1591,78",219.00,36.00,260.00,"3883,85",45.00,78.00,0.00,0.00,0.00,0.00,0.00,0.00,0.00,0.00,0.00,0.00,0.00,0.00,0.00,0.00,0.00,0.00,0.00,0.00,0.00,0.00
545.00,1.00,21.00,1415.00,"2766,15",164.00,34.00,209.00,"4003,35",59.00,103.00,34.00,1.00,0.00,0.00,0.00,1.00,0.00,0.00,0.00,0.00,0.00,0.00,1.00,0.00,3.00,0.00,2.00,0.00,4.00,0.00
546.00,1.00,19.00,818.00,"1619,93",245.00,31.00,288.00,"4516,67",57.00,65.00,0.00,0.00,0.00,0.00,0.00,0.00,2078.00,4.00,5.00,0.00,0.00,1.00,27.00,49.00,15.00,55.00,1.00,2.00,13.00,23.00
547.00,0.00,9.00,1868.00,"1563,44",317.00,85.00,323.00,"1194,43",96.00,145.00,80.00,0.00,2.00,0.00,0.00,2.00,0.00,0.00,0.00,0.00,0.00,0.00,4.00,0.00,3.00,0.00,1.00,0.00,1.00,0.00
548.00,0.00,2.00,347.00,"1154,18",191.00,0.00,63.00,"1423,81",41.00,0.00,0.00,0.00,0.00,0.00,0.00,0.00,9.00,0.00,2.00,1.00,0.00,2.00,19.00,30.00,18.00,29.00,2.00,2.00,14.00,19.00
549.00,0.00,8.00,635.00,"2026,77",171.00,32.00,730.00,"2693,42",105.00,82.00,249.00,2.00,5.00,0.00,0.00,2.00,80.00,0.00,2.00,0.00,0.00,1.00,12.00,8.00,6.00,8.00,3.00,3.00,7.00,7.00
550.00,1.00,30.00,587.00,"1835,26",172.00,6.00,362.00,"1788,4",143.00,41.00,0.00,0.00,0.00,0.00,0.00,0.00,72.00,0.00,1.00,0.00,0.00,1.00,0.00,0.00,1.00,0.00,1.00,0.00,1.00,0.00
551.00,0.00,12.00,574.00,"2286,59",138.00,60.00,463.00,"2005,4",107.00,135.00,91.00,2.00,1.00,0.00,0.00,3.00,289.00,7.00,3.00,0.00,0.00,3.00,24.00,33.00,21.00,22.00,3.00,4.00,14.00,16.00
552.00,0.00,15.00,622.00,"2035,85",164.00,0.00,32.00,"3262,5",26.00,0.00,0.00,0.00,0.00,0.00,0.00,0.00,54.00,0.00,2.00,0.00,0.00,1.00,0.00,5.00,0.00,5.00,0.00,1.00,0.00,5.00
553.00,0.00,8.00,1465.00,"3300,2",195.00,20.00,332.00,"8540,06",69.00,74.00,0.00,0.00,0.00,0.00,0.00,0.00,0.00,0.00,0.00,0.00,2.00,1.00,4.00,0.00,5.00,0.00,1.00,0.00,2.00,0.00
554.00,0.00,3.00,638.00,"1731,35",195.00,6.00,58.00,"1655,17",32.00,16.00,58.00,2.00,1.00,0.00,2.00,1.00,209.00,0.00,1.00,0.00,0.00,1.00,6.00,5.00,5.00,1.00,1.00,1.00,6.00,5.00
555.00,1.00,2.00,1769.00,"2157,83",390.00,31.00,122.00,"1278,69",59.00,47.00,0.00,0.00,0.00,0.00,0.00,0.00,0.00,0.00,0.00,0.00,0.00,0.00,0.00,0.00,0.00,0.00,0.00,0.00,0.00,0.00
556.00,1.00,13.00,1427.00,"1855,71",391.00,37.00,488.00,"2736,27",89.00,188.00,0.00,0.00,0.00,0.00,0.00,0.00,4265.00,2.00,9.00,0.00,0.00,2.00,19.00,22.00,28.00,37.00,2.00,2.00,10.00,18.00
557.00,1.00,8.00,512.00,"2878,71",156.00,41.00,96.00,14425.00,13.00,39.00,484.00,9.00,6.00,2.00,1.00,2.00,426.00,1.00,4.00,3.00,1.00,1.00,54.00,47.00,57.00,49.00,4.00,3.00,20.00,22.00
558.00,1.00,8.00,484.00,"1291,74",165.00,46.00,871.00,"2173,36",75.00,79.00,0.00,0.00,0.00,0.00,0.00,0.00,0.00,0.00,0.00,0.00,0.00,0.00,4.00,15.00,7.00,13.00,1.00,3.00,3.00,10.00
559.00,0.00,11.00,1057.00,"2274,83",335.00,16.00,823.00,"3442,89",143.00,66.00,125.00,2.00,0.00,0.00,0.00,1.00,112.00,1.00,1.00,0.00,0.00,2.00,0.00,1.00,0.00,0.00,0.00,1.00,0.00,1.00
560.00,0.00,15.00,1931.00,"1681,77",356.00,27.00,905.00,"2863,09",179.00,54.00,575.00,8.00,10.00,1.00,2.00,5.00,1423.00,16.00,17.00,1.00,2.00,4.00,52.00,55.00,52.00,58.00,4.00,4.00,27.00,29.00
561.00,0.00,8.00,919.00,"1338,74",186.00,17.00,242.00,"1673,55",52.00,51.00,949.00,6.00,6.00,1.00,1.00,3.00,2326.00,14.00,4.00,6.00,1.00,3.00,5.00,8.00,6.00,7.00,3.00,2.00,4.00,6.00
562.00,1.00,16.00,177.00,"1506,78",97.00,1.00,12.00,2425.00,5.00,7.00,0.00,0.00,0.00,0.00,0.00,0.00,0.00,0.00,0.00,0.00,0.00,0.00,0.00,1.00,0.00,0.00,0.00,1.00,0.00,1.00
563.00,0.00,16.00,1292.00,"1473,07",254.00,10.00,245.00,"1044,49",98.00,25.00,0.00,0.00,0.00,0.00,0.00,0.00,0.00,0.00,0.00,0.00,0.00,0.00,0.00,0.00,0.00,0.00,0.00,0.00,0.00,0.00
565.00,0.00,1.00,243.00,"2661,73",68.00,77.00,175.00,"2014,29",9.00,166.00,0.00,0.00,0.00,0.00,0.00,0.00,0.00,0.00,0.00,0.00,0.00,0.00,0.00,0.00,0.00,0.00,0.00,0.00,0.00,0.00
566.00,2.00,11.00,184.00,"2505,98",9.00,87.00,117.00,"2987,18",2.00,113.00,0.00,0.00,0.00,0.00,0.00,0.00,0.00,0.00,0.00,0.00,0.00,0.00,0.00,0.00,0.00,0.00,0.00,0.00,0.00,0.00
567.00,0.00,20.00,994.00,"2241,55",213.00,49.00,277.00,"2241,88",90.00,90.00,247.00,4.00,1.00,0.00,0.00,2.00,258.00,6.00,3.00,2.00,2.00,3.00,9.00,13.00,8.00,6.00,4.00,2.00,10.00,6.00
568.00,0.00,12.00,707.00,"3524,89",194.00,23.00,616.00,"3401,79",107.00,46.00,0.00,0.00,0.00,0.00,0.00,0.00,0.00,0.00,0.00,0.00,0.00,0.00,2.00,8.00,2.00,7.00,1.00,1.00,2.00,5.00
569.00,1.00,18.00,1862.00,"1747,48",345.00,53.00,651.00,"4023,04",116.00,57.00,322.00,8.00,2.00,0.00,0.00,1.00,359.00,15.00,4.00,1.00,0.00,1.00,79.00,32.00,40.00,20.00,2.00,1.00,39.00,27.00
570.00,0.00,6.00,481.00,"1532,43",122.00,13.00,67.00,"1079,1",3.00,64.00,0.00,0.00,0.00,0.00,0.00,0.00,0.00,0.00,0.00,0.00,0.00,0.00,33.00,6.00,23.00,6.00,1.00,1.00,11.00,4.00
571.00,1.00,11.00,943.00,"1647,3",210.00,31.00,153.00,"815,69",27.00,119.00,0.00,0.00,0.00,0.00,0.00,0.00,210.00,2.00,0.00,0.00,0.00,1.00,4.00,3.00,1.00,1.00,1.00,1.00,4.00,4.00
572.00,0.00,25.00,695.00,"1800,86",118.00,1.00,351.00,"3270,94",61.00,6.00,809.00,7.00,8.00,0.00,0.00,4.00,748.00,4.00,3.00,0.00,0.00,4.00,14.00,9.00,17.00,8.00,3.00,2.00,9.00,5.00
573.00,0.00,5.00,198.00,"2292,42",28.00,141.00,335.00,"1548,36",6.00,313.00,0.00,0.00,0.00,0.00,0.00,0.00,0.00,0.00,0.00,0.00,0.00,0.00,0.00,0.00,0.00,0.00,0.00,0.00,0.00,0.00
574.00,0.00,22.00,46.00,"1258,7",26.00,0.00,20.00,3105.00,4.00,16.00,112.00,0.00,1.00,0.00,0.00,1.00,449.00,0.00,2.00,0.00,0.00,1.00,2.00,14.00,2.00,14.00,2.00,2.00,2.00,5.00
575.00,0.00,16.00,640.00,"2462,81",200.00,39.00,563.00,"3416,7",166.00,60.00,159.00,1.00,0.00,0.00,0.00,1.00,27.00,1.00,0.00,12.00,0.00,1.00,2.00,6.00,2.00,8.00,1.00,3.00,1.00,5.00
576.00,0.00,19.00,948.00,"2270,89",236.00,91.00,238.00,"1424,37",46.00,159.00,0.00,0.00,0.00,0.00,0.00,0.00,0.00,0.00,0.00,0.00,0.00,0.00,0.00,0.00,0.00,0.00,0.00,0.00,0.00,0.00
577.00,2.00,7.00,261.00,"2585,06",12.00,107.00,252.00,"1554,76",15.00,221.00,0.00,0.00,0.00,0.00,0.00,0.00,0.00,0.00,0.00,0.00,0.00,0.00,0.00,0.00,0.00,0.00,0.00,0.00,0.00,0.00
578.00,0.00,59.00,844.00,"1786,49",260.00,59.00,860.00,"2104,19",121.00,150.00,3430.00,27.00,37.00,1.00,0.00,3.00,5116.00,27.00,50.00,0.00,0.00,4.00,438.00,565.00,517.00,641.00,5.00,7.00,138.00,172.00
579.00,0.00,3.00,101.00,"4208,91",27.00,61.00,588.00,"2128,06",52.00,204.00,0.00,0.00,0.00,0.00,0.00,0.00,0.00,0.00,0.00,0.00,0.00,0.00,0.00,0.00,0.00,0.00,0.00,0.00,0.00,0.00
580.00,0.00,17.00,1692.00,"1993,09",337.00,65.00,317.00,"2535,33",98.00,151.00,0.00,0.00,0.00,0.00,0.00,0.00,320.00,4.00,2.00,0.00,1.00,2.00,12.00,21.00,12.00,13.00,3.00,3.00,10.00,12.00
582.00,0.00,16.00,728.00,"2648,08",171.00,35.00,341.00,"3365,1",34.00,113.00,98.00,2.00,3.00,0.00,0.00,2.00,39.00,0.00,2.00,0.00,0.00,1.00,3.00,1.00,2.00,1.00,2.00,1.00,3.00,2.00
583.00,0.00,28.00,848.00,"1853,42",238.00,23.00,273.00,"1061,54",112.00,24.00,2.00,0.00,1.00,0.00,1.00,1.00,971.00,2.00,4.00,0.00,2.00,2.00,0.00,7.00,4.00,11.00,2.00,1.00,3.00,7.00
584.00,0.00,6.00,674.00,"2539,76",221.00,17.00,448.00,"1903,12",48.00,384.00,74.00,3.00,3.00,0.00,0.00,3.00,105.00,5.00,2.00,0.00,0.00,3.00,37.00,16.00,32.00,25.00,3.00,3.00,7.00,8.00
585.00,0.00,5.00,1700.00,"1828,76",369.00,43.00,349.00,"2428,37",83.00,204.00,85.00,1.00,3.00,0.00,1.00,1.00,0.00,0.00,0.00,0.00,0.00,0.00,1.00,7.00,2.00,11.00,1.00,2.00,2.00,7.00
586.00,0.00,9.00,509.00,"1684,48",160.00,0.00,313.00,"1215,34",99.00,45.00,88.00,2.00,2.00,0.00,1.00,2.00,446.00,3.00,4.00,0.00,1.00,2.00,22.00,19.00,26.00,23.00,3.00,3.00,16.00,11.00
587.00,0.00,9.00,1026.00,"1744,44",243.00,0.00,117.00,"4176,92",48.00,0.00,0.00,0.00,0.00,0.00,0.00,0.00,0.00,0.00,0.00,0.00,0.00,0.00,0.00,0.00,0.00,0.00,0.00,0.00,0.00,0.00
588.00,1.00,19.00,769.00,"1553,06",224.00,9.00,221.00,"1979,19",85.00,43.00,0.00,0.00,0.00,0.00,0.00,0.00,41.00,1.00,0.00,0.00,0.00,1.00,8.00,13.00,8.00,12.00,4.00,2.00,8.00,12.00
589.00,1.00,23.00,534.00,"1778,65",169.00,17.00,425.00,"2554,59",105.00,88.00,6.00,0.00,1.00,0.00,0.00,1.00,68.00,1.00,1.00,0.00,0.00,2.00,7.00,13.00,7.00,18.00,4.00,4.00,7.00,10.00
590.00,0.00,44.00,221.00,"1005,88",77.00,16.00,69.00,"913,04",17.00,32.00,0.00,0.00,0.00,0.00,0.00,0.00,0.00,0.00,0.00,0.00,0.00,0.00,0.00,0.00,0.00,1.00,0.00,1.00,0.00,1.00
591.00,0.00,0.00,599.00,"2117,03",185.00,27.00,129.00,"1525,58",16.00,112.00,0.00,0.00,0.00,0.00,0.00,0.00,0.00,0.00,0.00,0.00,0.00,0.00,0.00,0.00,0.00,0.00,0.00,0.00,0.00,0.00
592.00,0.00,3.00,199.00,"2989,45",57.00,63.00,79.00,"3972,15",10.00,49.00,31.00,1.00,0.00,0.00,0.00,1.00,68.00,0.00,1.00,0.00,0.00,1.00,1.00,3.00,0.00,2.00,1.00,1.00,1.00,2.00
593.00,0.00,11.00,648.00,"1316,67",263.00,76.00,417.00,"2038,13",103.00,104.00,0.00,0.00,0.00,0.00,0.00,0.00,41.00,0.00,1.00,0.00,0.00,1.00,1.00,0.00,2.00,0.00,1.00,0.00,1.00,0.00
594.00,0.00,4.00,67.00,"3295,52",0.00,67.00,121.00,"6587,6",1.00,120.00,0.00,0.00,0.00,0.00,0.00,0.00,0.00,0.00,0.00,0.00,0.00,0.00,0.00,0.00,0.00,0.00,0.00,0.00,0.00,0.00
595.00,0.00,6.00,1406.00,"1143,46",382.00,120.00,547.00,"2181,72",95.00,383.00,932.00,7.00,5.00,0.00,0.00,2.00,2121.00,4.00,7.00,0.00,0.00,1.00,4.00,0.00,3.00,5.00,2.00,1.00,4.00,1.00
596.00,0.00,10.00,364.00,"3829,95",156.00,32.00,44.00,23100.00,8.00,36.00,0.00,0.00,0.00,0.00,0.00,0.00,0.00,0.00,0.00,0.00,0.00,0.00,12.00,2.00,11.00,2.00,2.00,2.00,8.00,2.00
597.00,0.00,9.00,543.00,"1516,02",177.00,19.00,197.00,"1560,91",82.00,62.00,0.00,0.00,0.00,0.00,0.00,0.00,0.00,0.00,0.00,0.00,0.00,0.00,0.00,0.00,0.00,0.00,0.00,0.00,0.00,0.00
598.00,0.00,41.00,847.00,"2394,33",154.00,29.00,1333.00,"2060,39",181.00,52.00,3.00,0.00,1.00,1.00,0.00,2.00,286.00,5.00,3.00,0.00,0.00,3.00,14.00,19.00,10.00,14.00,8.00,5.00,13.00,22.00
599.00,0.00,30.00,894.00,"1467,45",251.00,1.00,527.00,"4217,08",100.00,7.00,17.00,1.00,0.00,0.00,0.00,1.00,0.00,0.00,0.00,0.00,0.00,0.00,3.00,0.00,5.00,0.00,2.00,0.00,7.00,0.00
600.00,1.00,17.00,841.00,"2350,77",169.00,93.00,557.00,"3317,24",64.00,208.00,140.00,3.00,0.00,0.00,0.00,1.00,53.00,1.00,0.00,0.00,0.00,1.00,2.00,1.00,2.00,2.00,1.00,1.00,2.00,3.00
601.00,0.00,11.00,113.00,"2665,49",24.00,80.00,245.00,"3639,18",31.00,207.00,1.00,1.00,0.00,0.00,0.00,1.00,280.00,3.00,0.00,0.00,0.00,2.00,27.00,29.00,27.00,21.00,1.00,1.00,16.00,16.00
602.00,0.00,10.00,98.00,"3205,1",30.00,15.00,241.00,"5951,45",30.00,25.00,0.00,0.00,0.00,0.00,0.00,0.00,0.00,0.00,0.00,0.00,0.00,0.00,0.00,0.00,0.00,0.00,0.00,0.00,0.00,0.00
603.00,0.00,3.00,48.00,"6043,75",0.00,48.00,147.00,"6048,98",0.00,147.00,0.00,0.00,0.00,0.00,0.00,0.00,0.00,0.00,0.00,0.00,0.00,0.00,0.00,0.00,0.00,0.00,0.00,0.00,0.00,0.00
604.00,2.00,9.00,250.00,"2846,4",12.00,106.00,337.00,"1378,04",12.00,305.00,0.00,0.00,0.00,0.00,0.00,0.00,0.00,0.00,0.00,0.00,0.00,0.00,0.00,0.00,0.00,0.00,0.00,0.00,0.00,0.00
605.00,2.00,12.00,178.00,"2182,58",10.00,92.00,261.00,"2140,23",11.00,241.00,0.00,0.00,0.00,0.00,0.00,0.00,2.00,1.00,0.00,0.00,1.00,1.00,0.00,1.00,0.00,3.00,0.00,1.00,0.00,2.00
606.00,2.00,13.00,206.00,"3045,15",15.00,74.00,92.00,"2184,78",12.00,71.00,348.00,3.00,4.00,0.00,1.00,1.00,672.00,0.00,2.00,0.00,0.00,1.00,4.00,0.00,5.00,1.00,1.00,1.00,4.00,1.00
607.00,0.00,6.00,659.00,"1782,7",195.00,54.00,153.00,"1962,75",21.00,127.00,31.00,3.00,1.00,0.00,0.00,1.00,0.00,0.00,0.00,0.00,0.00,0.00,21.00,0.00,20.00,0.00,1.00,0.00,8.00,0.00
608.00,0.00,8.00,494.00,"2112,15",164.00,10.00,246.00,"2553,66",104.00,18.00,0.00,0.00,0.00,0.00,0.00,0.00,0.00,0.00,0.00,0.00,0.00,0.00,3.00,0.00,3.00,0.00,1.00,0.00,1.00,0.00
609.00,2.00,5.00,318.00,"2627,36",12.00,125.00,254.00,"2227,56",22.00,181.00,0.00,0.00,0.00,0.00,0.00,0.00,0.00,0.00,0.00,0.00,0.00,0.00,0.00,0.00,0.00,0.00,0.00,0.00,0.00,0.00
610.00,0.00,9.00,1771.00,"1600,96",346.00,87.00,300.00,2930.00,66.00,203.00,0.00,0.00,0.00,0.00,0.00,0.00,0.00,0.00,0.00,0.00,0.00,0.00,0.00,0.00,0.00,0.00,0.00,0.00,0.00,0.00
611.00,1.00,35.00,531.00,"2184,18",152.00,9.00,563.00,"1617,76",140.00,71.00,19.00,0.00,1.00,0.00,0.00,1.00,128.00,4.00,3.00,0.00,2.00,3.00,6.00,50.00,3.00,41.00,2.00,4.00,5.00,26.00
612.00,0.00,15.00,783.00,"1779,31",233.00,42.00,162.00,"1831,48",19.00,126.00,72.00,2.00,0.00,1.00,0.00,1.00,10.00,0.00,2.00,0.00,0.00,1.00,1.00,6.00,1.00,6.00,1.00,1.00,1.00,3.00
613.00,0.00,0.00,1154.00,"1841,59",227.00,45.00,230.00,"2047,83",50.00,168.00,0.00,0.00,0.00,0.00,0.00,0.00,0.00,0.00,0.00,0.00,0.00,0.00,2.00,0.00,1.00,0.00,1.00,0.00,3.00,0.00
614.00,1.00,20.00,633.00,"2984,83",204.00,50.00,158.00,"1021,52",53.00,102.00,20.00,0.00,1.00,0.00,0.00,1.00,0.00,0.00,0.00,0.00,0.00,0.00,9.00,14.00,10.00,20.00,1.00,1.00,6.00,13.00
615.00,1.00,16.00,1063.00,"2017,87",218.00,19.00,462.00,"3498,7",78.00,123.00,198.00,4.00,6.00,0.00,0.00,1.00,645.00,5.00,6.00,0.00,0.00,2.00,17.00,21.00,22.00,16.00,2.00,2.00,13.00,22.00
616.00,0.00,12.00,781.00,"1655,57",174.00,10.00,166.00,"2378,31",72.00,24.00,0.00,0.00,0.00,0.00,0.00,0.00,20.00,1.00,0.00,0.00,0.00,1.00,3.00,0.00,4.00,0.00,1.00,0.00,3.00,0.00
617.00,1.00,18.00,1208.00,"2254,97",252.00,71.00,330.00,"4757,27",58.00,185.00,182.00,0.00,2.00,0.00,0.00,1.00,2994.00,4.00,2.00,0.00,0.00,2.00,504.00,1081.00,497.00,1089.00,3.00,3.00,76.00,137.00
618.00,2.00,2.00,110.00,"2026,36",6.00,88.00,158.00,"3041,77",10.00,141.00,0.00,0.00,0.00,0.00,0.00,0.00,0.00,0.00,0.00,0.00,0.00,0.00,0.00,0.00,0.00,0.00,0.00,0.00,0.00,0.00
619.00,0.00,27.00,678.00,"2119,03",213.00,45.00,577.00,"2293,41",133.00,85.00,0.00,0.00,0.00,0.00,0.00,0.00,0.00,0.00,0.00,0.00,0.00,0.00,2.00,0.00,2.00,0.00,1.00,0.00,2.00,0.00
620.00,0.00,3.00,290.00,"2186,9",65.00,57.00,323.00,"2866,25",14.00,69.00,0.00,0.00,0.00,0.00,0.00,0.00,0.00,0.00,0.00,0.00,0.00,0.00,0.00,0.00,0.00,0.00,0.00,0.00,0.00,0.00
621.00,0.00,19.00,670.00,"1894,03",92.00,0.00,77.00,"2224,68",34.00,0.00,0.00,0.00,0.00,0.00,0.00,0.00,0.00,0.00,0.00,0.00,0.00,0.00,0.00,0.00,0.00,0.00,0.00,0.00,0.00,0.00
622.00,1.00,20.00,8.00,675.00,2.00,6.00,30.00,660.00,1.00,14.00,850.00,3.00,7.00,1.00,0.00,1.00,4466.00,13.00,20.00,3.00,0.00,1.00,28.00,39.00,18.00,47.00,1.00,1.00,17.00,38.00
623.00,0.00,12.00,393.00,"2656,49",99.00,90.00,168.00,"2917,86",4.00,160.00,5414.00,20.00,11.00,1.00,2.00,1.00,4464.00,9.00,2.00,0.00,1.00,1.00,7.00,18.00,22.00,50.00,1.00,1.00,7.00,19.00
624.00,0.00,19.00,696.00,"1105,6",262.00,81.00,186.00,"1503,23",43.00,136.00,0.00,0.00,0.00,0.00,0.00,0.00,127.00,0.00,2.00,0.00,0.00,1.00,0.00,2.00,0.00,3.00,0.00,1.00,0.00,1.00
625.00,1.00,10.00,38.00,"797,37",32.00,0.00,21.00,1400.00,16.00,1.00,115.00,1.00,2.00,0.00,0.00,1.00,0.00,0.00,0.00,0.00,0.00,0.00,0.00,3.00,0.00,5.00,0.00,2.00,0.00,3.00
626.00,0.00,4.00,80.00,"727,5",1.00,79.00,169.00,"908,88",4.00,165.00,0.00,0.00,0.00,0.00,0.00,0.00,0.00,0.00,0.00,0.00,0.00,0.00,0.00,0.00,0.00,0.00,0.00,0.00,0.00,0.00
627.00,0.00,16.00,1001.00,"1829,67",179.00,60.00,461.00,"3016,92",107.00,120.00,0.00,0.00,0.00,0.00,0.00,0.00,50.00,1.00,0.00,0.00,0.00,1.00,0.00,0.00,0.00,0.00,0.00,0.00,0.00,0.00
628.00,0.00,20.00,253.00,"1722,92",132.00,12.00,151.00,"2537,09",31.00,53.00,342.00,8.00,5.00,5.00,0.00,2.00,39.00,1.00,0.00,0.00,0.00,1.00,3.00,11.00,5.00,15.00,1.00,2.00,5.00,8.00
629.00,0.00,1.00,42.00,"6085,71",1.00,41.00,114.00,"4363,16",5.00,104.00,0.00,0.00,0.00,0.00,0.00,0.00,0.00,0.00,0.00,0.00,0.00,0.00,0.00,0.00,0.00,0.00,0.00,0.00,0.00,0.00
630.00,0.00,5.00,1028.00,"1807,59",246.00,114.00,362.00,"1581,22",55.00,291.00,0.00,0.00,0.00,0.00,0.00,0.00,0.00,0.00,0.00,0.00,0.00,0.00,0.00,0.00,0.00,0.00,0.00,0.00,0.00,0.00
631.00,0.00,7.00,313.00,"1553,67",131.00,0.00,131.00,"1854,96",25.00,0.00,598.00,1.00,7.00,0.00,0.00,2.00,1454.00,3.00,8.00,0.00,4.00,2.00,5.00,3.00,4.00,4.00,1.00,1.00,2.00,3.00
632.00,0.00,19.00,1092.00,"2700,55",308.00,51.00,558.00,"2440,32",56.00,286.00,53.00,0.00,2.00,0.00,0.00,1.00,161.00,3.00,2.00,0.00,0.00,3.00,29.00,210.00,35.00,206.00,1.00,3.00,28.00,119.00
633.00,1.00,8.00,1042.00,"1686,56",265.00,61.00,160.00,"1520,62",19.00,140.00,0.00,0.00,0.00,0.00,0.00,0.00,0.00,0.00,0.00,0.00,0.00,0.00,0.00,0.00,0.00,0.00,0.00,0.00,0.00,0.00
634.00,1.00,0.00,823.00,"2422,6",208.00,11.00,581.00,"2297,76",124.00,47.00,189.00,4.00,1.00,0.00,6.00,2.00,1155.00,14.00,5.00,0.00,2.00,1.00,2.00,24.00,1.00,27.00,1.00,1.00,2.00,22.00
635.00,0.00,7.00,145.00,"2337,93",17.00,116.00,1045.00,"1682,58",49.00,131.00,0.00,0.00,0.00,0.00,0.00,0.00,0.00,0.00,0.00,0.00,0.00,0.00,1.00,0.00,2.00,0.00,1.00,0.00,3.00,0.00
636.00,0.00,0.00,809.00,"1479,98",241.00,6.00,380.00,"1286,84",131.00,4.00,189.00,2.00,0.00,0.00,0.00,1.00,402.00,3.00,1.00,1.00,0.00,2.00,2.00,2.00,1.00,3.00,1.00,1.00,2.00,3.00
637.00,0.00,8.00,883.00,"1757,53",205.00,1.00,87.00,"2486,21",44.00,0.00,38.00,1.00,0.00,0.00,0.00,1.00,175.00,1.00,3.00,0.00,0.00,2.00,4.00,19.00,4.00,12.00,2.00,3.00,3.00,12.00
638.00,0.00,0.00,5.00,420.00,5.00,0.00,0.00,0.00,0.00,0.00,58.00,1.00,2.00,2.00,0.00,1.00,209.00,1.00,0.00,0.00,0.00,1.00,5.00,1.00,6.00,5.00,1.00,1.00,6.00,5.00
639.00,0.00,10.00,223.00,"2335,43",89.00,0.00,102.00,"1538,24",57.00,0.00,254.00,2.00,2.00,1.00,0.00,1.00,946.00,3.00,6.00,6.00,0.00,1.00,26.00,35.00,32.00,37.00,2.00,2.00,25.00,23.00
640.00,0.00,16.00,1235.00,"2480,4",253.00,47.00,366.00,"3281,97",114.00,169.00,944.00,9.00,4.00,0.00,0.00,3.00,2422.00,9.00,4.00,0.00,0.00,2.00,63.00,84.00,46.00,76.00,3.00,3.00,23.00,44.00
641.00,0.00,41.00,146.00,"1952,05",62.00,0.00,7.00,300.00,6.00,1.00,16.00,0.00,1.00,0.00,0.00,1.00,94.00,2.00,1.00,0.00,0.00,1.00,0.00,4.00,1.00,5.00,1.00,1.00,1.00,1.00
642.00,0.00,9.00,408.00,"1836,03",134.00,14.00,202.00,"1923,27",59.00,107.00,0.00,0.00,0.00,0.00,0.00,0.00,0.00,0.00,0.00,0.00,0.00,0.00,0.00,0.00,0.00,0.00,0.00,0.00,0.00,0.00
643.00,0.00,5.00,1047.00,"2481,38",193.00,11.00,230.00,"3014,35",73.00,77.00,177.00,2.00,0.00,0.00,0.00,2.00,0.00,0.00,0.00,0.00,1.00,1.00,2.00,0.00,1.00,0.00,1.00,0.00,2.00,0.00
644.00,0.00,34.00,863.00,"2388,18",184.00,0.00,187.00,"4602,67",83.00,1.00,52.00,1.00,1.00,0.00,0.00,1.00,20.00,0.00,1.00,0.00,0.00,1.00,8.00,9.00,9.00,9.00,2.00,4.00,5.00,7.00
645.00,1.00,27.00,776.00,"1706,06",173.00,62.00,252.00,"1154,76",29.00,212.00,137.00,2.00,1.00,0.00,0.00,2.00,159.00,0.00,3.00,3.00,0.00,1.00,17.00,22.00,17.00,16.00,4.00,3.00,12.00,12.00
646.00,0.00,33.00,714.00,"2035,29",159.00,0.00,24.00,4275.00,19.00,0.00,0.00,0.00,0.00,0.00,0.00,0.00,0.00,0.00,0.00,0.00,0.00,0.00,0.00,0.00,0.00,0.00,0.00,0.00,0.00,0.00
647.00,0.00,7.00,687.00,"1315,28",177.00,0.00,14.00,"1285,71",13.00,0.00,0.00,0.00,0.00,0.00,0.00,0.00,0.00,0.00,0.00,0.00,0.00,0.00,0.00,0.00,0.00,0.00,0.00,0.00,0.00,0.00
648.00,0.00,13.00,726.00,"2468,6",113.00,0.00,325.00,"1884,92",82.00,0.00,1007.00,1.00,2.00,0.00,0.00,1.00,12.00,0.00,1.00,0.00,0.00,1.00,0.00,2.00,0.00,2.00,0.00,1.00,0.00,3.00
649.00,0.00,4.00,332.00,"2593,37",100.00,0.00,24.00,3325.00,16.00,0.00,0.00,0.00,0.00,0.00,0.00,0.00,0.00,0.00,0.00,0.00,0.00,0.00,2.00,0.00,4.00,0.00,1.00,0.00,2.00,0.00
650.00,0.00,6.00,772.00,"2260,88",202.00,0.00,66.00,"2386,36",42.00,1.00,11.00,1.00,0.00,0.00,0.00,1.00,308.00,2.00,0.00,0.00,0.00,1.00,1.00,0.00,1.00,0.00,1.00,0.00,2.00,0.00
651.00,1.00,13.00,439.00,"1793,85",138.00,48.00,852.00,"3026,76",47.00,71.00,5414.00,11.00,20.00,2.00,1.00,1.00,4529.00,3.00,9.00,1.00,0.00,2.00,25.00,50.00,10.00,19.00,2.00,2.00,10.00,20.00
652.00,1.00,48.00,133.00,"2210,53",70.00,0.00,117.00,"2692,31",30.00,0.00,300.00,4.00,4.00,3.00,0.00,1.00,227.00,2.00,6.00,4.00,0.00,1.00,17.00,25.00,28.00,21.00,2.00,2.00,19.00,21.00
653.00,0.00,17.00,9.00,1400.00,0.00,9.00,56.00,"2496,43",0.00,56.00,0.00,0.00,0.00,0.00,0.00,0.00,54.00,0.00,1.00,0.00,0.00,1.00,15.00,19.00,16.00,26.00,3.00,2.00,10.00,7.00
654.00,0.00,4.00,96.00,"2378,12",46.00,0.00,116.00,"2472,41",31.00,0.00,0.00,0.00,0.00,0.00,0.00,0.00,41.00,0.00,1.00,0.00,0.00,1.00,3.00,3.00,3.00,5.00,1.00,1.00,3.00,2.00
655.00,0.00,5.00,467.00,"1627,19",89.00,89.00,299.00,"4543,14",47.00,24.00,0.00,0.00,0.00,0.00,0.00,0.00,0.00,0.00,0.00,0.00,0.00,0.00,0.00,0.00,0.00,0.00,0.00,0.00,0.00,0.00
656.00,0.00,4.00,333.00,"2144,14",128.00,94.00,464.00,"1844,61",35.00,312.00,141.00,2.00,1.00,0.00,0.00,2.00,0.00,0.00,0.00,0.00,0.00,0.00,3.00,7.00,3.00,9.00,1.00,1.00,2.00,2.00
657.00,0.00,39.00,777.00,"1333,2",313.00,74.00,1418.00,"1949,79",209.00,170.00,150.00,1.00,2.00,1.00,0.00,2.00,231.00,3.00,0.00,0.00,0.00,2.00,8.00,5.00,11.00,1.00,4.00,2.00,5.00,3.00
658.00,0.00,11.00,391.00,"2103,84",134.00,86.00,272.00,"4399,63",43.00,200.00,0.00,0.00,0.00,0.00,0.00,0.00,0.00,0.00,0.00,1.00,0.00,1.00,6.00,1.00,4.00,1.00,2.00,1.00,3.00,2.00
659.00,0.00,23.00,2376.00,"1949,12",329.00,74.00,538.00,"1705,2",63.00,287.00,0.00,0.00,0.00,0.00,0.00,0.00,0.00,0.00,0.00,0.00,0.00,0.00,0.00,0.00,0.00,2.00,0.00,1.00,0.00,2.00
660.00,0.00,5.00,341.00,"2119,35",134.00,50.00,145.00,"1162,76",16.00,125.00,0.00,0.00,0.00,0.00,0.00,0.00,0.00,0.00,0.00,0.00,0.00,0.00,0.00,0.00,0.00,0.00,0.00,0.00,0.00,0.00
661.00,0.00,15.00,1082.00,"2266,36",145.00,71.00,412.00,"2210,68",49.00,182.00,0.00,0.00,0.00,0.00,0.00,0.00,307.00,4.00,1.00,0.00,0.00,2.00,7.00,16.00,7.00,12.00,1.00,2.00,1.00,7.00
662.00,0.00,0.00,924.00,"2472,08",228.00,75.00,428.00,"2299,77",29.00,394.00,0.00,0.00,0.00,0.00,0.00,0.00,0.00,0.00,0.00,0.00,0.00,0.00,0.00,0.00,0.00,0.00,0.00,0.00,0.00,0.00
663.00,0.00,16.00,1774.00,"2092,22",317.00,37.00,114.00,"2486,84",29.00,71.00,0.00,0.00,0.00,0.00,0.00,0.00,43.00,0.00,1.00,0.00,0.00,1.00,0.00,3.00,0.00,2.00,0.00,1.00,0.00,3.00
664.00,0.00,21.00,764.00,"1006,41",261.00,76.00,771.00,"1143,97",181.00,72.00,171.00,1.00,2.00,0.00,0.00,1.00,0.00,0.00,0.00,0.00,0.00,0.00,1.00,3.00,1.00,2.00,1.00,1.00,2.00,1.00
665.00,0.00,0.00,2216.00,"1894,9",345.00,59.00,667.00,"2325,34",106.00,187.00,659.00,1.00,4.00,0.00,0.00,2.00,280.00,1.00,2.00,0.00,0.00,1.00,4.00,15.00,5.00,12.00,3.00,3.00,5.00,9.00
666.00,1.00,16.00,1095.00,"1621,1",330.00,71.00,1240.00,"1854,92",206.00,290.00,342.00,8.00,8.00,2.00,0.00,1.00,1458.00,3.00,14.00,4.00,2.00,2.00,14.00,15.00,10.00,13.00,1.00,2.00,4.00,11.00
667.00,0.00,5.00,1014.00,"1808,28",204.00,16.00,146.00,"1723,97",21.00,119.00,0.00,0.00,0.00,0.00,0.00,0.00,0.00,0.00,0.00,0.00,0.00,0.00,1.00,0.00,1.00,0.00,1.00,0.00,2.00,0.00
668.00,0.00,8.00,1251.00,"1630,94",275.00,65.00,289.00,"3932,18",80.00,153.00,40.00,0.00,1.00,0.00,1.00,1.00,116.00,1.00,2.00,2.00,0.00,2.00,1.00,0.00,1.00,0.00,1.00,0.00,1.00,0.00
669.00,0.00,2.00,320.00,"1582,5",129.00,70.00,210.00,"1872,86",10.00,198.00,0.00,0.00,0.00,0.00,0.00,0.00,83.00,1.00,0.00,0.00,0.00,1.00,0.00,0.00,1.00,0.00,1.00,0.00,1.00,0.00
670.00,0.00,37.00,8.00,3375.00,0.00,8.00,71.00,"1035,21",0.00,71.00,161.00,3.00,1.00,1.00,0.00,2.00,166.00,2.00,3.00,0.00,0.00,1.00,8.00,9.00,7.00,6.00,1.00,1.00,3.00,1.00
671.00,0.00,7.00,560.00,"1689,11",167.00,9.00,113.00,"6939,82",48.00,3.00,0.00,0.00,0.00,0.00,0.00,0.00,0.00,0.00,0.00,0.00,0.00,0.00,10.00,3.00,10.00,3.00,1.00,1.00,5.00,2.00
672.00,0.00,25.00,455.00,"1757,8",186.00,0.00,385.00,"2154,55",80.00,0.00,384.00,2.00,3.00,1.00,0.00,4.00,163.00,0.00,2.00,0.00,0.00,2.00,4.00,4.00,8.00,8.00,3.00,3.00,7.00,7.00
673.00,0.00,11.00,896.00,"1877,68",242.00,74.00,562.00,3521.00,54.00,139.00,0.00,0.00,0.00,0.00,0.00,0.00,17.00,1.00,0.00,0.00,1.00,2.00,4.00,6.00,3.00,3.00,2.00,2.00,3.00,4.00
674.00,0.00,10.00,0.00,0.00,0.00,0.00,1.00,15000.00,0.00,1.00,0.00,0.00,0.00,0.00,0.00,0.00,0.00,0.00,0.00,1.00,0.00,1.00,0.00,0.00,0.00,0.00,0.00,0.00,0.00,0.00
675.00,2.00,2.00,1.00,300.00,1.00,0.00,0.00,0.00,0.00,0.00,0.00,0.00,0.00,0.00,0.00,0.00,0.00,0.00,0.00,0.00,0.00,0.00,0.00,1.00,0.00,0.00,0.00,1.00,0.00,1.00
676.00,0.00,9.00,1380.00,"2441,09",284.00,57.00,565.00,"2772,74",167.00,125.00,223.00,1.00,3.00,0.00,0.00,1.00,126.00,3.00,3.00,0.00,0.00,2.00,6.00,5.00,8.00,11.00,3.00,1.00,7.00,5.00
677.00,1.00,39.00,1417.00,"1093,3",401.00,39.00,939.00,"1826,2",238.00,43.00,352.00,6.00,5.00,1.00,3.00,5.00,727.00,9.00,8.00,1.00,4.00,5.00,33.00,24.00,22.00,32.00,2.00,2.00,18.00,24.00
678.00,0.00,25.00,397.00,"2751,39",156.00,14.00,253.00,1417.00,86.00,53.00,277.00,11.00,2.00,0.00,1.00,1.00,1195.00,17.00,3.00,0.00,0.00,2.00,2.00,5.00,2.00,4.00,1.00,1.00,2.00,9.00
679.00,0.00,15.00,2.00,750.00,0.00,2.00,0.00,0.00,0.00,0.00,0.00,0.00,0.00,0.00,0.00,0.00,0.00,0.00,0.00,0.00,0.00,0.00,0.00,0.00,0.00,0.00,0.00,0.00,0.00,0.00
680.00,0.00,5.00,385.00,"1224,94",195.00,31.00,62.00,"808,06",5.00,57.00,0.00,0.00,0.00,0.00,0.00,0.00,0.00,0.00,0.00,0.00,0.00,0.00,1.00,0.00,1.00,0.00,1.00,0.00,1.00,0.00
681.00,0.00,0.00,86.00,"3617,44",52.00,3.00,52.00,"2134,62",21.00,5.00,420.00,3.00,5.00,7.00,0.00,4.00,1363.00,5.00,17.00,6.00,0.00,2.00,5.00,30.00,5.00,26.00,3.00,3.00,6.00,25.00
682.00,1.00,14.00,1951.00,"1958,84",398.00,44.00,1146.00,"2187,7",257.00,154.00,508.00,12.00,10.00,0.00,3.00,5.00,414.00,7.00,7.00,0.00,0.00,2.00,4.00,30.00,5.00,32.00,2.00,3.00,3.00,13.00
683.00,0.00,13.00,670.00,"1827,76",178.00,58.00,221.00,"3696,38",26.00,111.00,549.00,3.00,3.00,1.00,0.00,2.00,335.00,4.00,3.00,0.00,0.00,2.00,46.00,61.00,44.00,58.00,2.00,3.00,31.00,30.00
684.00,1.00,4.00,731.00,"1271,82",284.00,73.00,225.00,1476.00,52.00,161.00,0.00,0.00,0.00,0.00,0.00,0.00,0.00,0.00,0.00,0.00,0.00,0.00,0.00,0.00,0.00,0.00,0.00,0.00,0.00,0.00
685.00,0.00,12.00,654.00,"1625,23",242.00,65.00,172.00,"1016,86",39.00,126.00,2.00,0.00,1.00,0.00,0.00,1.00,0.00,0.00,0.00,0.00,0.00,0.00,1.00,1.00,3.00,1.00,1.00,1.00,4.00,2.00
686.00,0.00,7.00,860.00,"2320,81",224.00,40.00,675.00,"781,78",159.00,22.00,0.00,0.00,0.00,0.00,0.00,0.00,0.00,0.00,0.00,0.00,0.00,0.00,0.00,0.00,0.00,0.00,0.00,0.00,0.00,0.00
687.00,0.00,13.00,596.00,"2277,18",195.00,39.00,574.00,"2705,75",123.00,73.00,109.00,3.00,0.00,0.00,0.00,2.00,339.00,2.00,1.00,0.00,1.00,3.00,7.00,7.00,9.00,6.00,2.00,2.00,9.00,6.00
688.00,2.00,21.00,2022.00,"2048,66",367.00,30.00,662.00,"3434,59",223.00,50.00,921.00,12.00,6.00,1.00,2.00,3.00,1462.00,8.00,10.00,0.00,1.00,4.00,65.00,59.00,55.00,56.00,4.00,4.00,38.00,31.00
689.00,0.00,22.00,733.00,"1508,59",195.00,79.00,274.00,"1972,99",16.00,208.00,0.00,0.00,0.00,0.00,0.00,0.00,3.00,0.00,1.00,0.00,0.00,1.00,2.00,0.00,1.00,0.00,2.00,0.00,2.00,0.00
690.00,0.00,3.00,33.00,"8090,91",3.00,30.00,60.00,6990.00,0.00,60.00,0.00,0.00,0.00,0.00,0.00,0.00,0.00,0.00,0.00,0.00,0.00,0.00,0.00,0.00,0.00,0.00,0.00,0.00,0.00,0.00
691.00,0.00,10.00,1024.00,"1894,34",246.00,35.00,453.00,"1672,19",109.00,150.00,0.00,0.00,0.00,0.00,0.00,0.00,218.00,1.00,0.00,0.00,0.00,1.00,0.00,0.00,0.00,0.00,0.00,0.00,0.00,0.00
692.00,0.00,32.00,206.00,"1807,28",80.00,0.00,26.00,"1638,46",13.00,1.00,59.00,1.00,2.00,1.00,0.00,1.00,285.00,6.00,2.00,2.00,1.00,2.00,0.00,4.00,0.00,4.00,0.00,1.00,0.00,3.00
694.00,0.00,10.00,225.00,"1954,67",126.00,8.00,17.00,"1870,59",1.00,15.00,0.00,0.00,0.00,0.00,0.00,0.00,124.00,2.00,4.00,0.00,0.00,1.00,5.00,3.00,10.00,6.00,2.00,1.00,8.00,5.00
695.00,0.00,33.00,0.00,0.00,0.00,0.00,7.00,"514,29",4.00,0.00,17.00,1.00,0.00,0.00,0.00,1.00,94.00,1.00,0.00,0.00,0.00,1.00,1.00,8.00,0.00,4.00,1.00,3.00,1.00,4.00
696.00,0.00,12.00,0.00,0.00,0.00,0.00,2.00,17100.00,0.00,2.00,0.00,0.00,0.00,0.00,0.00,0.00,636.00,1.00,0.00,1.00,0.00,1.00,4.00,1.00,6.00,0.00,1.00,1.00,3.00,1.00
697.00,0.00,4.00,6.00,13650.00,0.00,6.00,5.00,14340.00,0.00,5.00,155.00,3.00,1.00,0.00,0.00,1.00,145.00,0.00,3.00,1.00,0.00,1.00,21.00,34.00,20.00,27.00,1.00,1.00,14.00,10.00
698.00,0.00,0.00,365.00,"1234,52",154.00,68.00,512.00,"2620,9",81.00,122.00,0.00,0.00,0.00,0.00,0.00,0.00,544.00,2.00,4.00,0.00,1.00,1.00,1.00,11.00,2.00,17.00,1.00,1.00,3.00,19.00
699.00,0.00,5.00,468.00,"1185,9",197.00,77.00,160.00,"1471,88",9.00,145.00,109.00,0.00,3.00,0.00,1.00,1.00,63.00,1.00,4.00,0.00,2.00,3.00,2.00,2.00,4.00,2.00,1.00,2.00,2.00,3.00
700.00,1.00,13.00,571.00,"1988,62",191.00,21.00,246.00,"3785,37",30.00,25.00,0.00,0.00,0.00,0.00,1.00,1.00,2.00,0.00,1.00,0.00,0.00,1.00,9.00,2.00,7.00,2.00,1.00,1.00,4.00,1.00
701.00,1.00,16.00,1113.00,"2269,81",226.00,48.00,338.00,"1279,88",52.00,215.00,846.00,6.00,0.00,0.00,0.00,3.00,28.00,1.00,1.00,0.00,0.00,2.00,0.00,4.00,1.00,1.00,1.00,2.00,1.00,3.00
702.00,0.00,14.00,1398.00,"2001,29",329.00,35.00,492.00,"2879,27",93.00,169.00,97.00,2.00,2.00,0.00,1.00,2.00,326.00,3.00,6.00,1.00,2.00,2.00,4.00,5.00,3.00,8.00,1.00,2.00,2.00,7.00
703.00,0.00,0.00,633.00,"1226,54",262.00,90.00,461.00,"937,09",26.00,423.00,120.00,1.00,1.00,0.00,0.00,2.00,174.00,1.00,1.00,0.00,0.00,1.00,35.00,7.00,36.00,8.00,2.00,3.00,20.00,6.00
704.00,0.00,1.00,300.00,1779.00,139.00,47.00,96.00,"1406,25",38.00,54.00,0.00,0.00,0.00,0.00,0.00,0.00,776.00,0.00,1.00,0.00,0.00,1.00,4.00,2.00,2.00,2.00,1.00,1.00,3.00,3.00
705.00,1.00,1.00,65.00,"2141,54",2.00,63.00,94.00,"1898,94",3.00,91.00,0.00,0.00,0.00,0.00,0.00,0.00,0.00,0.00,0.00,0.00,0.00,0.00,0.00,0.00,0.00,0.00,0.00,0.00,0.00,0.00
707.00,1.00,17.00,58.00,"1153,45",21.00,22.00,106.00,"2032,08",10.00,87.00,13.00,1.00,0.00,0.00,0.00,1.00,69.00,2.00,2.00,0.00,0.00,1.00,21.00,47.00,24.00,46.00,3.00,2.00,20.00,19.00
709.00,1.00,15.00,16.00,"2287,5",8.00,2.00,89.00,"1479,78",19.00,7.00,0.00,0.00,0.00,0.00,0.00,0.00,173.00,2.00,1.00,0.00,0.00,1.00,3.00,0.00,2.00,1.00,1.00,1.00,1.00,1.00
710.00,0.00,2.00,2.00,1050.00,1.00,0.00,0.00,0.00,0.00,0.00,0.00,0.00,0.00,0.00,0.00,0.00,0.00,0.00,0.00,0.00,0.00,0.00,0.00,0.00,0.00,0.00,0.00,0.00,0.00,0.00
711.00,0.00,22.00,1.00,300.00,1.00,0.00,0.00,0.00,0.00,0.00,30.00,1.00,0.00,0.00,0.00,1.00,104.00,1.00,2.00,1.00,0.00,1.00,2.00,8.00,3.00,8.00,2.00,3.00,3.00,7.00
732.00,2.00,0.00,2.00,300.00,2.00,0.00,22.00,"777,27",16.00,0.00,0.00,0.00,0.00,0.00,0.00,0.00,0.00,0.00,0.00,0.00,0.00,0.00,0.00,0.00,0.00,0.00,0.00,0.00,0.00,0.00
812.00,1.00,11.00,501.00,"1832,93",203.00,22.00,71.00,"1187,32",12.00,57.00,104.00,2.00,1.00,2.00,0.00,2.00,0.00,0.00,0.00,0.00,0.00,0.00,1.00,2.00,4.00,3.00,1.00,1.00,5.00,3.00
845.00,0.00,26.00,18.00,"766,67",15.00,0.00,0.00,0.00,0.00,0.00,96.00,1.00,1.00,0.00,0.00,2.00,120.00,1.00,2.00,2.00,0.00,2.00,7.00,2.00,6.00,1.00,1.00,2.00,6.00,2.00