user,gender,fb_friends,sms_sent_S-H,sms_rec_S-H,sms_unq_people S-H,sms_convo_S-H,calls_duration_S-H,calls_made_S-H,Calls Received S-H,Unique People S-H,sms_sent_O-S-H,sms_rec_O-S-H,sms_unq_people O-S-H,sms_convo_O-S-H,Duration O-S-H,Calls Made O-S-H,Calls Received O-S-H,Unique People O-S-H,bt_interactions_S-H,bt_avg_duration_S-H,bt_unq_people_S-H,bt_outside_interactions_S-H,bt_interactions_O-S-H,bt_avg_duration_O-S-H,bt_unq_people_O-S-H,bt_outside_interactions_O-S-H,digital_school_group,digital_offschool_group,social_school_group,social_offschool_group,digital_school_group_code,digital_offschool_group_code,social_school_group_code,social_offschool_group_code,activity_profile,profile_cluster,profile_group
0,0,19.0,4.0,8.0,2.0,4.0,204.0,3.0,2.0,2.0,58.0,66.0,1.0,14.0,52.0,0.0,4.0,1.0,866.0,2705.89,251.0,50.0,575.0,1429.04,135.0,107.0,Low,Low,Low,Low,L,L,L,L,L-L-L-L,1,Group 2
2,0,7.0,0.0,0.0,0.0,0.0,0.0,0.0,0.0,0.0,0.0,0.0,0.0,0.0,0.0,0.0,0.0,0.0,149.0,2206.71,54.0,12.0,87.0,2862.07,16.0,39.0,Low,Low,Very Low,Low,L,L,VL,L,L-L-VL-L,1,Group 2
3,0,18.0,47.0,46.0,3.0,29.0,394.0,6.0,4.0,3.0,100.0,101.0,3.0,31.0,281.0,3.0,3.0,4.0,567.0,2076.72,208.0,100.0,688.0,2342.44,186.0,208.0,High,High,Medium,High,H,H,M,H,H-H-M-H,2,Group 3
4,0,30.0,23.0,15.0,5.0,14.0,500.0,7.0,10.0,7.0,59.0,54.0,6.0,28.0,668.0,6.0,7.0,3.0,423.0,2417.73,126.0,41.0,839.0,1990.23,171.0,100.0,High,High,Low,High,H,H,L,H,H-H-L-H,2,Group 3
5,0,26.0,14.0,12.0,1.0,9.0,126.0,0.0,2.0,1.0,7.0,6.0,2.0,5.0,2.0,1.0,0.0,1.0,1411.0,2084.9,217.0,70.0,687.0,2336.24,116.0,105.0,Low,Low,Very High,Low,L,L,VH,L,L-L-VH-L,0,Group 1
6,1,18.0,27.0,20.0,2.0,18.0,171.0,6.0,2.0,2.0,19.0,14.0,2.0,20.0,233.0,2.0,2.0,3.0,1331.0,2417.81,314.0,67.0,577.0,4274.35,145.0,67.0,Low,Low,Very High,Low,L,L,VH,L,L-L-VH-L,0,Group 1
7,1,6.0,0.0,0.0,0.0,0.0,0.0,0.0,0.0,0.0,0.0,0.0,0.0,0.0,0.0,0.0,0.0,0.0,105.0,1291.43,74.0,17.0,57.0,3526.32,31.0,14.0,Low,Low,Very Low,Low,L,L,VL,L,L-L-VL-L,1,Group 2
8,0,6.0,2.0,3.0,2.0,3.0,85.0,2.0,2.0,2.0,11.0,14.0,3.0,7.0,116.0,1.0,1.0,2.0,180.0,6301.67,46.0,74.0,197.0,7370.56,35.0,99.0,Low,Low,High,Medium,L,L,H,M,L-L-H-M,0,Group 1
9,0,2.0,1.0,0.0,1.0,1.0,0.0,0.0,0.0,0.0,0.0,0.0,0.0,0.0,0.0,0.0,0.0,0.0,130.0,2088.46,0.0,130.0,208.0,2837.02,0.0,208.0,Low,Low,Medium,Low,L,L,M,L,L-L-M-L,1,Group 2
10,0,8.0,0.0,0.0,0.0,0.0,0.0,0.0,0.0,0.0,0.0,0.0,0.0,0.0,0.0,0.0,0.0,0.0,594.0,1605.56,127.0,41.0,230.0,902.61,75.0,81.0,Low,Low,Low,Low,L,L,L,L,L-L-L-L,1,Group 2
11,0,9.0,0.0,0.0,0.0,0.0,0.0,0.0,0.0,0.0,1.0,1.0,1.0,2.0,2.0,0.0,1.0,1.0,338.0,1731.66,47.0,126.0,1415.0,1633.36,44.0,247.0,Low,Low,Medium,High,L,L,M,H,L-L-M-H,4,Group 5
12,0,21.0,27.0,28.0,2.0,15.0,141.0,2.0,2.0,2.0,41.0,45.0,3.0,20.0,210.0,3.0,3.0,3.0,1624.0,1726.29,327.0,82.0,1876.0,2045.15,315.0,180.0,Low,Low,Very High,High,L,L,VH,H,L-L-VH-H,3,Group 4
13,0,78.0,26.0,21.0,7.0,11.0,604.0,5.0,1.0,4.0,42.0,43.0,6.0,36.0,1021.0,5.0,4.0,6.0,1433.0,1338.17,396.0,87.0,1759.0,1707.9,336.0,151.0,High,High,Very High,High,H,H,VH,H,H-H-VH-H,2,Group 3
14,0,0.0,3.0,2.0,1.0,2.0,33.0,1.0,0.0,1.0,12.0,10.0,1.0,6.0,0.0,0.0,0.0,0.0,919.0,1539.83,230.0,32.0,1098.0,1644.81,259.0,52.0,Low,Low,Low,High,L,L,L,H,L-L-L-H,4,Group 5
15,0,62.0,0.0,0.0,0.0,0.0,159.0,1.0,5.0,3.0,15.0,19.0,5.0,9.0,309.0,3.0,4.0,5.0,841.0,2735.67,218.0,71.0,467.0,2646.68,181.0,94.0,Low,High,Low,Low,L,H,L,L,L-H-L-L,6,Group 7
16,0,7.0,0.0,0.0,0.0,0.0,0.0,0.0,0.0,0.0,0.0,0.0,0.0,0.0,4.0,1.0,0.0,1.0,209.0,2483.25,19.0,46.0,654.0,3649.08,21.0,83.0,Low,Low,Very Low,Low,L,L,VL,L,L-L-VL-L,1,Group 2
17,0,11.0,0.0,0.0,0.0,0.0,36.0,1.0,1.0,1.0,0.0,0.0,0.0,0.0,0.0,0.0,0.0,0.0,715.0,1920.42,212.0,126.0,454.0,1880.62,114.0,221.0,Low,Low,Medium,Low,L,L,M,L,L-L-M-L,1,Group 2
18,0,9.0,19.0,13.0,2.0,9.0,0.0,0.0,0.0,0.0,40.0,45.0,3.0,22.0,0.0,0.0,0.0,0.0,794.0,1804.91,142.0,16.0,236.0,1592.8,84.0,16.0,Low,Low,Low,Low,L,L,L,L,L-L-L-L,1,Group 2
19,0,10.0,9.0,6.0,2.0,4.0,1085.0,5.0,7.0,1.0,8.0,2.0,2.0,3.0,3068.0,11.0,4.0,2.0,687.0,1701.75,243.0,93.0,381.0,3368.5,44.0,304.0,Low,High,Medium,Low,L,H,M,L,L-H-M-L,6,Group 7
20,0,0.0,141.0,212.0,2.0,66.0,885.0,11.0,21.0,2.0,172.0,284.0,2.0,94.0,1079.0,7.0,20.0,1.0,288.0,2525.0,100.0,75.0,395.0,3607.59,96.0,124.0,High,High,Medium,Low,H,H,M,L,H-H-M-L,7,Group 8
21,1,0.0,204.0,132.0,1.0,63.0,883.0,21.0,10.0,1.0,282.0,170.0,1.0,93.0,1079.0,20.0,7.0,1.0,67.0,4455.22,7.0,44.0,177.0,5627.12,39.0,71.0,High,High,Very Low,Medium,H,H,VL,M,H-H-VL-M,7,Group 8
22,0,13.0,4.0,4.0,2.0,4.0,40.0,1.0,0.0,1.0,1.0,0.0,1.0,1.0,153.0,1.0,2.0,2.0,1177.0,1706.71,154.0,110.0,928.0,3069.83,135.0,186.0,Low,Low,Medium,High,L,L,M,H,L-L-M-H,4,Group 5
23,0,8.0,16.0,13.0,1.0,11.0,0.0,0.0,0.0,0.0,28.0,25.0,2.0,19.0,87.0,7.0,1.0,2.0,614.0,2168.4,172.0,68.0,515.0,3296.5,97.0,155.0,Low,Low,Medium,Low,L,L,M,L,L-L-M-L,1,Group 2
24,0,0.0,3.0,3.0,1.0,2.0,81.0,0.0,1.0,1.0,6.0,5.0,1.0,4.0,199.0,1.0,0.0,1.0,166.0,1913.86,58.0,103.0,108.0,1716.67,2.0,105.0,Low,Low,Medium,Low,L,L,M,L,L-L-M-L,1,Group 2
25,0,12.0,1.0,1.0,1.0,2.0,0.0,0.0,0.0,0.0,10.0,15.0,4.0,10.0,215.0,2.0,2.0,3.0,904.0,1458.85,255.0,31.0,1599.0,1465.29,307.0,130.0,Low,Low,Low,High,L,L,L,H,L-L-L-H,4,Group 5
27,0,21.0,28.0,32.0,4.0,22.0,115.0,3.0,3.0,2.0,20.0,23.0,4.0,24.0,100.0,1.0,1.0,2.0,804.0,1994.03,176.0,15.0,299.0,3201.67,75.0,6.0,High,Low,Low,Low,H,L,L,L,H-L-L-L,8,Group 9
28,0,14.0,5.0,6.0,1.0,4.0,0.0,0.0,0.0,0.0,2.0,2.0,2.0,3.0,259.0,3.0,5.0,2.0,84.0,2289.29,45.0,2.0,242.0,2184.3,85.0,15.0,Low,Low,Very Low,Low,L,L,VL,L,L-L-VL-L,1,Group 2
29,0,30.0,2.0,1.0,1.0,2.0,0.0,0.0,0.0,0.0,0.0,0.0,0.0,0.0,0.0,0.0,0.0,0.0,1234.0,1771.56,254.0,98.0,503.0,1725.45,138.0,220.0,Low,Low,Very High,High,L,L,VH,H,L-L-VH-H,3,Group 4
30,0,24.0,0.0,0.0,0.0,0.0,0.0,0.0,0.0,0.0,0.0,0.0,0.0,0.0,0.0,0.0,0.0,0.0,826.0,2203.87,212.0,99.0,162.0,1029.63,34.0,121.0,Low,Low,Medium,Low,L,L,M,L,L-L-M-L,1,Group 2
32,1,11.0,0.0,0.0,0.0,0.0,0.0,0.0,0.0,0.0,0.0,0.0,0.0,0.0,0.0,0.0,0.0,0.0,841.0,1536.03,205.0,26.0,96.0,3190.62,13.0,59.0,Low,Low,Low,Low,L,L,L,L,L-L-L-L,1,Group 2
33,0,25.0,13.0,18.0,2.0,7.0,48.0,1.0,0.0,1.0,39.0,39.0,2.0,15.0,331.0,3.0,5.0,2.0,120.0,960.0,47.0,41.0,237.0,1848.1,53.0,91.0,Low,Low,Very Low,Low,L,L,VL,L,L-L-VL-L,1,Group 2
34,0,8.0,0.0,0.0,0.0,0.0,0.0,0.0,0.0,0.0,0.0,0.0,0.0,0.0,0.0,0.0,0.0,0.0,1208.0,2095.28,269.0,118.0,640.0,1970.16,96.0,353.0,Low,Low,Very High,High,L,L,VH,H,L-L-VH-H,3,Group 4
35,0,3.0,1.0,0.0,1.0,1.0,0.0,0.0,0.0,0.0,7.0,8.0,1.0,5.0,2.0,0.0,1.0,1.0,413.0,1818.16,110.0,100.0,933.0,1071.7,285.0,159.0,Low,Low,Medium,High,L,L,M,H,L-L-M-H,4,Group 5
36,1,33.0,39.0,28.0,3.0,20.0,1515.0,5.0,9.0,2.0,176.0,159.0,5.0,65.0,4104.0,12.0,11.0,4.0,483.0,1558.39,142.0,19.0,478.0,2863.18,127.0,15.0,High,High,Low,Low,H,H,L,L,H-H-L-L,7,Group 8
37,0,39.0,29.0,41.0,3.0,19.0,1648.0,16.0,6.0,3.0,91.0,109.0,6.0,45.0,4251.0,22.0,12.0,3.0,290.0,1553.79,100.0,93.0,608.0,1880.43,140.0,55.0,High,High,Medium,Low,H,H,M,L,H-H-M-L,7,Group 8
38,0,32.0,0.0,0.0,0.0,0.0,5.0,1.0,0.0,1.0,0.0,0.0,0.0,0.0,0.0,0.0,0.0,0.0,544.0,2279.23,153.0,63.0,94.0,2080.85,29.0,55.0,Low,Low,Medium,Low,L,L,M,L,L-L-M-L,1,Group 2
39,0,33.0,24.0,15.0,6.0,28.0,989.0,8.0,4.0,1.0,61.0,55.0,4.0,46.0,4503.0,19.0,13.0,2.0,1046.0,1677.82,156.0,41.0,374.0,2286.1,105.0,91.0,High,High,Low,Low,H,H,L,L,H-H-L-L,7,Group 8
40,0,0.0,0.0,0.0,0.0,0.0,0.0,0.0,0.0,0.0,0.0,0.0,0.0,0.0,0.0,0.0,0.0,0.0,95.0,1749.47,0.0,95.0,202.0,1706.44,4.0,196.0,Low,Low,Medium,Low,L,L,M,L,L-L-M-L,1,Group 2
41,1,10.0,0.0,0.0,0.0,0.0,0.0,0.0,0.0,0.0,0.0,0.0,0.0,0.0,0.0,0.0,0.0,0.0,1380.0,2465.65,243.0,82.0,605.0,3742.81,101.0,157.0,Low,Low,Very High,Low,L,L,VH,L,L-L-VH-L,0,Group 1
42,0,13.0,2.0,1.0,1.0,1.0,100.0,1.0,1.0,1.0,0.0,0.0,0.0,0.0,0.0,0.0,0.0,0.0,1060.0,1900.19,272.0,92.0,371.0,1901.08,143.0,93.0,Low,Low,Very High,Low,L,L,VH,L,L-L-VH-L,0,Group 1
43,0,14.0,0.0,1.0,1.0,1.0,0.0,0.0,0.0,0.0,8.0,7.0,1.0,5.0,2.0,1.0,0.0,1.0,304.0,1583.88,107.0,150.0,421.0,1274.11,17.0,404.0,Low,Low,Medium,Low,L,L,M,L,L-L-M-L,1,Group 2
44,0,7.0,0.0,0.0,0.0,0.0,0.0,0.0,0.0,0.0,0.0,0.0,0.0,0.0,0.0,0.0,0.0,0.0,1246.0,2329.7,249.0,61.0,815.0,3531.53,113.0,114.0,Low,Low,Very High,Low,L,L,VH,L,L-L-VH-L,0,Group 1
45,0,2.0,0.0,0.0,0.0,0.0,0.0,0.0,0.0,0.0,0.0,0.0,0.0,0.0,0.0,0.0,0.0,0.0,525.0,1556.0,135.0,75.0,243.0,2480.25,21.0,221.0,Low,Low,Medium,Low,L,L,M,L,L-L-M-L,1,Group 2
46,1,26.0,21.0,18.0,2.0,9.0,536.0,0.0,8.0,1.0,8.0,7.0,3.0,4.0,120.0,2.0,3.0,2.0,420.0,1767.14,154.0,59.0,559.0,2132.74,116.0,102.0,Low,Low,Low,Low,L,L,L,L,L-L-L-L,1,Group 2
47,0,10.0,19.0,32.0,2.0,16.0,2085.0,27.0,11.0,2.0,9.0,21.0,4.0,19.0,1894.0,10.0,19.0,3.0,412.0,1940.53,126.0,59.0,933.0,2622.19,128.0,76.0,High,High,Medium,High,H,H,M,H,H-H-M-H,2,Group 3
48,1,16.0,79.0,54.0,1.0,46.0,2279.0,9.0,11.0,2.0,89.0,50.0,2.0,45.0,2146.0,19.0,14.0,2.0,1436.0,2296.59,283.0,86.0,1105.0,3376.83,225.0,297.0,High,High,Very High,High,H,H,VH,H,H-H-VH-H,2,Group 3
49,0,38.0,95.0,127.0,6.0,76.0,3808.0,21.0,14.0,4.0,77.0,123.0,5.0,69.0,2289.0,16.0,25.0,5.0,1563.0,2135.51,410.0,54.0,594.0,2935.86,216.0,85.0,High,High,Very High,High,H,H,VH,H,H-H-VH-H,2,Group 3
50,0,10.0,3.0,3.0,1.0,2.0,159.0,0.0,1.0,1.0,2.0,1.0,1.0,2.0,0.0,0.0,0.0,0.0,1442.0,1625.66,346.0,112.0,762.0,1869.29,240.0,256.0,Low,Low,Very High,High,L,L,VH,H,L-L-VH-H,3,Group 4
51,1,14.0,33.0,23.0,2.0,23.0,368.0,2.0,2.0,2.0,29.0,31.0,2.0,22.0,87.0,1.0,7.0,1.0,540.0,1541.67,224.0,73.0,1058.0,2445.94,276.0,172.0,Low,Low,Medium,High,L,L,M,H,L-L-M-H,4,Group 5
52,0,65.0,7.0,10.0,4.0,6.0,46.0,1.0,2.0,3.0,15.0,19.0,8.0,13.0,548.0,8.0,4.0,10.0,1391.0,1508.2,360.0,138.0,2552.0,2373.08,316.0,373.0,High,High,Very High,High,H,H,VH,H,H-H-VH-H,2,Group 3
53,1,6.0,0.0,0.0,0.0,0.0,0.0,0.0,0.0,0.0,0.0,0.0,0.0,0.0,0.0,0.0,0.0,0.0,584.0,2229.97,198.0,73.0,519.0,2653.76,179.0,159.0,Low,Low,Medium,High,L,L,M,H,L-L-M-H,4,Group 5
54,1,23.0,0.0,0.0,0.0,0.0,0.0,0.0,0.0,0.0,3.0,2.0,2.0,2.0,0.0,0.0,0.0,0.0,1594.0,1417.38,233.0,20.0,377.0,1869.23,127.0,151.0,Low,Low,Very High,Low,L,L,VH,L,L-L-VH-L,0,Group 1
55,0,15.0,18.0,20.0,1.0,1.0,0.0,0.0,0.0,0.0,7.0,6.0,2.0,4.0,0.0,0.0,0.0,0.0,785.0,1473.63,186.0,59.0,795.0,1546.04,190.0,63.0,Low,Low,Low,High,L,L,L,H,L-L-L-H,4,Group 5
57,0,7.0,4.0,3.0,1.0,2.0,38.0,0.0,3.0,3.0,5.0,12.0,3.0,8.0,0.0,0.0,0.0,1.0,1142.0,2362.96,269.0,62.0,1178.0,1936.5,178.0,54.0,Low,Low,Very High,High,L,L,VH,H,L-L-VH-H,3,Group 4
58,0,22.0,7.0,3.0,2.0,4.0,4.0,1.0,0.0,1.0,16.0,9.0,3.0,9.0,353.0,2.0,3.0,3.0,756.0,3229.37,169.0,73.0,677.0,3189.22,104.0,123.0,Low,Low,Medium,Low,L,L,M,L,L-L-M-L,1,Group 2
59,0,7.0,2.0,6.0,1.0,3.0,233.0,2.0,1.0,2.0,6.0,4.0,2.0,2.0,0.0,0.0,0.0,0.0,145.0,2168.28,43.0,31.0,262.0,5398.85,53.0,49.0,Low,Low,Very Low,Low,L,L,VL,L,L-L-VL-L,1,Group 2
61,1,19.0,10.0,11.0,1.0,5.0,0.0,0.0,0.0,0.0,16.0,14.0,1.0,6.0,0.0,0.0,0.0,0.0,2011.0,1980.66,352.0,87.0,392.0,3358.16,103.0,156.0,Low,Low,Very High,Low,L,L,VH,L,L-L-VH-L,0,Group 1
62,0,3.0,0.0,0.0,0.0,0.0,0.0,0.0,0.0,0.0,5.0,6.0,1.0,2.0,67.0,1.0,0.0,1.0,313.0,3092.01,55.0,131.0,748.0,5733.69,62.0,253.0,Low,Low,Medium,Low,L,L,M,L,L-L-M-L,1,Group 2
63,0,8.0,8.0,10.0,2.0,6.0,320.0,2.0,2.0,1.0,2.0,3.0,1.0,3.0,71.0,0.0,2.0,1.0,948.0,1606.96,211.0,33.0,376.0,2281.12,96.0,140.0,Low,Low,Low,Low,L,L,L,L,L-L-L-L,1,Group 2
64,0,16.0,0.0,1.0,1.0,1.0,77.0,0.0,2.0,2.0,12.0,22.0,4.0,10.0,3.0,0.0,1.0,1.0,827.0,2307.13,252.0,43.0,1290.0,3141.4,197.0,87.0,Low,Low,Low,High,L,L,L,H,L-L-L-H,4,Group 5
65,0,15.0,2.0,1.0,1.0,2.0,0.0,0.0,0.0,0.0,0.0,0.0,0.0,0.0,70.0,0.0,1.0,1.0,699.0,2521.46,208.0,86.0,522.0,1963.22,113.0,234.0,Low,Low,Medium,Low,L,L,M,L,L-L-M-L,1,Group 2
66,1,8.0,0.0,0.0,0.0,0.0,134.0,1.0,1.0,1.0,1.0,1.0,1.0,1.0,20.0,1.0,0.0,1.0,39.0,738.46,8.0,30.0,66.0,1940.91,14.0,31.0,Low,Low,Very Low,Low,L,L,VL,L,L-L-VL-L,1,Group 2
67,0,6.0,19.0,15.0,1.0,4.0,850.0,1.0,3.0,1.0,3.0,2.0,1.0,1.0,14.0,0.0,1.0,1.0,542.0,2230.63,144.0,136.0,476.0,1807.56,58.0,362.0,Low,Low,Medium,Low,L,L,M,L,L-L-M-L,1,Group 2
68,1,17.0,1.0,0.0,1.0,1.0,37.0,1.0,1.0,1.0,5.0,5.0,2.0,6.0,0.0,0.0,0.0,0.0,152.0,1383.55,55.0,43.0,257.0,1617.9,100.0,33.0,Low,Low,Very Low,Low,L,L,VL,L,L-L-VL-L,1,Group 2
69,0,32.0,12.0,10.0,4.0,12.0,459.0,5.0,10.0,5.0,6.0,5.0,4.0,5.0,347.0,4.0,3.0,3.0,848.0,1765.68,275.0,63.0,1340.0,3199.03,191.0,168.0,High,Low,Very High,High,H,L,VH,H,H-L-VH-H,5,Group 6
70,0,0.0,2.0,4.0,1.0,4.0,0.0,0.0,0.0,0.0,6.0,4.0,1.0,6.0,130.0,0.0,1.0,1.0,799.0,1484.61,174.0,88.0,914.0,1939.82,135.0,286.0,Low,Low,Medium,High,L,L,M,H,L-L-M-H,4,Group 5
71,0,12.0,0.0,0.0,0.0,0.0,0.0,0.0,0.0,0.0,2.0,1.0,1.0,1.0,41.0,1.0,0.0,1.0,178.0,1946.63,20.0,156.0,643.0,1679.16,68.0,445.0,Low,Low,Medium,High,L,L,M,H,L-L-M-H,4,Group 5
72,0,19.0,4.0,4.0,1.0,4.0,0.0,0.0,0.0,0.0,2.0,1.0,1.0,1.0,143.0,1.0,0.0,1.0,1615.0,2272.01,325.0,94.0,1087.0,1577.0,232.0,100.0,Low,Low,Very High,High,L,L,VH,H,L-L-VH-H,3,Group 4
73,0,13.0,2.0,5.0,1.0,3.0,0.0,0.0,0.0,0.0,10.0,12.0,2.0,3.0,143.0,0.0,1.0,1.0,467.0,1770.45,149.0,13.0,668.0,2573.35,166.0,9.0,Low,Low,Low,Low,L,L,L,L,L-L-L-L,1,Group 2
74,1,30.0,7.0,6.0,2.0,4.0,43.0,5.0,0.0,1.0,8.0,8.0,2.0,4.0,14.0,1.0,1.0,1.0,803.0,2172.85,174.0,36.0,171.0,2289.47,28.0,114.0,Low,Low,Low,Low,L,L,L,L,L-L-L-L,1,Group 2
75,1,65.0,8.0,21.0,2.0,14.0,197.0,1.0,0.0,1.0,18.0,19.0,3.0,17.0,152.0,0.0,2.0,1.0,655.0,1297.1,206.0,62.0,741.0,1871.66,142.0,107.0,Low,Low,Low,High,L,L,L,H,L-L-L-H,4,Group 5
76,0,15.0,7.0,8.0,2.0,9.0,0.0,0.0,0.0,0.0,11.0,14.0,2.0,11.0,48.0,1.0,1.0,2.0,687.0,1789.52,155.0,35.0,321.0,2246.73,114.0,73.0,Low,Low,Low,Low,L,L,L,L,L-L-L-L,1,Group 2
77,0,1.0,0.0,0.0,0.0,0.0,0.0,0.0,0.0,0.0,0.0,0.0,0.0,0.0,0.0,0.0,0.0,0.0,20.0,555.0,3.0,17.0,46.0,1571.74,10.0,33.0,Low,Low,Very Low,Low,L,L,VL,L,L-L-VL-L,1,Group 2
78,0,16.0,0.0,0.0,0.0,0.0,0.0,0.0,0.0,0.0,0.0,0.0,0.0,0.0,0.0,0.0,0.0,0.0,1028.0,2191.34,209.0,51.0,840.0,2370.36,166.0,97.0,Low,Low,Low,High,L,L,L,H,L-L-L-H,4,Group 5
79,0,18.0,0.0,0.0,0.0,0.0,0.0,0.0,0.0,1.0,12.0,13.0,1.0,6.0,542.0,3.0,3.0,2.0,1144.0,1724.74,292.0,95.0,939.0,1592.65,231.0,153.0,Low,Low,Very High,High,L,L,VH,H,L-L-VH-H,3,Group 4
80,0,22.0,0.0,0.0,0.0,0.0,0.0,0.0,0.0,0.0,0.0,0.0,0.0,0.0,72.0,0.0,1.0,1.0,649.0,1722.8,185.0,123.0,426.0,1519.01,56.0,301.0,Low,Low,Medium,Low,L,L,M,L,L-L-M-L,1,Group 2
81,0,62.0,0.0,0.0,0.0,0.0,0.0,0.0,0.0,1.0,0.0,1.0,1.0,1.0,36.0,1.0,0.0,1.0,1031.0,1117.94,302.0,114.0,1557.0,1925.82,284.0,188.0,Low,Low,Very High,High,L,L,VH,H,L-L-VH-H,3,Group 4
82,0,2.0,3.0,3.0,1.0,2.0,81.0,1.0,0.0,1.0,5.0,6.0,1.0,4.0,199.0,0.0,1.0,1.0,170.0,1478.82,66.0,12.0,185.0,1895.68,64.0,73.0,Low,Low,Very Low,Low,L,L,VL,L,L-L-VL-L,1,Group 2
83,0,20.0,0.0,0.0,0.0,0.0,61.0,0.0,1.0,1.0,2.0,1.0,1.0,1.0,0.0,0.0,0.0,0.0,654.0,1322.94,163.0,50.0,1058.0,2814.27,138.0,89.0,Low,Low,Low,High,L,L,L,H,L-L-L-H,4,Group 5
84,0,6.0,0.0,0.0,0.0,0.0,0.0,0.0,0.0,0.0,0.0,0.0,0.0,0.0,0.0,0.0,0.0,0.0,654.0,2107.8,224.0,60.0,203.0,3560.1,86.0,70.0,Low,Low,Low,Low,L,L,L,L,L-L-L-L,1,Group 2
85,0,25.0,36.0,26.0,3.0,10.0,1942.0,12.0,3.0,3.0,11.0,8.0,3.0,3.0,374.0,6.0,1.0,2.0,566.0,1273.14,142.0,12.0,488.0,2004.1,94.0,34.0,High,Low,Low,Low,H,L,L,L,H-L-L-L,8,Group 9
86,0,3.0,0.0,0.0,0.0,0.0,0.0,0.0,0.0,0.0,0.0,0.0,0.0,0.0,0.0,0.0,0.0,0.0,304.0,1252.3,111.0,38.0,133.0,1357.89,54.0,43.0,Low,Low,Very Low,Low,L,L,VL,L,L-L-VL-L,1,Group 2
87,0,13.0,0.0,0.0,0.0,0.0,0.0,0.0,0.0,0.0,0.0,0.0,0.0,0.0,0.0,0.0,0.0,0.0,842.0,1497.86,279.0,96.0,372.0,1348.39,148.0,69.0,Low,Low,Very High,Low,L,L,VH,L,L-L-VH-L,0,Group 1
88,0,34.0,5.0,3.0,3.0,5.0,140.0,7.0,1.0,3.0,20.0,16.0,6.0,14.0,373.0,4.0,7.0,6.0,1780.0,2166.07,332.0,91.0,1922.0,1551.2,318.0,162.0,Low,High,Very High,High,L,H,VH,H,L-H-VH-H,6,Group 7
89,0,0.0,7.0,8.0,1.0,3.0,24.0,1.0,0.0,1.0,1.0,2.0,1.0,1.0,45.0,0.0,2.0,1.0,130.0,1686.92,47.0,41.0,150.0,4526.0,13.0,109.0,Low,Low,Very Low,Low,L,L,VL,L,L-L-VL-L,1,Group 2
90,1,25.0,240.0,272.0,5.0,72.0,6532.0,23.0,25.0,3.0,155.0,180.0,6.0,70.0,4391.0,11.0,16.0,3.0,1319.0,1854.13,348.0,86.0,838.0,3041.17,170.0,122.0,High,High,Very High,High,H,H,VH,H,H-H-VH-H,2,Group 3
91,0,13.0,264.0,233.0,2.0,61.0,4591.0,24.0,17.0,1.0,164.0,145.0,3.0,53.0,1940.0,10.0,9.0,2.0,566.0,2596.64,161.0,73.0,814.0,2870.27,103.0,77.0,High,High,Medium,Low,H,H,M,L,H-H-M-L,7,Group 8
92,0,0.0,6.0,5.0,3.0,5.0,188.0,0.0,4.0,3.0,14.0,15.0,3.0,9.0,200.0,2.0,3.0,4.0,1651.0,2344.22,287.0,106.0,1619.0,1815.75,316.0,269.0,Low,Low,Very High,High,L,L,VH,H,L-L-VH-H,3,Group 4
93,1,8.0,70.0,93.0,1.0,19.0,0.0,0.0,0.0,1.0,118.0,167.0,1.0,21.0,587.0,2.0,0.0,1.0,447.0,2353.02,166.0,14.0,201.0,1735.82,73.0,16.0,Low,Low,Low,Low,L,L,L,L,L-L-L-L,1,Group 2
94,0,13.0,3.0,7.0,2.0,3.0,45.0,2.0,0.0,1.0,6.0,10.0,1.0,2.0,228.0,0.0,1.0,1.0,742.0,2095.96,174.0,12.0,473.0,3507.4,123.0,33.0,Low,Low,Low,Low,L,L,L,L,L-L-L-L,1,Group 2
95,0,10.0,17.0,34.0,4.0,15.0,366.0,6.0,11.0,4.0,14.0,20.0,7.0,20.0,1310.0,4.0,10.0,4.0,1329.0,2247.4,234.0,106.0,1274.0,2117.66,252.0,200.0,High,High,Very High,High,H,H,VH,H,H-H-VH-H,2,Group 3
96,1,61.0,13.0,10.0,4.0,7.0,482.0,10.0,3.0,5.0,15.0,14.0,4.0,14.0,459.0,7.0,3.0,3.0,150.0,1030.0,43.0,39.0,1104.0,1617.12,191.0,94.0,High,High,Very Low,High,H,H,VL,H,H-H-VL-H,2,Group 3
97,0,15.0,20.0,14.0,3.0,8.0,162.0,1.0,4.0,2.0,19.0,15.0,3.0,15.0,89.0,2.0,0.0,1.0,1262.0,1731.06,319.0,79.0,200.0,2172.0,93.0,52.0,Low,Low,Very High,Low,L,L,VH,L,L-L-VH-L,0,Group 1
98,0,2.0,8.0,8.0,1.0,3.0,1698.0,6.0,3.0,2.0,4.0,2.0,1.0,2.0,207.0,1.0,1.0,2.0,834.0,1351.08,268.0,118.0,392.0,2497.19,94.0,216.0,Low,Low,Very High,Low,L,L,VH,L,L-L-VH-L,0,Group 1
99,0,24.0,0.0,0.0,0.0,0.0,0.0,0.0,0.0,0.0,3.0,4.0,1.0,2.0,0.0,0.0,0.0,0.0,1055.0,1918.58,222.0,81.0,433.0,2241.34,133.0,152.0,Low,Low,Very High,Low,L,L,VH,L,L-L-VH-L,0,Group 1
100,1,40.0,18.0,23.0,6.0,16.0,218.0,4.0,2.0,4.0,48.0,54.0,9.0,30.0,125.0,4.0,2.0,5.0,1816.0,2793.17,316.0,55.0,1183.0,3358.58,246.0,85.0,High,High,Very High,High,H,H,VH,H,H-H-VH-H,2,Group 3
101,0,0.0,0.0,0.0,0.0,0.0,0.0,0.0,0.0,0.0,0.0,0.0,0.0,0.0,0.0,0.0,0.0,0.0,414.0,1161.59,157.0,91.0,907.0,1577.07,198.0,210.0,Low,Low,Medium,High,L,L,M,H,L-L-M-H,4,Group 5
102,0,6.0,21.0,25.0,2.0,10.0,2.0,0.0,1.0,1.0,43.0,36.0,1.0,14.0,420.0,5.0,7.0,1.0,674.0,1961.13,195.0,108.0,488.0,1985.04,117.0,169.0,Low,Low,Medium,Low,L,L,M,L,L-L-M-L,1,Group 2
103,0,1.0,0.0,0.0,0.0,0.0,0.0,0.0,0.0,0.0,0.0,0.0,0.0,0.0,0.0,0.0,0.0,0.0,84.0,3228.57,0.0,84.0,118.0,3101.69,0.0,118.0,Low,Low,Medium,Low,L,L,M,L,L-L-M-L,1,Group 2
104,1,39.0,38.0,36.0,2.0,21.0,194.0,5.0,0.0,2.0,87.0,79.0,4.0,25.0,1679.0,5.0,0.0,1.0,600.0,2406.5,205.0,58.0,371.0,3747.17,62.0,182.0,High,High,Low,Low,H,H,L,L,H-H-L-L,7,Group 8
105,0,8.0,0.0,0.0,0.0,0.0,0.0,0.0,0.0,0.0,18.0,13.0,2.0,6.0,240.0,3.0,4.0,3.0,1325.0,1940.15,223.0,106.0,1104.0,2732.07,186.0,157.0,Low,Low,Very High,High,L,L,VH,H,L-L-VH-H,3,Group 4
106,0,15.0,20.0,27.0,2.0,9.0,1031.0,5.0,11.0,3.0,0.0,0.0,0.0,0.0,745.0,4.0,1.0,3.0,904.0,2231.08,234.0,78.0,225.0,2536.0,27.0,126.0,High,Low,Very High,Low,H,L,VH,L,H-L-VH-L,5,Group 6
107,1,27.0,0.0,0.0,0.0,0.0,0.0,0.0,0.0,0.0,0.0,0.0,0.0,0.0,0.0,0.0,0.0,1.0,817.0,1457.41,277.0,81.0,678.0,1355.75,200.0,141.0,Low,Low,Very High,High,L,L,VH,H,L-L-VH-H,3,Group 4
108,0,42.0,4.0,4.0,2.0,4.0,184.0,1.0,0.0,1.0,13.0,14.0,5.0,9.0,437.0,6.0,3.0,2.0,652.0,2233.9,202.0,81.0,823.0,1754.07,186.0,146.0,Low,High,Medium,High,L,H,M,H,L-H-M-H,6,Group 7
110,1,3.0,0.0,0.0,0.0,0.0,0.0,0.0,0.0,0.0,0.0,0.0,0.0,0.0,0.0,0.0,0.0,0.0,52.0,12871.15,1.0,51.0,72.0,8991.67,0.0,72.0,Low,Low,High,Medium,L,L,H,M,L-L-H-M,0,Group 1
111,0,25.0,3.0,3.0,1.0,1.0,146.0,2.0,2.0,2.0,2.0,4.0,1.0,4.0,298.0,5.0,0.0,2.0,523.0,1961.19,212.0,46.0,391.0,2858.82,105.0,71.0,Low,Low,Low,Low,L,L,L,L,L-L-L-L,1,Group 2
112,1,8.0,0.0,0.0,0.0,0.0,0.0,0.0,0.0,0.0,0.0,1.0,1.0,1.0,0.0,0.0,0.0,0.0,388.0,2828.35,126.0,39.0,241.0,1330.71,6.0,235.0,Low,Low,Low,Low,L,L,L,L,L-L-L-L,1,Group 2
113,1,6.0,0.0,0.0,0.0,0.0,0.0,0.0,0.0,0.0,0.0,0.0,0.0,0.0,0.0,0.0,0.0,0.0,713.0,1657.78,191.0,31.0,215.0,2042.79,66.0,116.0,Low,Low,Low,Low,L,L,L,L,L-L-L-L,1,Group 2
114,0,7.0,48.0,64.0,2.0,16.0,22.0,0.0,1.0,1.0,10.0,9.0,2.0,8.0,0.0,0.0,0.0,0.0,1528.0,2164.99,276.0,58.0,491.0,3591.45,124.0,48.0,Low,Low,Very High,Low,L,L,VH,L,L-L-VH-L,0,Group 1
115,0,30.0,25.0,22.0,1.0,12.0,26.0,0.0,1.0,1.0,38.0,32.0,1.0,25.0,0.0,0.0,0.0,0.0,503.0,1363.42,185.0,35.0,181.0,2040.33,61.0,54.0,Low,Low,Low,Low,L,L,L,L,L-L-L-L,1,Group 2
116,0,5.0,5.0,4.0,2.0,6.0,415.0,4.0,11.0,2.0,16.0,10.0,2.0,12.0,39.0,0.0,1.0,1.0,509.0,1827.11,214.0,88.0,598.0,2160.7,178.0,170.0,Low,Low,Medium,High,L,L,M,H,L-L-M-H,4,Group 5
117,0,11.0,0.0,0.0,0.0,0.0,0.0,0.0,0.0,1.0,0.0,0.0,0.0,0.0,532.0,2.0,2.0,1.0,0.0,0.0,0.0,0.0,27.0,3411.11,1.0,26.0,Low,Low,Very Low,Low,L,L,VL,L,L-L-VL-L,1,Group 2
118,0,31.0,0.0,3.0,1.0,3.0,43.0,0.0,1.0,1.0,4.0,3.0,2.0,4.0,0.0,0.0,0.0,0.0,1331.0,1867.84,138.0,34.0,158.0,2439.87,69.0,16.0,Low,Low,Low,Low,L,L,L,L,L-L-L-L,1,Group 2
119,0,7.0,19.0,25.0,1.0,16.0,57.0,2.0,2.0,2.0,70.0,55.0,3.0,26.0,252.0,4.0,1.0,2.0,1004.0,2320.52,219.0,77.0,1428.0,2129.62,230.0,149.0,Low,Low,Very High,High,L,L,VH,H,L-L-VH-H,3,Group 4
120,0,3.0,23.0,23.0,2.0,18.0,128.0,2.0,1.0,1.0,26.0,35.0,2.0,22.0,72.0,3.0,2.0,1.0,1252.0,2048.96,201.0,73.0,252.0,4225.0,41.0,159.0,Low,Low,Very High,Low,L,L,VH,L,L-L-VH-L,0,Group 1
121,0,12.0,14.0,11.0,3.0,9.0,190.0,3.0,0.0,1.0,13.0,17.0,1.0,4.0,2290.0,1.0,0.0,1.0,736.0,2110.6,215.0,30.0,94.0,3220.21,25.0,61.0,Low,Low,Low,Low,L,L,L,L,L-L-L-L,1,Group 2
122,0,33.0,1.0,1.0,1.0,2.0,3.0,0.0,1.0,1.0,63.0,61.0,2.0,13.0,192.0,1.0,2.0,2.0,1167.0,2149.36,126.0,65.0,867.0,1573.7,167.0,83.0,Low,Low,Low,High,L,L,L,H,L-L-L-H,4,Group 5
123,1,18.0,6.0,3.0,2.0,3.0,0.0,0.0,0.0,0.0,3.0,1.0,1.0,3.0,0.0,0.0,0.0,0.0,959.0,1200.31,298.0,81.0,956.0,2014.96,131.0,127.0,Low,Low,Very High,High,L,L,VH,H,L-L-VH-H,3,Group 4
124,0,0.0,0.0,0.0,0.0,0.0,0.0,0.0,0.0,0.0,0.0,0.0,0.0,0.0,0.0,0.0,0.0,0.0,303.0,2174.26,96.0,60.0,143.0,2672.73,33.0,96.0,Low,Low,Medium,Low,L,L,M,L,L-L-M-L,1,Group 2
125,0,1.0,0.0,0.0,0.0,0.0,0.0,0.0,0.0,0.0,0.0,0.0,0.0,0.0,0.0,0.0,0.0,0.0,369.0,1633.33,71.0,69.0,162.0,1338.89,2.0,160.0,Low,Low,Medium,Low,L,L,M,L,L-L-M-L,1,Group 2
126,0,5.0,8.0,8.0,1.0,6.0,39.0,1.0,2.0,1.0,2.0,2.0,1.0,2.0,0.0,0.0,0.0,0.0,328.0,1789.94,130.0,120.0,396.0,1871.21,109.0,229.0,Low,Low,Medium,Low,L,L,M,L,L-L-M-L,1,Group 2
127,0,4.0,0.0,0.0,0.0,0.0,0.0,0.0,0.0,0.0,0.0,0.0,0.0,0.0,0.0,0.0,0.0,0.0,655.0,1719.39,203.0,135.0,545.0,1868.26,100.0,298.0,Low,Low,Medium,High,L,L,M,H,L-L-M-H,4,Group 5
128,0,20.0,10.0,13.0,3.0,9.0,0.0,0.0,0.0,1.0,5.0,5.0,3.0,4.0,199.0,2.0,0.0,2.0,826.0,1663.8,259.0,55.0,526.0,2219.77,131.0,142.0,Low,Low,Low,Low,L,L,L,L,L-L-L-L,1,Group 2
129,0,8.0,3.0,1.0,1.0,3.0,17.0,1.0,0.0,1.0,2.0,5.0,2.0,4.0,3.0,1.0,0.0,1.0,459.0,2520.92,135.0,28.0,343.0,1811.37,74.0,42.0,Low,Low,Low,Low,L,L,L,L,L-L-L-L,1,Group 2
130,0,18.0,0.0,0.0,0.0,0.0,0.0,0.0,0.0,0.0,0.0,0.0,0.0,0.0,0.0,0.0,0.0,0.0,1168.0,1665.92,263.0,54.0,1076.0,1723.88,242.0,132.0,Low,Low,Very High,High,L,L,VH,H,L-L-VH-H,3,Group 4
131,1,24.0,0.0,0.0,0.0,0.0,61.0,1.0,0.0,1.0,16.0,12.0,3.0,7.0,1052.0,1.0,3.0,2.0,114.0,1081.58,37.0,30.0,502.0,1925.5,114.0,30.0,Low,Low,Very Low,Low,L,L,VL,L,L-L-VL-L,1,Group 2
132,1,16.0,0.0,0.0,0.0,0.0,0.0,0.0,0.0,0.0,0.0,0.0,0.0,0.0,0.0,0.0,0.0,0.0,1253.0,1614.21,362.0,105.0,557.0,1965.35,145.0,172.0,Low,Low,Very High,High,L,L,VH,H,L-L-VH-H,3,Group 4
133,0,21.0,31.0,35.0,4.0,16.0,488.0,5.0,6.0,4.0,28.0,18.0,3.0,8.0,102.0,1.0,0.0,1.0,705.0,1859.57,198.0,17.0,452.0,1232.52,152.0,40.0,High,Low,Low,Low,H,L,L,L,H-L-L-L,8,Group 9
135,1,23.0,0.0,0.0,0.0,0.0,0.0,0.0,0.0,0.0,3.0,1.0,1.0,2.0,2.0,0.0,1.0,1.0,29.0,8472.41,2.0,27.0,101.0,5391.09,5.0,96.0,Low,Low,High,Medium,L,L,H,M,L-L-H-M,0,Group 1
136,0,18.0,138.0,135.0,3.0,73.0,432.0,1.0,6.0,3.0,180.0,191.0,4.0,81.0,10298.0,8.0,14.0,4.0,1512.0,2077.18,255.0,113.0,1431.0,3097.69,177.0,218.0,High,High,Very High,High,H,H,VH,H,H-H-VH-H,2,Group 3
137,1,27.0,138.0,135.0,4.0,74.0,237.0,4.0,1.0,2.0,183.0,170.0,4.0,82.0,10248.0,7.0,8.0,2.0,1297.0,1953.12,270.0,85.0,927.0,3257.93,192.0,86.0,High,High,Very High,High,H,H,VH,H,H-H-VH-H,2,Group 3
138,0,12.0,0.0,0.0,0.0,0.0,0.0,0.0,0.0,0.0,0.0,0.0,0.0,0.0,0.0,0.0,0.0,0.0,527.0,1620.11,93.0,134.0,304.0,2081.25,30.0,265.0,Low,Low,Medium,Low,L,L,M,L,L-L-M-L,1,Group 2
139,0,31.0,12.0,22.0,3.0,14.0,1841.0,4.0,2.0,2.0,60.0,61.0,2.0,25.0,275.0,2.0,2.0,1.0,832.0,2512.5,165.0,11.0,236.0,3461.44,81.0,18.0,High,Low,Low,Low,H,L,L,L,H-L-L-L,8,Group 9
140,0,16.0,11.0,10.0,2.0,9.0,4.0,2.0,0.0,1.0,14.0,12.0,2.0,11.0,131.0,5.0,1.0,2.0,1450.0,2483.79,258.0,88.0,548.0,2528.1,114.0,235.0,Low,Low,Very High,Low,L,L,VH,L,L-L-VH-L,0,Group 1
141,0,12.0,33.0,39.0,2.0,17.0,61.0,1.0,0.0,1.0,87.0,85.0,3.0,42.0,6.0,0.0,1.0,1.0,269.0,1667.29,97.0,51.0,271.0,1852.03,64.0,69.0,Low,Low,Very Low,Low,L,L,VL,L,L-L-VL-L,1,Group 2
142,0,14.0,0.0,0.0,0.0,0.0,0.0,0.0,0.0,0.0,0.0,0.0,0.0,0.0,2.0,0.0,1.0,1.0,674.0,1935.635,185.0,49.0,430.0,2194.175,103.0,105.0,Low,Low,Low,Low,L,L,L,L,L-L-L-L,1,Group 2
144,0,16.0,15.0,16.0,2.0,15.0,284.0,3.0,2.0,2.0,34.0,38.0,4.0,13.0,742.0,9.0,7.0,2.0,1021.0,1785.31,241.0,44.0,1162.0,2315.58,162.0,120.0,Low,High,Low,High,L,H,L,H,L-H-L-H,6,Group 7
145,0,2.0,3.0,6.0,1.0,7.0,3425.0,4.0,2.0,1.0,11.0,10.0,1.0,6.0,1032.0,1.0,0.0,1.0,972.0,1386.11,264.0,92.0,336.0,2066.96,94.0,179.0,Low,Low,Very High,Low,L,L,VH,L,L-L-VH-L,0,Group 1
146,1,25.0,21.0,21.0,4.0,23.0,3425.0,2.0,4.0,1.0,48.0,58.0,4.0,37.0,1206.0,2.0,1.0,3.0,652.0,2050.31,144.0,24.0,240.0,2650.0,76.0,43.0,High,High,Low,Low,H,H,L,L,H-H-L-L,7,Group 8
147,0,18.0,5.0,8.0,1.0,3.0,463.0,7.0,2.0,1.0,9.0,10.0,1.0,5.0,253.0,6.0,1.0,1.0,846.0,1320.57,213.0,13.0,378.0,1073.02,82.0,9.0,Low,Low,Low,Low,L,L,L,L,L-L-L-L,1,Group 2
148,0,31.0,0.0,0.0,0.0,0.0,0.0,0.0,0.0,0.0,2.0,0.0,1.0,2.0,0.0,0.0,0.0,0.0,1310.0,2078.47,238.0,57.0,501.0,5368.26,103.0,78.0,Low,Low,Very High,Low,L,L,VH,L,L-L-VH-L,0,Group 1
149,0,0.0,9.0,7.0,1.0,4.0,49.0,0.0,2.0,2.0,54.0,49.0,2.0,26.0,123.0,1.0,2.0,1.0,1636.0,2236.43,324.0,104.0,1178.0,2847.45,252.0,350.0,Low,Low,Very High,High,L,L,VH,H,L-L-VH-H,3,Group 4
150,0,2.0,0.0,0.0,0.0,0.0,0.0,0.0,0.0,0.0,0.0,0.0,0.0,0.0,0.0,0.0,0.0,0.0,75.0,3192.0,0.0,75.0,207.0,2528.99,10.0,197.0,Low,Low,Medium,Low,L,L,M,L,L-L-M-L,1,Group 2
151,1,30.0,8.0,8.0,1.0,2.0,28.0,1.0,1.0,2.0,39.0,43.0,2.0,17.0,0.0,0.0,0.0,0.0,1547.0,1689.85,306.0,77.0,699.0,3537.77,132.0,88.0,Low,Low,Very High,Low,L,L,VH,L,L-L-VH-L,0,Group 1
152,0,14.0,26.0,24.0,2.0,13.0,411.0,11.0,8.0,1.0,39.0,41.0,2.0,19.0,38.0,2.0,1.0,2.0,1169.0,2354.06,264.0,66.0,871.0,2217.11,203.0,149.0,High,Low,Very High,High,H,L,VH,H,H-L-VH-H,5,Group 6
153,0,4.0,1.0,1.0,1.0,1.0,72.0,0.0,2.0,1.0,6.0,6.0,1.0,3.0,10.0,2.0,0.0,1.0,654.0,1059.17,185.0,97.0,401.0,1676.56,76.0,264.0,Low,Low,Medium,Low,L,L,M,L,L-L-M-L,1,Group 2
154,1,24.0,0.0,0.0,0.0,0.0,0.0,0.0,0.0,0.0,14.0,12.0,1.0,10.0,0.0,0.0,0.0,0.0,1043.0,1867.88,280.0,39.0,770.0,2046.23,239.0,62.0,Low,Low,Very High,High,L,L,VH,H,L-L-VH-H,3,Group 4
155,0,15.0,6.0,8.0,2.0,5.0,0.0,0.0,0.0,0.0,6.0,7.0,2.0,5.0,3.0,1.0,0.0,1.0,1141.0,2177.56,248.0,139.0,598.0,1677.09,92.0,358.0,Low,Low,Very High,High,L,L,VH,H,L-L-VH-H,3,Group 4
156,0,8.0,0.0,0.0,0.0,0.0,0.0,0.0,0.0,0.0,0.0,0.0,0.0,0.0,0.0,0.0,0.0,0.0,697.0,2549.78,180.0,75.0,592.0,4201.01,143.0,58.0,Low,Low,Medium,Low,L,L,M,L,L-L-M-L,1,Group 2
157,1,23.0,10.0,10.0,3.0,5.0,116.0,4.0,0.0,2.0,14.0,13.0,3.0,9.0,0.0,0.0,0.0,0.0,1210.0,2172.64,285.0,82.0,633.0,2864.93,155.0,174.0,Low,Low,Very High,High,L,L,VH,H,L-L-VH-H,3,Group 4
158,1,39.0,12.0,11.0,2.0,8.0,575.0,2.0,5.0,3.0,9.0,13.0,2.0,7.0,561.0,4.0,2.0,2.0,1239.0,2083.05,279.0,57.0,813.0,2996.68,241.0,117.0,Low,Low,Very High,High,L,L,VH,H,L-L-VH-H,3,Group 4
160,0,4.0,0.0,0.0,0.0,0.0,0.0,0.0,0.0,0.0,0.0,0.0,0.0,0.0,0.0,0.0,0.0,0.0,244.0,1401.64,32.0,117.0,823.0,1399.03,30.0,260.0,Low,Low,Medium,Low,L,L,M,L,L-L-M-L,1,Group 2
161,0,10.0,1.0,0.0,1.0,1.0,60.0,0.0,1.0,1.0,1.0,11.0,1.0,3.0,0.0,0.0,0.0,0.0,47.0,714.89,18.0,17.0,148.0,3881.76,40.0,40.0,Low,Low,Very Low,Low,L,L,VL,L,L-L-VL-L,1,Group 2
162,1,30.0,0.0,0.0,0.0,0.0,0.0,0.0,0.0,0.0,0.0,1.0,1.0,1.0,0.0,0.0,0.0,0.0,674.0,1935.635,185.0,49.0,430.0,2194.175,103.0,105.0,Low,Low,Low,Low,L,L,L,L,L-L-L-L,1,Group 2
163,0,12.0,18.0,25.0,5.0,15.0,25.0,0.0,1.0,1.0,16.0,20.0,4.0,19.0,0.0,0.0,0.0,0.0,802.0,2942.77,256.0,42.0,589.0,2283.87,180.0,89.0,Low,Low,Low,High,L,L,L,H,L-L-L-H,4,Group 5
164,1,8.0,96.0,81.0,3.0,40.0,11.0,1.0,0.0,1.0,50.0,34.0,4.0,27.0,0.0,0.0,0.0,0.0,877.0,2138.31,238.0,28.0,535.0,1994.02,175.0,56.0,High,Low,Low,Low,H,L,L,L,H-L-L-L,8,Group 9
165,1,10.0,2.0,1.0,2.0,3.0,18.0,0.0,1.0,1.0,3.0,4.0,1.0,4.0,47.0,1.0,1.0,1.0,433.0,1670.44,182.0,9.0,374.0,2827.54,68.0,40.0,Low,Low,Low,Low,L,L,L,L,L-L-L-L,1,Group 2
167,0,7.0,0.0,0.0,0.0,0.0,0.0,0.0,0.0,0.0,3.0,3.0,1.0,1.0,26.0,1.0,3.0,1.0,1218.0,1857.88,237.0,60.0,610.0,1504.92,160.0,50.0,Low,Low,Very High,Low,L,L,VH,L,L-L-VH-L,0,Group 1
168,0,6.0,0.0,0.0,0.0,0.0,0.0,0.0,0.0,0.0,0.0,0.0,0.0,0.0,0.0,0.0,0.0,0.0,910.0,1445.27,203.0,0.0,283.0,1097.17,148.0,4.0,Low,Low,Low,Low,L,L,L,L,L-L-L-L,1,Group 2
169,0,14.0,0.0,0.0,0.0,0.0,218.0,4.0,2.0,2.0,6.0,6.0,1.0,3.0,785.0,6.0,0.0,1.0,531.0,3044.07,189.0,42.0,112.0,9168.75,30.0,55.0,Low,Low,Low,Medium,L,L,L,M,L-L-L-M,1,Group 2
170,0,0.0,16.0,18.0,2.0,7.0,0.0,0.0,0.0,0.0,16.0,16.0,3.0,7.0,0.0,0.0,0.0,0.0,1067.0,1731.12,211.0,21.0,614.0,2263.68,159.0,95.0,Low,Low,Low,Low,L,L,L,L,L-L-L-L,1,Group 2
171,0,32.0,17.0,15.0,2.0,13.0,329.0,4.0,1.0,2.0,17.0,17.0,2.0,12.0,19.0,1.0,0.0,1.0,382.0,1671.2,172.0,20.0,270.0,967.78,103.0,79.0,Low,Low,Low,Low,L,L,L,L,L-L-L-L,1,Group 2
172,0,7.0,34.0,40.0,1.0,14.0,982.0,4.0,7.0,2.0,67.0,80.0,3.0,37.0,1698.0,2.0,5.0,3.0,1168.0,2042.21,192.0,75.0,719.0,2251.04,218.0,130.0,High,High,Very High,High,H,H,VH,H,H-H-VH-H,2,Group 3
173,0,32.0,4.0,2.0,2.0,3.0,600.0,4.0,4.0,3.0,11.0,12.0,2.0,9.0,799.0,2.0,6.0,4.0,945.0,2165.08,261.0,68.0,697.0,2590.67,201.0,156.0,Low,Low,Very High,High,L,L,VH,H,L-L-VH-H,3,Group 4
174,1,23.0,0.0,3.0,1.0,1.0,339.0,0.0,3.0,2.0,12.0,21.0,4.0,12.0,20.0,1.0,0.0,1.0,960.0,2861.56,122.0,90.0,365.0,2552.88,62.0,244.0,Low,Low,Medium,Low,L,L,M,L,L-L-M-L,1,Group 2
176,1,63.0,379.0,324.0,5.0,99.0,376.0,3.0,3.0,2.0,728.0,640.0,11.0,202.0,1743.0,6.0,9.0,4.0,1463.0,1746.07,337.0,98.0,1979.0,2107.88,246.0,186.0,High,High,Very High,High,H,H,VH,H,H-H-VH-H,2,Group 3
177,1,20.0,4.0,3.0,1.0,1.0,21.0,1.0,0.0,1.0,16.0,13.0,2.0,5.0,13.0,1.0,0.0,1.0,1419.0,2694.29,304.0,59.0,858.0,2710.84,151.0,160.0,Low,Low,Very High,High,L,L,VH,H,L-L-VH-H,3,Group 4
178,0,25.0,24.0,30.0,4.0,16.0,87.0,2.0,2.0,3.0,35.0,24.0,4.0,18.0,527.0,0.0,2.0,2.0,922.0,1915.51,206.0,16.0,454.0,2045.15,134.0,82.0,High,Low,Low,Low,H,L,L,L,H-L-L-L,8,Group 9
179,0,9.0,39.0,40.0,3.0,24.0,258.0,3.0,3.0,4.0,40.0,38.0,4.0,27.0,19.0,1.0,0.0,1.0,799.0,1607.76,288.0,99.0,1063.0,2397.74,263.0,148.0,High,Low,Very High,High,H,L,VH,H,H-L-VH-H,5,Group 6
180,0,19.0,1.0,3.0,2.0,3.0,98.0,0.0,3.0,1.0,20.0,18.0,1.0,4.0,352.0,0.0,5.0,3.0,1109.0,1990.98,206.0,57.0,1457.0,1902.75,305.0,162.0,Low,Low,Low,High,L,L,L,H,L-L-L-H,4,Group 5
181,0,24.0,0.0,0.0,0.0,0.0,0.0,0.0,0.0,0.0,0.0,0.0,0.0,0.0,0.0,0.0,0.0,0.0,610.0,2201.8,242.0,34.0,682.0,3225.66,210.0,70.0,Low,Low,Low,High,L,L,L,H,L-L-L-H,4,Group 5
182,0,18.0,0.0,0.0,0.0,0.0,0.0,0.0,0.0,0.0,1.0,0.0,1.0,1.0,0.0,0.0,0.0,0.0,860.0,2368.6,246.0,15.0,286.0,6162.59,93.0,46.0,Low,Low,Low,Medium,L,L,L,M,L-L-L-M,1,Group 2
183,1,22.0,4.0,2.0,2.0,5.0,7.0,1.0,2.0,2.0,1.0,1.0,1.0,2.0,0.0,0.0,0.0,0.0,1107.0,1913.55,312.0,79.0,771.0,3567.7,215.0,115.0,Low,Low,Very High,High,L,L,VH,H,L-L-VH-H,3,Group 4
184,0,6.0,0.0,0.0,0.0,0.0,0.0,0.0,0.0,0.0,0.0,0.0,0.0,0.0,0.0,0.0,0.0,0.0,21.0,1914.29,0.0,21.0,63.0,1990.48,1.0,60.0,Low,Low,Very Low,Low,L,L,VL,L,L-L-VL-L,1,Group 2
185,0,10.0,0.0,3.0,2.0,3.0,645.0,9.0,11.0,3.0,0.0,0.0,0.0,0.0,59.0,1.0,1.0,2.0,829.0,1966.47,266.0,107.0,367.0,1911.99,67.0,251.0,High,Low,Very High,Low,H,L,VH,L,H-L-VH-L,5,Group 6
186,0,62.0,2.0,3.0,1.0,1.0,99.0,1.0,1.0,1.0,4.0,6.0,2.0,5.0,45.0,1.0,2.0,2.0,403.0,1295.29,129.0,36.0,641.0,1256.16,148.0,137.0,Low,Low,Very Low,High,L,L,VL,H,L-L-VL-H,4,Group 5
187,1,12.0,4.0,5.0,1.0,7.0,0.0,0.0,0.0,0.0,2.0,1.0,1.0,1.0,0.0,0.0,0.0,0.0,309.0,2496.12,102.0,48.0,319.0,3025.39,89.0,114.0,Low,Low,Very Low,Low,L,L,VL,L,L-L-VL-L,1,Group 2
188,0,17.0,2.0,3.0,1.0,2.0,53.0,0.0,1.0,1.0,12.0,15.0,1.0,3.0,17.0,0.0,1.0,1.0,728.0,2171.29,225.0,63.0,952.0,2422.37,192.0,109.0,Low,Low,Low,High,L,L,L,H,L-L-L-H,4,Group 5
189,1,16.0,0.0,0.0,0.0,0.0,0.0,0.0,0.0,0.0,0.0,0.0,0.0,0.0,0.0,0.0,0.0,0.0,688.0,2119.19,201.0,28.0,287.0,2563.07,78.0,52.0,Low,Low,Low,Low,L,L,L,L,L-L-L-L,1,Group 2
190,0,53.0,10.0,8.0,3.0,5.0,402.0,7.0,4.0,5.0,6.0,7.0,4.0,8.0,131.0,3.0,3.0,5.0,1084.0,1905.44,326.0,61.0,1653.0,1553.9,258.0,104.0,High,High,Very High,High,H,H,VH,H,H-H-VH-H,2,Group 3
191,0,9.0,0.0,0.0,0.0,0.0,0.0,0.0,0.0,0.0,1.0,1.0,1.0,1.0,23.0,0.0,1.0,1.0,674.0,1967.36,219.0,86.0,806.0,2337.1,259.0,88.0,Low,Low,Medium,High,L,L,M,H,L-L-M-H,4,Group 5
192,0,20.0,19.0,13.0,2.0,12.0,41.0,0.0,1.0,1.0,15.0,16.0,2.0,10.0,0.0,0.0,0.0,0.0,635.0,1853.86,230.0,74.0,819.0,1167.03,245.0,65.0,Low,Low,Low,High,L,L,L,H,L-L-L-H,4,Group 5
193,0,25.0,47.0,43.0,3.0,22.0,63.0,0.0,2.0,2.0,33.0,30.0,2.0,22.0,0.0,0.0,0.0,0.0,804.0,2158.58,316.0,54.0,284.0,4136.62,98.0,71.0,High,Low,Very High,Low,H,L,VH,L,H-L-VH-L,5,Group 6
194,0,18.0,21.0,26.0,2.0,15.0,70.0,2.0,0.0,1.0,44.0,51.0,3.0,25.0,39.0,0.0,1.0,1.0,480.0,1982.5,184.0,87.0,598.0,3878.43,160.0,108.0,Low,Low,Medium,Low,L,L,M,L,L-L-M-L,1,Group 2
195,1,19.0,11.0,13.0,1.0,6.0,70.0,0.0,2.0,1.0,1.0,3.0,1.0,2.0,0.0,0.0,0.0,0.0,1380.0,2842.61,305.0,73.0,594.0,2643.43,105.0,109.0,Low,Low,Very High,Low,L,L,VH,L,L-L-VH-L,0,Group 1
196,1,16.0,0.0,0.0,0.0,0.0,0.0,0.0,0.0,0.0,0.0,0.0,0.0,0.0,0.0,0.0,0.0,0.0,1091.0,2566.36,225.0,44.0,482.0,4874.69,117.0,50.0,Low,Low,Low,Low,L,L,L,L,L-L-L-L,1,Group 2
197,1,0.0,6.0,5.0,2.0,4.0,191.0,1.0,2.0,1.0,15.0,14.0,2.0,11.0,306.0,3.0,2.0,1.0,1256.0,2346.5,111.0,112.0,577.0,1871.23,126.0,317.0,Low,Low,Medium,High,L,L,M,H,L-L-M-H,4,Group 5
198,0,9.0,0.0,0.0,0.0,0.0,0.0,0.0,0.0,0.0,0.0,0.0,0.0,0.0,0.0,0.0,0.0,0.0,1044.0,3139.66,210.0,35.0,508.0,2499.21,104.0,132.0,Low,Low,Low,Low,L,L,L,L,L-L-L-L,1,Group 2
199,0,9.0,2.0,2.0,1.0,2.0,28.0,0.0,1.0,1.0,0.0,0.0,0.0,0.0,0.0,0.0,0.0,0.0,742.0,1440.97,207.0,88.0,135.0,2253.33,22.0,111.0,Low,Low,Medium,Low,L,L,M,L,L-L-M-L,1,Group 2
200,0,32.0,3.0,5.0,2.0,4.0,100.0,0.0,1.0,1.0,17.0,12.0,2.0,7.0,4.0,2.0,0.0,1.0,605.0,1491.57,209.0,81.0,404.0,2571.53,83.0,177.0,Low,Low,Medium,Low,L,L,M,L,L-L-M-L,1,Group 2
201,0,21.0,0.0,0.0,0.0,0.0,0.0,0.0,0.0,0.0,13.0,12.0,1.0,6.0,10.0,1.0,1.0,1.0,1407.0,1795.74,322.0,64.0,459.0,3003.27,158.0,75.0,Low,Low,Very High,Low,L,L,VH,L,L-L-VH-L,0,Group 1
203,0,7.0,9.0,12.0,1.0,6.0,41.0,1.0,0.0,1.0,16.0,14.0,1.0,9.0,0.0,0.0,0.0,0.0,817.0,2185.19,236.0,57.0,202.0,1584.65,102.0,58.0,Low,Low,Low,Low,L,L,L,L,L-L-L-L,1,Group 2
204,0,10.0,0.0,0.0,0.0,0.0,54.0,1.0,0.0,1.0,5.0,5.0,1.0,4.0,48.0,0.0,1.0,1.0,360.0,2780.83,142.0,54.0,283.0,2405.3,66.0,154.0,Low,Low,Low,Low,L,L,L,L,L-L-L-L,1,Group 2
205,0,15.0,3.0,4.0,1.0,2.0,0.0,0.0,0.0,0.0,0.0,0.0,0.0,0.0,0.0,0.0,0.0,0.0,922.0,2173.21,250.0,107.0,616.0,1875.49,178.0,142.0,Low,Low,Very High,High,L,L,VH,H,L-L-VH-H,3,Group 4
206,0,6.0,0.0,0.0,0.0,0.0,295.0,1.0,5.0,1.0,0.0,0.0,0.0,0.0,0.0,0.0,0.0,0.0,589.0,1894.23,197.0,64.0,541.0,3181.33,82.0,124.0,Low,Low,Low,Low,L,L,L,L,L-L-L-L,1,Group 2
207,0,28.0,5.0,6.0,2.0,5.0,253.0,9.0,5.0,3.0,7.0,5.0,2.0,5.0,269.0,7.0,4.0,3.0,2061.0,1773.36,341.0,77.0,1064.0,1373.12,223.0,189.0,High,Low,Very High,High,H,L,VH,H,H-L-VH-H,5,Group 6
208,0,33.0,16.0,18.0,5.0,15.0,710.0,4.0,9.0,5.0,18.0,28.0,5.0,16.0,557.0,3.0,14.0,5.0,1345.0,2054.5,343.0,91.0,497.0,6479.88,107.0,164.0,High,High,Very High,Medium,H,H,VH,M,H-H-VH-M,2,Group 3
209,0,9.0,0.0,0.0,0.0,0.0,0.0,0.0,0.0,0.0,0.0,0.0,0.0,0.0,0.0,0.0,0.0,0.0,728.0,2029.95,163.0,81.0,650.0,2241.69,133.0,217.0,Low,Low,Medium,High,L,L,M,H,L-L-M-H,4,Group 5
210,0,9.0,2.0,4.0,1.0,2.0,574.0,2.0,14.0,3.0,1.0,7.0,2.0,5.0,38.0,1.0,0.0,1.0,607.0,2287.81,138.0,67.0,586.0,2000.17,31.0,116.0,Low,Low,Medium,Low,L,L,M,L,L-L-M-L,1,Group 2
211,1,20.0,3.0,4.0,3.0,4.0,0.0,0.0,0.0,0.0,2.0,3.0,1.0,1.0,9.0,1.0,0.0,1.0,670.0,1663.43,187.0,16.0,314.0,2101.91,103.0,31.0,Low,Low,Low,Low,L,L,L,L,L-L-L-L,1,Group 2
212,0,13.0,10.0,9.0,1.0,3.0,90.0,1.0,2.0,1.0,3.0,2.0,1.0,2.0,47.0,1.0,1.0,1.0,230.0,1450.43,111.0,20.0,200.0,1099.5,17.0,53.0,Low,Low,Very Low,Low,L,L,VL,L,L-L-VL-L,1,Group 2
213,0,12.0,10.0,6.0,1.0,2.0,0.0,0.0,0.0,0.0,14.0,14.0,1.0,5.0,0.0,0.0,0.0,0.0,211.0,1811.37,82.0,7.0,93.0,2864.52,24.0,19.0,Low,Low,Very Low,Low,L,L,VL,L,L-L-VL-L,1,Group 2
214,0,6.0,0.0,0.0,0.0,0.0,157.0,4.0,1.0,1.0,9.0,10.0,1.0,7.0,0.0,0.0,0.0,0.0,402.0,1655.22,107.0,122.0,258.0,1156.98,34.0,212.0,Low,Low,Medium,Low,L,L,M,L,L-L-M-L,1,Group 2
215,0,8.0,1.0,2.0,2.0,2.0,17.0,0.0,1.0,1.0,0.0,1.0,1.0,1.0,0.0,0.0,0.0,0.0,1473.0,1828.51,319.0,45.0,1324.0,1613.29,202.0,132.0,Low,Low,Very High,High,L,L,VH,H,L-L-VH-H,3,Group 4
216,0,7.0,0.0,0.0,0.0,0.0,0.0,0.0,0.0,0.0,0.0,0.0,0.0,0.0,0.0,0.0,0.0,0.0,796.0,1599.12,187.0,112.0,656.0,1610.67,139.0,186.0,Low,Low,Medium,High,L,L,M,H,L-L-M-H,4,Group 5
217,1,45.0,15.0,18.0,6.0,10.0,0.0,0.0,0.0,0.0,11.0,14.0,3.0,5.0,74.0,1.0,2.0,3.0,443.0,2613.32,153.0,83.0,586.0,1547.1,145.0,121.0,Low,Low,Medium,Low,L,L,M,L,L-L-M-L,1,Group 2
218,1,23.0,109.0,87.0,3.0,39.0,1031.0,2.0,3.0,1.0,128.0,119.0,3.0,49.0,338.0,3.0,3.0,2.0,729.0,2007.82,191.0,7.0,152.0,6684.87,51.0,5.0,High,High,Low,Medium,H,H,L,M,H-H-L-M,7,Group 8
219,0,60.0,0.0,0.0,0.0,0.0,0.0,0.0,0.0,0.0,0.0,1.0,1.0,1.0,0.0,0.0,0.0,0.0,124.0,2080.65,64.0,12.0,35.0,2468.57,14.0,18.0,Low,Low,Very Low,Low,L,L,VL,L,L-L-VL-L,1,Group 2
220,0,17.0,8.0,9.0,2.0,5.0,365.0,5.0,1.0,5.0,2.0,4.0,3.0,3.0,111.0,1.0,1.0,1.0,656.0,1195.88,192.0,9.0,1032.0,2341.86,186.0,60.0,Low,Low,Low,High,L,L,L,H,L-L-L-H,4,Group 5
221,0,66.0,13.0,30.0,7.0,19.0,649.0,10.0,11.0,5.0,41.0,44.0,10.0,31.0,1565.0,25.0,4.0,17.0,1077.0,1741.23,258.0,60.0,1428.0,2332.77,194.0,68.0,High,High,Very High,High,H,H,VH,H,H-H-VH-H,2,Group 3
222,0,9.0,0.0,0.0,0.0,0.0,250.0,3.0,1.0,1.0,2.0,2.0,1.0,1.0,88.0,1.0,0.0,1.0,1670.0,1855.33,225.0,49.0,754.0,2448.14,124.0,169.0,Low,Low,Very High,High,L,L,VH,H,L-L-VH-H,3,Group 4
223,0,5.0,0.0,0.0,0.0,0.0,0.0,0.0,0.0,0.0,0.0,0.0,0.0,0.0,0.0,0.0,0.0,0.0,535.0,2648.97,177.0,56.0,435.0,5691.72,50.0,172.0,Low,Low,Low,Low,L,L,L,L,L-L-L-L,1,Group 2
224,0,4.0,2.0,0.0,1.0,1.0,0.0,0.0,0.0,0.0,8.0,6.0,1.0,2.0,30.0,0.0,2.0,1.0,487.0,2616.84,135.0,27.0,612.0,4168.63,138.0,90.0,Low,Low,Low,Low,L,L,L,L,L-L-L-L,1,Group 2
225,1,11.0,6.0,15.0,5.0,10.0,1546.0,11.0,3.0,5.0,39.0,40.0,5.0,28.0,813.0,4.0,9.0,3.0,1188.0,2456.82,161.0,70.0,357.0,1919.33,83.0,197.0,High,High,Very High,Low,H,H,VH,L,H-H-VH-L,7,Group 8
226,0,28.0,0.0,0.0,0.0,0.0,0.0,0.0,0.0,0.0,0.0,0.0,0.0,0.0,0.0,0.0,0.0,0.0,235.0,1318.72,93.0,2.0,128.0,1368.75,72.0,10.0,Low,Low,Very Low,Low,L,L,VL,L,L-L-VL-L,1,Group 2
227,0,19.0,12.0,4.0,4.0,8.0,102.0,1.0,1.0,2.0,22.0,14.0,4.0,12.0,0.0,0.0,0.0,0.0,1121.0,1941.03,112.0,44.0,253.0,2384.58,43.0,172.0,Low,Low,Low,Low,L,L,L,L,L-L-L-L,1,Group 2
228,0,14.0,0.0,0.0,0.0,0.0,29.0,0.0,1.0,1.0,0.0,0.0,0.0,0.0,0.0,0.0,0.0,0.0,862.0,2064.85,252.0,69.0,422.0,2155.45,133.0,133.0,Low,Low,Very High,Low,L,L,VH,L,L-L-VH-L,0,Group 1
229,0,13.0,6.0,4.0,2.0,4.0,0.0,0.0,0.0,0.0,4.0,4.0,1.0,2.0,0.0,0.0,0.0,0.0,717.0,2237.66,187.0,44.0,703.0,2182.36,131.0,134.0,Low,Low,Low,High,L,L,L,H,L-L-L-H,4,Group 5
230,0,5.0,0.0,0.0,0.0,0.0,0.0,0.0,0.0,0.0,0.0,0.0,0.0,0.0,0.0,0.0,0.0,0.0,801.0,1756.93,153.0,57.0,348.0,2193.97,120.0,92.0,Low,Low,Low,Low,L,L,L,L,L-L-L-L,1,Group 2
231,0,8.0,0.0,0.0,0.0,0.0,0.0,0.0,0.0,0.0,0.0,0.0,0.0,0.0,0.0,0.0,0.0,0.0,801.0,1754.31,190.0,47.0,809.0,1642.4,236.0,144.0,Low,Low,Low,High,L,L,L,H,L-L-L-H,4,Group 5
232,0,1.0,0.0,0.0,0.0,0.0,0.0,0.0,0.0,0.0,4.0,4.0,1.0,3.0,0.0,0.0,0.0,0.0,718.0,2871.31,184.0,46.0,188.0,7432.98,38.0,107.0,Low,Low,Low,Medium,L,L,L,M,L-L-L-M,1,Group 2
233,0,14.0,0.0,1.0,1.0,1.0,0.0,0.0,0.0,0.0,0.0,0.0,0.0,0.0,0.0,0.0,0.0,0.0,383.0,2634.2,106.0,73.0,185.0,1540.54,5.0,179.0,Low,Low,Medium,Low,L,L,M,L,L-L-M-L,1,Group 2
234,0,11.0,4.0,4.0,1.0,2.0,0.0,0.0,0.0,0.0,0.0,0.0,0.0,0.0,0.0,0.0,0.0,0.0,243.0,1961.73,75.0,40.0,128.0,3103.12,16.0,106.0,Low,Low,Very Low,Low,L,L,VL,L,L-L-VL-L,1,Group 2
235,1,24.0,12.0,11.0,4.0,11.0,181.0,2.0,2.0,2.0,25.0,29.0,4.0,12.0,454.0,3.0,2.0,2.0,1562.0,2184.51,359.0,74.0,1450.0,2513.59,251.0,121.0,Low,Low,Very High,High,L,L,VH,H,L-L-VH-H,3,Group 4
236,0,34.0,0.0,0.0,0.0,0.0,7.0,1.0,0.0,2.0,10.0,4.0,3.0,4.0,0.0,0.0,0.0,0.0,249.0,1754.22,123.0,30.0,640.0,2418.75,180.0,43.0,Low,Low,Very Low,High,L,L,VL,H,L-L-VL-H,4,Group 5
237,0,10.0,24.0,31.0,2.0,10.0,262.0,0.0,5.0,2.0,89.0,106.0,2.0,33.0,351.0,3.0,6.0,1.0,895.0,2895.08,269.0,101.0,726.0,2477.27,152.0,278.0,Low,Low,Very High,High,L,L,VH,H,L-L-VH-H,3,Group 4
238,0,16.0,0.0,0.0,0.0,0.0,0.0,0.0,0.0,0.0,4.0,3.0,1.0,2.0,0.0,0.0,0.0,0.0,1598.0,1714.39,332.0,77.0,410.0,1999.76,144.0,145.0,Low,Low,Very High,Low,L,L,VH,L,L-L-VH-L,0,Group 1
239,1,17.0,2.0,1.0,1.0,2.0,17.0,1.0,0.0,1.0,0.0,0.0,0.0,0.0,0.0,0.0,0.0,0.0,1160.0,1748.28,297.0,123.0,920.0,2061.52,186.0,331.0,Low,Low,Very High,High,L,L,VH,H,L-L-VH-H,3,Group 4
240,0,15.0,4.0,7.0,1.0,2.0,25.0,1.0,0.0,1.0,1.0,0.0,1.0,1.0,0.0,0.0,0.0,0.0,411.0,3280.29,136.0,27.0,382.0,8456.54,82.0,35.0,Low,Low,Low,Medium,L,L,L,M,L-L-L-M,1,Group 2
241,0,11.0,0.0,0.0,0.0,0.0,0.0,0.0,0.0,0.0,0.0,0.0,0.0,0.0,0.0,0.0,0.0,0.0,69.0,1278.26,26.0,5.0,88.0,1114.77,47.0,7.0,Low,Low,Very Low,Low,L,L,VL,L,L-L-VL-L,1,Group 2
242,0,15.0,20.0,14.0,2.0,11.0,48.0,0.0,1.0,1.0,53.0,47.0,2.0,22.0,158.0,3.0,2.0,1.0,788.0,2152.16,232.0,79.0,750.0,2414.0,159.0,337.0,Low,Low,Low,High,L,L,L,H,L-L-L-H,4,Group 5
243,0,16.0,4.0,3.0,1.0,1.0,1218.0,6.0,2.0,3.0,13.0,7.0,2.0,7.0,14.0,2.0,0.0,2.0,1473.0,2311.41,268.0,63.0,1106.0,1901.72,223.0,132.0,Low,Low,Very High,High,L,L,VH,H,L-L-VH-H,3,Group 4
244,0,15.0,1.0,2.0,1.0,1.0,93.0,2.0,1.0,2.0,6.0,7.0,3.0,3.0,95.0,2.0,0.0,2.0,1525.0,1743.34,329.0,36.0,642.0,2330.84,197.0,184.0,Low,Low,Very High,High,L,L,VH,H,L-L-VH-H,3,Group 4
246,0,9.0,0.0,0.0,0.0,0.0,53.0,1.0,0.0,1.0,15.0,12.0,1.0,3.0,0.0,0.0,0.0,0.0,705.0,2682.55,171.0,51.0,577.0,2373.48,91.0,209.0,Low,Low,Low,Low,L,L,L,L,L-L-L-L,1,Group 2
247,1,3.0,0.0,0.0,0.0,0.0,0.0,0.0,0.0,0.0,0.0,0.0,0.0,0.0,0.0,0.0,0.0,0.0,688.0,1870.2,172.0,98.0,246.0,3917.07,51.0,151.0,Low,Low,Medium,Low,L,L,M,L,L-L-M-L,1,Group 2
248,0,8.0,0.0,0.0,0.0,0.0,46.0,0.0,1.0,1.0,0.0,0.0,0.0,0.0,5.0,0.0,1.0,1.0,805.0,1671.8,109.0,31.0,193.0,1559.07,68.0,77.0,Low,Low,Low,Low,L,L,L,L,L-L-L-L,1,Group 2
249,0,23.0,9.0,13.0,1.0,7.0,0.0,0.0,0.0,0.0,3.0,1.0,1.0,2.0,0.0,0.0,0.0,0.0,752.0,3086.97,180.0,43.0,704.0,5007.1,98.0,111.0,Low,Low,Low,Low,L,L,L,L,L-L-L-L,1,Group 2
250,0,4.0,17.0,16.0,2.0,12.0,198.0,4.0,2.0,1.0,19.0,24.0,2.0,16.0,84.0,6.0,3.0,2.0,939.0,1342.81,342.0,129.0,946.0,1218.08,200.0,184.0,Low,Low,Very High,High,L,L,VH,H,L-L-VH-H,3,Group 4
251,0,5.0,0.0,0.0,0.0,0.0,0.0,0.0,0.0,0.0,0.0,0.0,0.0,0.0,0.0,0.0,0.0,0.0,729.0,1587.24,94.0,48.0,190.0,1102.11,14.0,176.0,Low,Low,Low,Low,L,L,L,L,L-L-L-L,1,Group 2
252,0,7.0,1.0,1.0,1.0,1.0,338.0,2.0,1.0,2.0,0.0,0.0,0.0,0.0,28.0,1.0,0.0,1.0,498.0,2068.07,165.0,89.0,165.0,2994.55,25.0,125.0,Low,Low,Medium,Low,L,L,M,L,L-L-M-L,1,Group 2
253,0,5.0,1.0,1.0,1.0,1.0,55.0,0.0,1.0,1.0,10.0,16.0,2.0,9.0,0.0,0.0,0.0,0.0,458.0,1760.04,185.0,40.0,133.0,3378.95,55.0,50.0,Low,Low,Low,Low,L,L,L,L,L-L-L-L,1,Group 2
254,0,21.0,3.0,2.0,3.0,4.0,196.0,9.0,4.0,4.0,16.0,12.0,3.0,10.0,54.0,6.0,4.0,3.0,1684.0,2076.66,322.0,73.0,1012.0,1637.85,238.0,292.0,High,Low,Very High,High,H,L,VH,H,H-L-VH-H,5,Group 6
256,0,13.0,6.0,6.0,2.0,4.0,0.0,0.0,0.0,0.0,0.0,1.0,1.0,1.0,190.0,3.0,1.0,3.0,257.0,2179.38,84.0,24.0,240.0,2262.5,78.0,42.0,Low,Low,Very Low,Low,L,L,VL,L,L-L-VL-L,1,Group 2
258,0,10.0,1.0,0.0,1.0,1.0,317.0,4.0,0.0,1.0,0.0,0.0,0.0,0.0,188.0,0.0,4.0,1.0,314.0,1171.34,122.0,5.0,256.0,1196.48,125.0,22.0,Low,Low,Very Low,Low,L,L,VL,L,L-L-VL-L,1,Group 2
259,0,14.0,4.0,3.0,1.0,1.0,2.0,1.0,0.0,1.0,3.0,2.0,1.0,1.0,30.0,0.0,1.0,1.0,598.0,1529.6,174.0,10.0,753.0,1482.47,153.0,57.0,Low,Low,Low,High,L,L,L,H,L-L-L-H,4,Group 5
260,1,17.0,0.0,1.0,1.0,1.0,90.0,1.0,1.0,1.0,8.0,9.0,1.0,6.0,558.0,2.0,5.0,1.0,1128.0,2124.2,289.0,75.0,483.0,3545.96,46.0,306.0,Low,Low,Very High,Low,L,L,VH,L,L-L-VH-L,0,Group 1
261,0,11.0,0.0,0.0,0.0,0.0,5.0,0.0,1.0,1.0,0.0,0.0,0.0,0.0,0.0,0.0,0.0,0.0,587.0,1692.16,155.0,61.0,343.0,2094.75,44.0,204.0,Low,Low,Low,Low,L,L,L,L,L-L-L-L,1,Group 2
262,1,34.0,5.0,3.0,2.0,4.0,169.0,6.0,0.0,2.0,2.0,0.0,2.0,1.0,498.0,6.0,1.0,6.0,778.0,1536.63,217.0,56.0,1562.0,2964.28,213.0,112.0,Low,High,Low,High,L,H,L,H,L-H-L-H,6,Group 7
263,1,71.0,9.0,4.0,2.0,6.0,1347.0,19.0,5.0,10.0,11.0,7.0,4.0,7.0,603.0,11.0,1.0,9.0,617.0,1344.41,244.0,66.0,1929.0,2160.96,297.0,55.0,High,High,Low,High,H,H,L,H,H-H-L-H,2,Group 3
264,0,2.0,0.0,0.0,0.0,0.0,0.0,0.0,0.0,0.0,0.0,0.0,0.0,0.0,0.0,0.0,0.0,0.0,1088.0,2133.36,296.0,44.0,384.0,2468.75,144.0,72.0,Low,Low,Very High,Low,L,L,VH,L,L-L-VH-L,0,Group 1
265,1,11.0,7.0,5.0,2.0,6.0,99.0,0.0,2.0,1.0,0.0,1.0,1.0,1.0,75.0,0.0,2.0,2.0,456.0,2330.92,139.0,91.0,654.0,2538.99,160.0,209.0,Low,Low,Medium,High,L,L,M,H,L-L-M-H,4,Group 5
266,0,23.0,13.0,16.0,4.0,13.0,934.0,6.0,11.0,3.0,40.0,39.0,3.0,15.0,626.0,4.0,7.0,3.0,471.0,1881.53,127.0,52.0,722.0,2313.99,118.0,98.0,High,High,Low,Low,H,H,L,L,H-H-L-L,7,Group 8
267,0,27.0,4.0,5.0,2.0,6.0,610.0,8.0,3.0,2.0,6.0,11.0,5.0,11.0,649.0,5.0,4.0,3.0,1545.0,1431.26,299.0,96.0,794.0,1719.14,172.0,187.0,Low,High,Very High,High,L,H,VH,H,L-H-VH-H,6,Group 7
268,0,44.0,36.0,33.0,3.0,26.0,1080.0,8.0,8.0,5.0,43.0,56.0,8.0,41.0,1999.0,10.0,12.0,4.0,978.0,1660.12,307.0,64.0,969.0,2591.95,211.0,141.0,High,High,Very High,High,H,H,VH,H,H-H-VH-H,2,Group 3
269,0,20.0,5.0,6.0,3.0,6.0,771.0,4.0,6.0,4.0,13.0,13.0,6.0,12.0,220.0,3.0,1.0,1.0,948.0,1596.2,205.0,26.0,515.0,3221.36,102.0,48.0,High,Low,Low,Low,H,L,L,L,H-L-L-L,8,Group 9
271,0,0.0,18.0,20.0,1.0,11.0,63.0,1.0,1.0,1.0,15.0,16.0,1.0,12.0,73.0,1.0,0.0,1.0,431.0,2090.26,144.0,35.0,360.0,1523.33,127.0,66.0,Low,Low,Low,Low,L,L,L,L,L-L-L-L,1,Group 2
272,0,33.0,12.0,12.0,4.0,7.0,353.0,6.0,3.0,1.0,25.0,32.0,5.0,11.0,435.0,6.0,2.0,2.0,1200.0,1861.5,294.0,30.0,830.0,2147.35,208.0,53.0,Low,High,Very High,High,L,H,VH,H,L-H-VH-H,6,Group 7
273,0,14.0,4.0,1.0,2.0,3.0,142.0,4.0,4.0,2.0,12.0,9.0,2.0,9.0,307.0,2.0,1.0,2.0,903.0,1752.49,203.0,29.0,622.0,1811.09,142.0,62.0,Low,Low,Low,Low,L,L,L,L,L-L-L-L,1,Group 2
274,1,22.0,61.0,57.0,3.0,40.0,0.0,0.0,0.0,1.0,204.0,206.0,2.0,116.0,144.0,3.0,2.0,3.0,1680.0,1826.61,243.0,65.0,507.0,2911.24,92.0,289.0,High,High,Very High,Low,H,H,VH,L,H-H-VH-L,7,Group 8
275,1,15.0,0.0,0.0,0.0,0.0,0.0,0.0,0.0,0.0,5.0,4.0,1.0,4.0,0.0,0.0,0.0,0.0,601.0,2385.52,225.0,98.0,256.0,2029.69,33.0,215.0,Low,Low,Medium,Low,L,L,M,L,L-L-M-L,1,Group 2
276,0,15.0,3.0,5.0,1.0,5.0,0.0,0.0,0.0,0.0,9.0,15.0,2.0,9.0,0.0,0.0,0.0,0.0,961.0,1898.02,269.0,24.0,692.0,2996.97,113.0,31.0,Low,Low,Low,Low,L,L,L,L,L-L-L-L,1,Group 2
277,1,15.0,0.0,0.0,0.0,0.0,0.0,0.0,0.0,0.0,0.0,0.0,0.0,0.0,0.0,0.0,0.0,0.0,287.0,3724.39,76.0,15.0,122.0,2033.61,48.0,59.0,Low,Low,Very Low,Low,L,L,VL,L,L-L-VL-L,1,Group 2
278,0,0.0,45.0,43.0,2.0,24.0,405.0,11.0,7.0,2.0,122.0,106.0,2.0,54.0,248.0,13.0,9.0,3.0,1087.0,2183.07,296.0,41.0,713.0,2232.12,211.0,87.0,High,High,Very High,High,H,H,VH,H,H-H-VH-H,2,Group 3
279,0,11.0,415.0,433.0,1.0,62.0,228.0,2.0,1.0,1.0,1033.0,979.0,1.0,92.0,2350.0,1.0,2.0,1.0,1161.0,1599.48,266.0,98.0,670.0,2238.36,170.0,239.0,High,High,Very High,High,H,H,VH,H,H-H-VH-H,2,Group 3
280,0,51.0,0.0,0.0,0.0,0.0,95.0,1.0,2.0,2.0,23.0,26.0,5.0,13.0,1207.0,5.0,4.0,4.0,1015.0,1613.5,306.0,62.0,1103.0,1881.87,232.0,114.0,Low,High,Very High,High,L,H,VH,H,L-H-VH-H,6,Group 7
281,1,9.0,0.0,0.0,0.0,0.0,0.0,0.0,0.0,0.0,0.0,0.0,0.0,0.0,0.0,0.0,0.0,0.0,941.0,1945.06,193.0,41.0,631.0,1284.63,117.0,116.0,Low,Low,Low,Low,L,L,L,L,L-L-L-L,1,Group 2
282,0,18.0,0.0,0.0,0.0,0.0,31.0,2.0,3.0,1.0,4.0,7.0,3.0,6.0,0.0,0.0,0.0,0.0,1833.0,2156.79,225.0,36.0,523.0,1447.23,141.0,108.0,Low,Low,Very High,Low,L,L,VH,L,L-L-VH-L,0,Group 1
283,0,15.0,5.0,5.0,2.0,5.0,463.0,1.0,2.0,3.0,7.0,7.0,2.0,3.0,47.0,0.0,2.0,2.0,1497.0,1799.8,331.0,39.0,1301.0,1948.27,290.0,129.0,Low,Low,Very High,High,L,L,VH,H,L-L-VH-H,3,Group 4
284,1,12.0,2.0,1.0,1.0,2.0,0.0,0.0,0.0,0.0,0.0,0.0,0.0,0.0,0.0,0.0,0.0,0.0,558.0,1312.37,187.0,30.0,288.0,1404.17,86.0,78.0,Low,Low,Low,Low,L,L,L,L,L-L-L-L,1,Group 2
285,0,14.0,0.0,0.0,0.0,0.0,0.0,0.0,0.0,0.0,2.0,2.0,1.0,2.0,31.0,0.0,2.0,1.0,723.0,2736.51,242.0,62.0,366.0,3529.51,66.0,167.0,Low,Low,Low,Low,L,L,L,L,L-L-L-L,1,Group 2
286,0,12.0,0.0,0.0,0.0,0.0,0.0,0.0,0.0,0.0,6.0,6.0,1.0,3.0,0.0,0.0,0.0,0.0,743.0,1377.25,206.0,99.0,1120.0,3075.54,162.0,140.0,Low,Low,Medium,High,L,L,M,H,L-L-M-H,4,Group 5
287,0,11.0,0.0,0.0,0.0,0.0,0.0,0.0,0.0,0.0,0.0,0.0,0.0,0.0,0.0,0.0,0.0,0.0,1364.0,1967.82,236.0,133.0,1043.0,2393.38,132.0,388.0,Low,Low,Very High,High,L,L,VH,H,L-L-VH-H,3,Group 4
288,0,29.0,49.0,50.0,4.0,31.0,426.0,0.0,11.0,3.0,107.0,111.0,3.0,27.0,4062.0,4.0,7.0,5.0,562.0,3330.43,168.0,20.0,250.0,4219.2,89.0,84.0,High,High,Low,Low,H,H,L,L,H-H-L-L,7,Group 8
289,0,2.0,93.0,79.0,2.0,33.0,3771.0,54.0,26.0,2.0,73.0,63.0,2.0,34.0,2769.0,28.0,14.0,2.0,728.0,2085.58,214.0,97.0,1344.0,1880.58,179.0,292.0,High,High,Medium,High,H,H,M,H,H-H-M-H,2,Group 3
290,0,17.0,0.0,0.0,0.0,0.0,76.0,1.0,0.0,1.0,14.0,15.0,2.0,7.0,0.0,0.0,0.0,0.0,798.0,1776.69,168.0,13.0,406.0,1846.55,144.0,17.0,Low,Low,Low,Low,L,L,L,L,L-L-L-L,1,Group 2
291,1,24.0,2.0,2.0,1.0,3.0,0.0,0.0,0.0,0.0,33.0,36.0,5.0,18.0,19.0,0.0,1.0,2.0,1000.0,2125.8,203.0,37.0,450.0,2296.67,158.0,30.0,Low,Low,Low,Low,L,L,L,L,L-L-L-L,1,Group 2
292,0,7.0,1.0,0.0,1.0,1.0,28.0,1.0,0.0,1.0,6.0,1.0,2.0,7.0,0.0,0.0,0.0,0.0,1277.0,2299.22,268.0,36.0,578.0,2008.65,155.0,27.0,Low,Low,Very High,Low,L,L,VH,L,L-L-VH-L,0,Group 1
293,1,11.0,0.0,0.0,0.0,0.0,0.0,0.0,0.0,0.0,0.0,0.0,0.0,0.0,0.0,0.0,0.0,0.0,183.0,2683.61,66.0,77.0,287.0,2794.08,73.0,167.0,Low,Low,Medium,Low,L,L,M,L,L-L-M-L,1,Group 2
294,0,37.0,23.0,17.0,2.0,11.0,76.0,1.0,2.0,2.0,56.0,42.0,2.0,23.0,0.0,0.0,0.0,0.0,536.0,1807.28,202.0,45.0,1017.0,1872.86,241.0,124.0,Low,Low,Low,High,L,L,L,H,L-L-L-H,4,Group 5
295,0,15.0,0.0,0.0,0.0,0.0,35.0,0.0,1.0,1.0,0.0,0.0,0.0,0.0,50.0,0.0,2.0,2.0,575.0,1456.7,168.0,105.0,648.0,2087.96,127.0,201.0,Low,Low,Medium,High,L,L,M,H,L-L-M-H,4,Group 5
296,1,12.0,59.0,75.0,1.0,17.0,0.0,0.0,0.0,0.0,290.0,440.0,1.0,26.0,0.0,0.0,0.0,0.0,512.0,1467.19,155.0,19.0,299.0,1936.45,122.0,14.0,Low,Low,Low,Low,L,L,L,L,L-L-L-L,1,Group 2
297,0,18.0,8.0,5.0,1.0,7.0,270.0,8.0,6.0,2.0,5.0,3.0,1.0,6.0,155.0,4.0,1.0,1.0,698.0,1505.16,228.0,106.0,786.0,1922.9,190.0,212.0,Low,Low,Medium,High,L,L,M,H,L-L-M-H,4,Group 5
298,1,2.0,0.0,0.0,0.0,0.0,0.0,0.0,0.0,0.0,0.0,0.0,0.0,0.0,0.0,0.0,0.0,0.0,317.0,1430.91,138.0,92.0,268.0,1833.58,56.0,172.0,Low,Low,Medium,Low,L,L,M,L,L-L-M-L,1,Group 2
299,0,21.0,111.0,103.0,5.0,33.0,287.0,5.0,1.0,2.0,224.0,220.0,4.0,62.0,1029.0,7.0,5.0,3.0,819.0,2077.66,252.0,9.0,511.0,1397.85,155.0,18.0,High,High,Low,Low,H,H,L,L,H-H-L-L,7,Group 8
300,1,65.0,38.0,41.0,4.0,26.0,716.0,9.0,10.0,3.0,63.0,48.0,4.0,37.0,1493.0,18.0,5.0,2.0,599.0,2362.94,154.0,41.0,711.0,3083.12,142.0,76.0,High,High,Low,Low,H,H,L,L,H-H-L-L,7,Group 8
301,0,35.0,36.0,32.0,4.0,19.0,924.0,16.0,15.0,4.0,40.0,47.0,4.0,32.0,1892.0,6.0,28.0,2.0,772.0,2121.76,283.0,48.0,1335.0,2527.42,208.0,70.0,High,High,Low,High,H,H,L,H,H-H-L-H,2,Group 3
302,0,4.0,0.0,0.0,0.0,0.0,0.0,0.0,0.0,0.0,0.0,0.0,0.0,0.0,0.0,0.0,0.0,0.0,881.0,2078.55,178.0,34.0,274.0,5109.85,94.0,74.0,Low,Low,Low,Low,L,L,L,L,L-L-L-L,1,Group 2
303,0,3.0,0.0,0.0,0.0,0.0,0.0,0.0,0.0,0.0,0.0,0.0,0.0,0.0,0.0,0.0,0.0,0.0,457.0,1943.76,112.0,36.0,107.0,2730.84,31.0,67.0,Low,Low,Very Low,Low,L,L,VL,L,L-L-VL-L,1,Group 2
304,0,16.0,75.0,84.0,5.0,38.0,77.0,2.0,2.0,4.0,35.0,43.0,5.0,24.0,0.0,0.0,0.0,0.0,712.0,2174.16,216.0,22.0,500.0,2259.6,145.0,94.0,High,Low,Low,Low,H,L,L,L,H-L-L-L,8,Group 9
306,0,33.0,6.0,5.0,1.0,4.0,0.0,0.0,0.0,0.0,0.0,0.0,0.0,0.0,636.0,0.0,1.0,1.0,1445.0,1977.51,290.0,56.0,838.0,3076.25,117.0,121.0,Low,Low,Very High,High,L,L,VH,H,L-L-VH-H,3,Group 4
307,0,7.0,0.0,0.0,0.0,0.0,0.0,0.0,0.0,0.0,0.0,0.0,0.0,0.0,0.0,0.0,0.0,0.0,494.0,1704.66,117.0,50.0,201.0,1368.66,73.0,84.0,Low,Low,Low,Low,L,L,L,L,L-L-L-L,1,Group 2
308,1,20.0,23.0,13.0,3.0,8.0,516.0,4.0,2.0,2.0,34.0,29.0,2.0,5.0,252.0,0.0,3.0,2.0,1369.0,1886.12,287.0,95.0,870.0,1646.21,238.0,194.0,Low,Low,Very High,High,L,L,VH,H,L-L-VH-H,3,Group 4
309,0,7.0,0.0,0.0,0.0,0.0,0.0,0.0,0.0,0.0,0.0,0.0,0.0,0.0,0.0,0.0,0.0,0.0,1621.0,2231.4,318.0,68.0,558.0,2503.23,113.0,155.0,Low,Low,Very High,Low,L,L,VH,L,L-L-VH-L,0,Group 1
310,0,11.0,19.0,20.0,3.0,14.0,62.0,1.0,5.0,2.0,2.0,3.0,2.0,3.0,56.0,1.0,0.0,1.0,381.0,2000.79,111.0,60.0,574.0,1763.94,137.0,74.0,Low,Low,Medium,Low,L,L,M,L,L-L-M-L,1,Group 2
311,1,22.0,12.0,8.0,2.0,4.0,0.0,0.0,0.0,1.0,2.0,6.0,2.0,3.0,54.0,1.0,0.0,1.0,892.0,2513.0,281.0,39.0,1581.0,2133.21,308.0,113.0,Low,Low,Low,High,L,L,L,H,L-L-L-H,4,Group 5
313,0,9.0,0.0,0.0,0.0,0.0,0.0,0.0,0.0,0.0,0.0,0.0,0.0,0.0,0.0,0.0,0.0,0.0,98.0,1787.76,0.0,98.0,246.0,2782.93,1.0,245.0,Low,Low,Medium,Low,L,L,M,L,L-L-M-L,1,Group 2
314,0,7.0,24.0,23.0,2.0,16.0,128.0,1.0,2.0,1.0,58.0,54.0,2.0,39.0,283.0,4.0,6.0,2.0,557.0,1284.02,175.0,119.0,580.0,1447.24,63.0,432.0,Low,Low,Medium,High,L,L,M,H,L-L-M-H,4,Group 5
315,0,31.0,3.0,3.0,1.0,1.0,0.0,0.0,0.0,0.0,0.0,0.0,0.0,0.0,0.0,0.0,0.0,0.0,689.0,1604.93,168.0,75.0,344.0,1663.08,87.0,182.0,Low,Low,Medium,Low,L,L,M,L,L-L-M-L,1,Group 2
316,0,7.0,0.0,0.0,0.0,0.0,0.0,0.0,0.0,0.0,0.0,0.0,0.0,0.0,0.0,0.0,0.0,0.0,14.0,1371.43,0.0,14.0,30.0,1890.0,0.0,30.0,Low,Low,Very Low,Low,L,L,VL,L,L-L-VL-L,1,Group 2
317,0,15.0,6.0,5.0,1.0,4.0,0.0,0.0,0.0,0.0,3.0,5.0,2.0,3.0,94.0,0.0,1.0,1.0,700.0,1565.14,219.0,31.0,160.0,1361.25,95.0,24.0,Low,Low,Low,Low,L,L,L,L,L-L-L-L,1,Group 2
318,0,5.0,0.0,0.0,0.0,0.0,0.0,0.0,0.0,0.0,0.0,0.0,0.0,0.0,0.0,0.0,0.0,0.0,633.0,2400.47,194.0,74.0,676.0,1802.66,109.0,115.0,Low,Low,Medium,Low,L,L,M,L,L-L-M-L,1,Group 2
319,0,0.0,0.0,0.0,0.0,0.0,0.0,0.0,0.0,0.0,0.0,0.0,0.0,0.0,0.0,0.0,0.0,0.0,466.0,2490.77,106.0,74.0,207.0,2753.62,35.0,157.0,Low,Low,Medium,Low,L,L,M,L,L-L-M-L,1,Group 2
320,1,11.0,0.0,0.0,0.0,0.0,0.0,0.0,0.0,0.0,0.0,0.0,0.0,0.0,0.0,0.0,0.0,0.0,69.0,4060.87,1.0,68.0,73.0,2112.33,0.0,73.0,Low,Low,Very Low,Low,L,L,VL,L,L-L-VL-L,1,Group 2
321,1,0.0,17.0,9.0,2.0,7.0,919.0,2.0,1.0,1.0,7.0,9.0,1.0,7.0,920.0,2.0,1.0,1.0,117.0,7635.9,32.0,51.0,158.0,11067.72,18.0,114.0,Low,Low,High,Medium,L,L,H,M,L-L-H-M,0,Group 1
323,0,25.0,0.0,0.0,0.0,0.0,0.0,0.0,0.0,0.0,3.0,1.0,1.0,2.0,7.0,2.0,0.0,1.0,314.0,1951.91,89.0,36.0,776.0,1500.0,163.0,261.0,Low,Low,Very Low,High,L,L,VL,H,L-L-VL-H,4,Group 5
324,0,72.0,16.0,11.0,5.0,10.0,410.0,4.0,2.0,2.0,32.0,33.0,6.0,24.0,230.0,2.0,11.0,5.0,821.0,1784.29,259.0,50.0,1395.0,1736.77,219.0,90.0,High,High,Low,High,H,H,L,H,H-H-L-H,2,Group 3
325,0,7.0,2.0,6.0,1.0,4.0,82.0,2.0,2.0,2.0,0.0,4.0,2.0,3.0,211.0,1.0,0.0,1.0,1395.0,2132.47,384.0,77.0,1153.0,2384.91,223.0,169.0,Low,Low,Very High,High,L,L,VH,H,L-L-VH-H,3,Group 4
326,1,13.0,4.0,8.0,1.0,3.0,0.0,0.0,0.0,1.0,5.0,2.0,1.0,2.0,54.0,0.0,1.0,1.0,260.0,2246.54,81.0,2.0,267.0,1848.31,121.0,8.0,Low,Low,Very Low,Low,L,L,VL,L,L-L-VL-L,1,Group 2
327,0,9.0,0.0,0.0,0.0,0.0,0.0,0.0,0.0,0.0,1.0,0.0,1.0,1.0,54.0,2.0,0.0,1.0,748.0,2010.56,169.0,25.0,340.0,1615.59,85.0,60.0,Low,Low,Low,Low,L,L,L,L,L-L-L-L,1,Group 2
328,0,7.0,0.0,0.0,0.0,0.0,0.0,0.0,0.0,1.0,0.0,0.0,0.0,0.0,0.0,0.0,0.0,0.0,598.0,1841.14,170.0,91.0,290.0,4844.48,42.0,166.0,Low,Low,Medium,Low,L,L,M,L,L-L-M-L,1,Group 2
329,0,4.0,0.0,0.0,0.0,0.0,0.0,0.0,0.0,0.0,0.0,0.0,0.0,0.0,0.0,0.0,0.0,0.0,64.0,7312.5,8.0,36.0,126.0,8026.19,7.0,59.0,Low,Low,High,Medium,L,L,H,M,L-L-H-M,0,Group 1
330,1,32.0,1.0,3.0,2.0,2.0,52.0,2.0,1.0,2.0,5.0,8.0,2.0,5.0,0.0,0.0,0.0,0.0,1214.0,2188.47,282.0,51.0,551.0,3702.36,91.0,168.0,Low,Low,Very High,Low,L,L,VH,L,L-L-VH-L,0,Group 1
332,0,6.0,3.0,3.0,1.0,1.0,0.0,0.0,0.0,0.0,2.0,1.0,2.0,3.0,0.0,0.0,0.0,0.0,32.0,4303.12,13.0,8.0,12.0,3400.0,1.0,7.0,Low,Low,Very Low,Low,L,L,VL,L,L-L-VL-L,1,Group 2
333,0,21.0,2.0,4.0,1.0,2.0,23.0,1.0,0.0,1.0,0.0,1.0,1.0,1.0,89.0,0.0,2.0,1.0,674.0,1935.635,185.0,49.0,430.0,2194.175,103.0,105.0,Low,Low,Low,Low,L,L,L,L,L-L-L-L,1,Group 2
334,0,15.0,13.0,16.0,1.0,6.0,31.0,1.0,3.0,1.0,7.0,5.0,1.0,2.0,0.0,0.0,0.0,0.0,1290.0,1678.37,222.0,11.0,439.0,1278.59,156.0,31.0,Low,Low,Low,Low,L,L,L,L,L-L-L-L,1,Group 2
335,1,9.0,62.0,62.0,2.0,35.0,405.0,7.0,11.0,1.0,116.0,130.0,2.0,64.0,225.0,8.0,11.0,1.0,551.0,1913.79,191.0,5.0,121.0,6265.29,51.0,23.0,High,High,Low,Medium,H,H,L,M,H-H-L-M,7,Group 8
336,0,21.0,0.0,0.0,0.0,0.0,0.0,0.0,0.0,0.0,1.0,3.0,2.0,2.0,0.0,0.0,0.0,0.0,842.0,3156.77,212.0,65.0,612.0,3162.75,194.0,135.0,Low,Low,Low,High,L,L,L,H,L-L-L-H,4,Group 5
337,0,5.0,1.0,1.0,1.0,2.0,702.0,1.0,3.0,1.0,15.0,14.0,1.0,10.0,421.0,5.0,2.0,1.0,91.0,2821.98,35.0,25.0,25.0,2400.0,1.0,24.0,Low,Low,Very Low,Low,L,L,VL,L,L-L-VL-L,1,Group 2
338,1,12.0,0.0,0.0,0.0,0.0,0.0,0.0,0.0,0.0,0.0,0.0,0.0,0.0,0.0,0.0,0.0,0.0,705.0,2442.13,212.0,58.0,279.0,2970.97,93.0,56.0,Low,Low,Low,Low,L,L,L,L,L-L-L-L,1,Group 2
339,0,19.0,2.0,4.0,2.0,3.0,175.0,3.0,5.0,3.0,22.0,21.0,3.0,10.0,20.0,0.0,1.0,1.0,1107.0,2291.33,304.0,54.0,367.0,4274.39,126.0,98.0,Low,Low,Very High,Low,L,L,VH,L,L-L-VH-L,0,Group 1
340,0,3.0,33.0,34.0,1.0,17.0,1.0,0.0,1.0,1.0,15.0,22.0,1.0,15.0,147.0,0.0,2.0,1.0,152.0,2808.55,48.0,42.0,405.0,2426.67,73.0,120.0,Low,Low,Very Low,Low,L,L,VL,L,L-L-VL-L,1,Group 2
341,0,12.0,8.0,7.0,1.0,3.0,117.0,1.0,3.0,2.0,2.0,1.0,1.0,1.0,69.0,3.0,0.0,2.0,788.0,2356.6,115.0,3.0,254.0,4243.7,79.0,9.0,Low,Low,Low,Low,L,L,L,L,L-L-L-L,1,Group 2
342,1,51.0,13.0,13.0,4.0,14.0,600.0,2.0,7.0,5.0,22.0,21.0,6.0,19.0,91.0,1.0,2.0,3.0,948.0,2101.27,272.0,81.0,651.0,2538.25,122.0,213.0,High,High,Very High,High,H,H,VH,H,H-H-VH-H,2,Group 3
343,0,8.0,0.0,0.0,0.0,0.0,121.0,0.0,5.0,1.0,0.0,0.0,0.0,0.0,0.0,0.0,0.0,0.0,429.0,2265.73,77.0,80.0,801.0,3093.63,44.0,204.0,Low,Low,Medium,Low,L,L,M,L,L-L-M-L,1,Group 2
344,0,24.0,9.0,6.0,2.0,3.0,304.0,1.0,6.0,3.0,11.0,18.0,3.0,7.0,82.0,1.0,3.0,3.0,1275.0,2647.53,263.0,83.0,908.0,2184.91,187.0,221.0,Low,Low,Very High,High,L,L,VH,H,L-L-VH-H,3,Group 4
345,0,14.0,1.0,2.0,1.0,1.0,3.0,1.0,0.0,1.0,0.0,0.0,0.0,0.0,0.0,0.0,0.0,0.0,460.0,2077.83,126.0,68.0,447.0,2500.0,53.0,117.0,Low,Low,Medium,Low,L,L,M,L,L-L-M-L,1,Group 2
346,0,17.0,0.0,0.0,0.0,0.0,0.0,0.0,0.0,0.0,0.0,0.0,0.0,0.0,246.0,1.0,0.0,1.0,64.0,1382.81,0.0,64.0,143.0,3656.64,3.0,140.0,Low,Low,Very Low,Low,L,L,VL,L,L-L-VL-L,1,Group 2
347,0,8.0,0.0,0.0,0.0,0.0,0.0,0.0,0.0,0.0,0.0,0.0,0.0,0.0,0.0,0.0,0.0,0.0,105.0,4808.57,3.0,101.0,127.0,3895.28,2.0,124.0,Low,Low,Medium,Low,L,L,M,L,L-L-M-L,1,Group 2
348,0,18.0,0.0,2.0,1.0,1.0,30.0,0.0,1.0,1.0,3.0,5.0,3.0,5.0,65.0,0.0,1.0,1.0,383.0,2548.83,150.0,17.0,996.0,1793.37,187.0,78.0,Low,Low,Very Low,High,L,L,VL,H,L-L-VL-H,4,Group 5
349,0,5.0,0.0,0.0,0.0,0.0,0.0,0.0,0.0,0.0,0.0,0.0,0.0,0.0,0.0,0.0,0.0,0.0,1008.0,1784.23,223.0,44.0,522.0,1801.72,164.0,54.0,Low,Low,Low,Low,L,L,L,L,L-L-L-L,1,Group 2
350,0,24.0,4.0,5.0,1.0,3.0,0.0,0.0,0.0,0.0,4.0,3.0,1.0,2.0,3.0,0.0,1.0,1.0,939.0,1510.22,234.0,34.0,265.0,1644.91,86.0,44.0,Low,Low,Low,Low,L,L,L,L,L-L-L-L,1,Group 2
351,0,30.0,18.0,9.0,2.0,5.0,29.0,1.0,0.0,1.0,26.0,18.0,5.0,10.0,915.0,9.0,4.0,4.0,486.0,2159.26,134.0,99.0,428.0,4007.24,124.0,150.0,Low,High,Medium,Low,L,H,M,L,L-H-M-L,6,Group 7
352,0,18.0,2.0,2.0,1.0,1.0,53.0,0.0,2.0,1.0,1.0,1.0,1.0,1.0,0.0,0.0,0.0,0.0,552.0,1454.35,161.0,39.0,701.0,1363.05,203.0,177.0,Low,Low,Low,High,L,L,L,H,L-L-L-H,4,Group 5
353,0,12.0,0.0,0.0,0.0,0.0,0.0,0.0,0.0,0.0,0.0,0.0,0.0,0.0,0.0,0.0,0.0,0.0,1135.0,2242.2,308.0,76.0,372.0,2408.06,104.0,140.0,Low,Low,Very High,Low,L,L,VH,L,L-L-VH-L,0,Group 1
354,1,16.0,10.0,14.0,1.0,4.0,342.0,8.0,8.0,1.0,6.0,5.0,1.0,4.0,1057.0,10.0,1.0,1.0,862.0,1879.7,271.0,94.0,387.0,2790.7,95.0,172.0,Low,Low,Very High,Low,L,L,VH,L,L-L-VH-L,0,Group 1
355,1,10.0,6.0,3.0,1.0,2.0,0.0,0.0,0.0,0.0,0.0,2.0,1.0,2.0,58.0,1.0,0.0,1.0,480.0,1672.5,131.0,3.0,286.0,2049.65,83.0,7.0,Low,Low,Very Low,Low,L,L,VL,L,L-L-VL-L,1,Group 2
356,0,19.0,17.0,13.0,2.0,4.0,650.0,16.0,4.0,3.0,5.0,1.0,1.0,3.0,21.0,0.0,1.0,1.0,934.0,2381.37,308.0,103.0,340.0,1611.18,46.0,262.0,High,Low,Very High,Low,H,L,VH,L,H-L-VH-L,5,Group 6
357,1,19.0,27.0,26.0,3.0,19.0,1162.0,0.0,12.0,3.0,92.0,85.0,2.0,17.0,80.0,1.0,2.0,2.0,716.0,1937.01,224.0,53.0,489.0,2622.09,113.0,75.0,High,Low,Low,Low,H,L,L,L,H-L-L-L,8,Group 9
358,1,48.0,12.0,11.0,4.0,12.0,1918.0,1.0,5.0,2.0,35.0,29.0,5.0,19.0,2420.0,8.0,1.0,2.0,994.0,2136.52,265.0,50.0,862.0,1732.13,196.0,223.0,High,High,Very High,High,H,H,VH,H,H-H-VH-H,2,Group 3
359,0,18.0,18.0,13.0,4.0,11.0,347.0,3.0,4.0,2.0,24.0,25.0,3.0,13.0,69.0,1.0,2.0,1.0,1263.0,2160.57,261.0,34.0,1042.0,2630.33,207.0,83.0,Low,Low,Very High,High,L,L,VH,H,L-L-VH-H,3,Group 4
360,0,14.0,1.0,1.0,1.0,1.0,35.0,0.0,1.0,1.0,2.0,3.0,2.0,3.0,331.0,4.0,5.0,2.0,407.0,1496.31,138.0,44.0,635.0,1071.02,178.0,125.0,Low,Low,Low,High,L,L,L,H,L-L-L-H,4,Group 5
361,0,1.0,0.0,1.0,1.0,1.0,0.0,0.0,0.0,0.0,1.0,1.0,1.0,2.0,0.0,0.0,0.0,0.0,544.0,1966.54,132.0,64.0,394.0,2716.75,94.0,160.0,Low,Low,Medium,Low,L,L,M,L,L-L-M-L,1,Group 2
362,0,5.0,2.0,3.0,2.0,3.0,0.0,0.0,0.0,0.0,0.0,0.0,0.0,0.0,0.0,0.0,0.0,0.0,418.0,1276.08,142.0,74.0,315.0,1089.52,63.0,225.0,Low,Low,Medium,Low,L,L,M,L,L-L-M-L,1,Group 2
363,0,10.0,4.0,6.0,2.0,4.0,157.0,0.0,2.0,2.0,9.0,11.0,1.0,5.0,0.0,0.0,0.0,0.0,1332.0,1649.55,279.0,75.0,534.0,2738.2,112.0,158.0,Low,Low,Very High,Low,L,L,VH,L,L-L-VH-L,0,Group 1
364,0,6.0,21.0,19.0,1.0,9.0,2.0,1.0,0.0,1.0,43.0,49.0,3.0,17.0,556.0,9.0,7.0,4.0,697.0,1633.0,177.0,66.0,1171.0,893.34,210.0,218.0,Low,High,Low,High,L,H,L,H,L-H-L-H,6,Group 7
365,1,13.0,0.0,0.0,0.0,0.0,0.0,0.0,0.0,0.0,1.0,2.0,1.0,1.0,0.0,0.0,0.0,0.0,543.0,1645.86,167.0,45.0,306.0,2286.27,50.0,60.0,Low,Low,Low,Low,L,L,L,L,L-L-L-L,1,Group 2
366,0,0.0,1.0,1.0,1.0,1.0,0.0,0.0,0.0,0.0,0.0,0.0,0.0,0.0,0.0,0.0,0.0,0.0,808.0,1337.75,270.0,77.0,1014.0,957.99,196.0,199.0,Low,Low,Very High,High,L,L,VH,H,L-L-VH-H,3,Group 4
367,0,7.0,0.0,1.0,1.0,1.0,53.0,0.0,1.0,1.0,8.0,4.0,3.0,8.0,0.0,0.0,0.0,0.0,466.0,2781.12,133.0,7.0,154.0,2382.47,64.0,14.0,Low,Low,Very Low,Low,L,L,VL,L,L-L-VL-L,1,Group 2
368,1,16.0,9.0,14.0,4.0,10.0,0.0,0.0,0.0,0.0,18.0,18.0,4.0,19.0,0.0,0.0,0.0,0.0,717.0,1907.11,256.0,43.0,780.0,2285.77,190.0,51.0,Low,Low,Low,High,L,L,L,H,L-L-L-H,4,Group 5
369,0,3.0,0.0,0.0,0.0,0.0,0.0,0.0,0.0,0.0,0.0,0.0,0.0,0.0,0.0,0.0,0.0,0.0,301.0,1816.94,116.0,65.0,373.0,2507.77,156.0,94.0,Low,Low,Medium,Low,L,L,M,L,L-L-M-L,1,Group 2
370,0,13.0,9.0,6.0,1.0,3.0,0.0,0.0,0.0,0.0,11.0,7.0,1.0,4.0,0.0,0.0,0.0,0.0,243.0,1467.9,94.0,48.0,673.0,1120.21,148.0,103.0,Low,Low,Very Low,High,L,L,VL,H,L-L-VL-H,4,Group 5
371,1,50.0,22.0,21.0,6.0,19.0,188.0,3.0,1.0,4.0,42.0,48.0,8.0,39.0,98.0,0.0,1.0,1.0,966.0,1898.14,281.0,52.0,994.0,2128.67,223.0,129.0,High,High,Very High,High,H,H,VH,H,H-H-VH-H,2,Group 3
372,0,21.0,21.0,19.0,4.0,15.0,439.0,2.0,4.0,2.0,5.0,5.0,2.0,4.0,95.0,1.0,3.0,3.0,1256.0,1926.35,388.0,47.0,749.0,2870.23,176.0,107.0,High,Low,Very High,High,H,L,VH,H,H-L-VH-H,5,Group 6
373,0,60.0,0.0,0.0,0.0,0.0,278.0,0.0,5.0,2.0,4.0,5.0,2.0,3.0,150.0,0.0,3.0,2.0,1039.0,2527.05,230.0,48.0,1658.0,2018.58,210.0,116.0,Low,Low,Low,High,L,L,L,H,L-L-L-H,4,Group 5
374,0,23.0,6.0,10.0,2.0,9.0,492.0,6.0,10.0,4.0,7.0,11.0,2.0,9.0,191.0,1.0,5.0,2.0,498.0,1895.18,130.0,76.0,795.0,1875.85,196.0,180.0,High,Low,Medium,High,H,L,M,H,H-L-M-H,5,Group 6
375,0,9.0,0.0,0.0,0.0,0.0,0.0,0.0,0.0,0.0,0.0,0.0,0.0,0.0,0.0,0.0,0.0,0.0,568.0,1576.58,208.0,74.0,466.0,3613.52,82.0,99.0,Low,Low,Medium,Low,L,L,M,L,L-L-M-L,1,Group 2
376,0,19.0,57.0,41.0,1.0,12.0,22.0,1.0,0.0,1.0,9.0,9.0,1.0,7.0,0.0,0.0,0.0,0.0,526.0,2577.38,194.0,23.0,504.0,3725.6,136.0,22.0,Low,Low,Low,Low,L,L,L,L,L-L-L-L,1,Group 2
378,0,30.0,1.0,1.0,1.0,2.0,48.0,0.0,6.0,3.0,19.0,17.0,5.0,11.0,244.0,7.0,4.0,3.0,1632.0,2173.9,234.0,77.0,1591.0,1828.1,287.0,258.0,Low,High,Very High,High,L,H,VH,H,L-H-VH-H,6,Group 7
379,0,8.0,30.0,34.0,1.0,5.0,141.0,5.0,2.0,2.0,34.0,27.0,2.0,11.0,46.0,2.0,2.0,1.0,702.0,2089.32,192.0,2.0,158.0,2456.96,74.0,0.0,Low,Low,Low,Low,L,L,L,L,L-L-L-L,1,Group 2
380,0,0.0,2.0,4.0,1.0,3.0,0.0,0.0,0.0,0.0,2.0,2.0,1.0,3.0,776.0,1.0,0.0,1.0,1023.0,1396.48,333.0,71.0,336.0,1839.29,93.0,140.0,Low,Low,Very High,Low,L,L,VH,L,L-L-VH-L,0,Group 1
381,0,27.0,2.0,1.0,1.0,1.0,28.0,1.0,1.0,2.0,0.0,1.0,1.0,1.0,375.0,2.0,0.0,1.0,43.0,3683.72,21.0,14.0,286.0,1947.9,97.0,52.0,Low,Low,Very Low,Low,L,L,VL,L,L-L-VL-L,1,Group 2
382,0,5.0,77.0,92.0,2.0,33.0,1031.0,3.0,2.0,1.0,88.0,103.0,1.0,35.0,300.0,2.0,3.0,1.0,410.0,1980.0,145.0,3.0,162.0,6403.7,55.0,6.0,High,Low,Very Low,Medium,H,L,VL,M,H-L-VL-M,8,Group 9
383,1,8.0,8.0,5.0,3.0,5.0,197.0,0.0,3.0,2.0,9.0,8.0,3.0,7.0,58.0,1.0,2.0,1.0,1426.0,2595.02,303.0,65.0,804.0,3210.82,200.0,213.0,Low,Low,Very High,High,L,L,VH,H,L-L-VH-H,3,Group 4
384,0,4.0,0.0,0.0,0.0,0.0,0.0,0.0,0.0,0.0,0.0,0.0,0.0,0.0,0.0,0.0,0.0,0.0,862.0,1656.26,268.0,116.0,639.0,1546.01,184.0,258.0,Low,Low,Very High,High,L,L,VH,H,L-L-VH-H,3,Group 4
385,0,29.0,0.0,0.0,0.0,0.0,0.0,0.0,0.0,0.0,0.0,0.0,0.0,0.0,0.0,0.0,0.0,0.0,128.0,1403.91,50.0,12.0,131.0,2161.83,52.0,21.0,Low,Low,Very Low,Low,L,L,VL,L,L-L-VL-L,1,Group 2
386,0,8.0,6.0,4.0,2.0,4.0,207.0,2.0,1.0,2.0,8.0,11.0,1.0,5.0,115.0,0.0,3.0,2.0,1486.0,2299.26,285.0,65.0,821.0,2757.73,195.0,306.0,Low,Low,Very High,High,L,L,VH,H,L-L-VH-H,3,Group 4
387,0,11.0,0.0,0.0,0.0,0.0,0.0,0.0,0.0,0.0,0.0,0.0,0.0,0.0,0.0,0.0,0.0,0.0,30.0,1190.0,2.0,28.0,96.0,1500.0,0.0,96.0,Low,Low,Very Low,Low,L,L,VL,L,L-L-VL-L,1,Group 2
388,0,20.0,42.0,42.0,3.0,21.0,204.0,8.0,0.0,3.0,10.0,7.0,3.0,8.0,0.0,0.0,0.0,0.0,1110.0,2438.92,280.0,83.0,425.0,2300.47,134.0,133.0,High,Low,Very High,Low,H,L,VH,L,H-L-VH-L,5,Group 6
389,0,3.0,0.0,0.0,0.0,0.0,0.0,0.0,0.0,0.0,1.0,2.0,1.0,2.0,0.0,0.0,0.0,0.0,594.0,1448.99,232.0,26.0,300.0,1465.0,88.0,134.0,Low,Low,Low,Low,L,L,L,L,L-L-L-L,1,Group 2
390,0,17.0,49.0,44.0,2.0,29.0,488.0,3.0,3.0,1.0,48.0,56.0,2.0,28.0,140.0,0.0,3.0,1.0,632.0,1181.49,224.0,78.0,371.0,2054.72,59.0,101.0,High,Low,Medium,Low,H,L,M,L,H-L-M-L,8,Group 9
391,0,7.0,35.0,39.0,2.0,14.0,0.0,0.0,0.0,0.0,95.0,123.0,2.0,32.0,598.0,1.0,1.0,1.0,379.0,2312.93,124.0,34.0,259.0,4089.96,78.0,46.0,Low,Low,Very Low,Low,L,L,VL,L,L-L-VL-L,1,Group 2
392,0,19.0,0.0,0.0,0.0,0.0,0.0,0.0,0.0,0.0,1.0,3.0,1.0,2.0,7.0,0.0,2.0,1.0,314.0,1344.27,138.0,8.0,131.0,1822.9,33.0,67.0,Low,Low,Very Low,Low,L,L,VL,L,L-L-VL-L,1,Group 2
393,0,26.0,0.0,0.0,0.0,0.0,0.0,0.0,0.0,0.0,0.0,4.0,2.0,2.0,0.0,0.0,0.0,0.0,2.0,300.0,2.0,0.0,10.0,1440.0,1.0,2.0,Low,Low,Very Low,Low,L,L,VL,L,L-L-VL-L,1,Group 2
394,1,15.0,2.0,4.0,2.0,3.0,388.0,8.0,3.0,3.0,5.0,7.0,3.0,6.0,0.0,0.0,0.0,0.0,1542.0,2200.0,311.0,38.0,669.0,2118.83,104.0,70.0,Low,Low,Very High,Low,L,L,VH,L,L-L-VH-L,0,Group 1
395,1,16.0,3.0,2.0,2.0,3.0,6.0,1.0,0.0,1.0,10.0,9.0,2.0,6.0,68.0,0.0,1.0,2.0,740.0,1721.76,184.0,65.0,604.0,2042.88,140.0,199.0,Low,Low,Low,High,L,L,L,H,L-L-L-H,4,Group 5
396,0,17.0,0.0,0.0,0.0,0.0,19.0,1.0,1.0,2.0,1.0,0.0,1.0,1.0,0.0,0.0,0.0,0.0,797.0,2028.86,227.0,12.0,465.0,1454.84,128.0,17.0,Low,Low,Low,Low,L,L,L,L,L-L-L-L,1,Group 2
397,0,6.0,9.0,12.0,2.0,4.0,147.0,5.0,2.0,2.0,8.0,8.0,2.0,7.0,237.0,1.0,3.0,3.0,1006.0,1765.11,212.0,41.0,1258.0,2021.07,244.0,107.0,Low,Low,Low,High,L,L,L,H,L-L-L-H,4,Group 5
398,0,26.0,0.0,0.0,0.0,0.0,0.0,0.0,0.0,0.0,0.0,0.0,0.0,0.0,0.0,0.0,0.0,0.0,18.0,583.33,0.0,18.0,12.0,2925.0,0.0,12.0,Low,Low,Very Low,Low,L,L,VL,L,L-L-VL-L,1,Group 2
399,0,13.0,17.0,17.0,2.0,7.0,0.0,0.0,0.0,1.0,5.0,5.0,1.0,1.0,0.0,0.0,0.0,0.0,1130.0,1897.7,280.0,62.0,725.0,1849.66,222.0,132.0,Low,Low,Very High,High,L,L,VH,H,L-L-VH-H,3,Group 4
400,0,9.0,0.0,0.0,0.0,0.0,0.0,0.0,0.0,0.0,0.0,0.0,0.0,0.0,0.0,0.0,0.0,0.0,442.0,1254.3,184.0,63.0,158.0,1902.53,40.0,94.0,Low,Low,Low,Low,L,L,L,L,L-L-L-L,1,Group 2
401,0,56.0,3.0,9.0,3.0,6.0,786.0,4.0,5.0,4.0,79.0,85.0,9.0,53.0,1896.0,10.0,19.0,10.0,985.0,2491.37,274.0,38.0,1391.0,3161.54,226.0,60.0,High,High,Low,High,H,H,L,H,H-H-L-H,2,Group 3
402,0,22.0,2.0,2.0,1.0,3.0,112.0,3.0,4.0,1.0,2.0,0.0,1.0,1.0,11.0,1.0,0.0,1.0,1098.0,1411.48,211.0,64.0,452.0,1987.17,79.0,189.0,Low,Low,Very High,Low,L,L,VH,L,L-L-VH-L,0,Group 1
403,0,24.0,9.0,7.0,2.0,3.0,247.0,2.0,6.0,2.0,8.0,8.0,3.0,8.0,33.0,1.0,2.0,2.0,1715.0,1761.34,292.0,74.0,1091.0,2490.47,120.0,337.0,Low,Low,Very High,High,L,L,VH,H,L-L-VH-H,3,Group 4
404,1,10.0,0.0,0.0,0.0,0.0,0.0,0.0,0.0,0.0,0.0,0.0,0.0,0.0,0.0,0.0,0.0,0.0,561.0,1537.97,172.0,52.0,294.0,5137.76,79.0,125.0,Low,Low,Low,Low,L,L,L,L,L-L-L-L,1,Group 2
405,1,31.0,38.0,43.0,3.0,17.0,1241.0,22.0,31.0,4.0,38.0,38.0,3.0,20.0,915.0,11.0,10.0,4.0,1195.0,1726.95,275.0,50.0,948.0,2075.63,233.0,139.0,High,High,Very High,High,H,H,VH,H,H-H-VH-H,2,Group 3
406,0,26.0,3.0,1.0,1.0,3.0,83.0,0.0,4.0,2.0,3.0,4.0,1.0,2.0,211.0,1.0,1.0,1.0,453.0,2134.44,168.0,25.0,194.0,2616.49,96.0,19.0,Low,Low,Low,Low,L,L,L,L,L-L-L-L,1,Group 2
407,0,11.0,0.0,0.0,0.0,0.0,0.0,0.0,0.0,0.0,0.0,0.0,0.0,0.0,0.0,0.0,0.0,0.0,1405.0,1954.16,220.0,42.0,146.0,2167.81,44.0,44.0,Low,Low,Very High,Low,L,L,VH,L,L-L-VH-L,0,Group 1
408,0,8.0,1.0,0.0,1.0,1.0,0.0,0.0,0.0,0.0,0.0,0.0,0.0,0.0,0.0,0.0,0.0,0.0,896.0,2051.79,177.0,60.0,297.0,3315.15,70.0,85.0,Low,Low,Low,Low,L,L,L,L,L-L-L-L,1,Group 2
409,0,8.0,6.0,2.0,3.0,4.0,0.0,0.0,0.0,0.0,20.0,21.0,2.0,8.0,0.0,0.0,0.0,0.0,364.0,1840.38,142.0,120.0,413.0,2000.48,94.0,255.0,Low,Low,Medium,Low,L,L,M,L,L-L-M-L,1,Group 2
410,0,10.0,0.0,0.0,0.0,0.0,0.0,0.0,0.0,0.0,0.0,0.0,0.0,0.0,0.0,0.0,0.0,0.0,60.0,2385.0,4.0,56.0,58.0,1805.17,3.0,55.0,Low,Low,Very Low,Low,L,L,VL,L,L-L-VL-L,1,Group 2
411,0,20.0,0.0,0.0,0.0,0.0,0.0,0.0,0.0,0.0,0.0,0.0,0.0,0.0,0.0,0.0,0.0,0.0,334.0,1773.05,132.0,61.0,430.0,1368.84,138.0,85.0,Low,Low,Medium,Low,L,L,M,L,L-L-M-L,1,Group 2
412,0,11.0,0.0,0.0,0.0,0.0,0.0,0.0,0.0,0.0,2.0,2.0,1.0,3.0,23.0,0.0,1.0,1.0,1616.0,2242.2,284.0,56.0,674.0,2558.9,153.0,180.0,Low,Low,Very High,High,L,L,VH,H,L-L-VH-H,3,Group 4
413,0,15.0,8.0,7.0,2.0,2.0,657.0,0.0,5.0,2.0,10.0,15.0,3.0,9.0,30.0,2.0,0.0,2.0,990.0,1861.82,141.0,103.0,432.0,1448.61,72.0,303.0,Low,Low,Medium,Low,L,L,M,L,L-L-M-L,1,Group 2
414,1,10.0,18.0,21.0,2.0,13.0,0.0,0.0,0.0,0.0,16.0,17.0,3.0,15.0,0.0,0.0,0.0,0.0,593.0,2063.07,202.0,11.0,145.0,3053.79,61.0,37.0,Low,Low,Low,Low,L,L,L,L,L-L-L-L,1,Group 2
415,1,31.0,10.0,5.0,3.0,7.0,120.0,2.0,2.0,3.0,31.0,30.0,5.0,9.0,0.0,0.0,0.0,0.0,891.0,2631.99,216.0,84.0,746.0,2828.28,176.0,94.0,Low,Low,Very High,High,L,L,VH,H,L-L-VH-H,3,Group 4
416,1,23.0,0.0,0.0,0.0,0.0,18.0,0.0,1.0,1.0,10.0,8.0,2.0,6.0,51.0,0.0,1.0,1.0,1300.0,2797.85,280.0,77.0,647.0,2581.3,147.0,187.0,Low,Low,Very High,High,L,L,VH,H,L-L-VH-H,3,Group 4
417,0,2.0,0.0,0.0,0.0,0.0,0.0,0.0,0.0,0.0,0.0,0.0,0.0,0.0,0.0,0.0,0.0,0.0,132.0,2711.36,0.0,132.0,358.0,2619.55,3.0,355.0,Low,Low,Medium,Low,L,L,M,L,L-L-M-L,1,Group 2
418,0,0.0,0.0,0.0,0.0,0.0,85.0,0.0,2.0,2.0,2.0,3.0,1.0,1.0,38.0,0.0,1.0,1.0,844.0,1683.41,226.0,7.0,561.0,1425.13,179.0,42.0,Low,Low,Low,Low,L,L,L,L,L-L-L-L,1,Group 2
419,0,9.0,42.0,33.0,2.0,16.0,819.0,8.0,8.0,1.0,50.0,48.0,3.0,15.0,85.0,1.0,1.0,2.0,144.0,8841.67,45.0,28.0,161.0,11670.19,27.0,69.0,High,Low,High,Medium,H,L,H,M,H-L-H-M,5,Group 6
420,0,1.0,14.0,15.0,3.0,10.0,7940.0,13.0,21.0,2.0,5.0,6.0,1.0,2.0,2736.0,7.0,5.0,2.0,135.0,1806.67,52.0,8.0,101.0,938.61,19.0,17.0,High,Low,Very Low,Low,H,L,VL,L,H-L-VL-L,8,Group 9
421,0,22.0,5.0,6.0,2.0,3.0,179.0,2.0,3.0,2.0,11.0,14.0,2.0,7.0,0.0,0.0,0.0,0.0,812.0,1687.32,278.0,42.0,749.0,2009.88,181.0,142.0,Low,Low,Low,High,L,L,L,H,L-L-L-H,4,Group 5
422,0,0.0,6.0,4.0,4.0,6.0,0.0,0.0,0.0,0.0,14.0,10.0,5.0,10.0,155.0,2.0,3.0,2.0,979.0,2230.23,267.0,73.0,640.0,4783.12,181.0,118.0,Low,Low,Very High,High,L,L,VH,H,L-L-VH-H,3,Group 4
423,0,23.0,2.0,3.0,1.0,1.0,0.0,0.0,0.0,0.0,3.0,4.0,2.0,2.0,46.0,4.0,1.0,2.0,1062.0,1975.14,250.0,39.0,790.0,1754.81,234.0,45.0,Low,Low,Low,High,L,L,L,H,L-L-L-H,4,Group 5
424,0,30.0,16.0,12.0,5.0,16.0,1386.0,21.0,6.0,4.0,8.0,10.0,3.0,13.0,2030.0,13.0,9.0,4.0,707.0,2096.61,205.0,42.0,1198.0,2308.6,214.0,160.0,High,High,Low,High,H,H,L,H,H-H-L-H,2,Group 3
425,0,2.0,0.0,0.0,0.0,0.0,0.0,0.0,0.0,0.0,0.0,0.0,0.0,0.0,0.0,0.0,0.0,0.0,999.0,2378.98,213.0,53.0,261.0,3629.89,68.0,143.0,Low,Low,Low,Low,L,L,L,L,L-L-L-L,1,Group 2
426,0,8.0,0.0,0.0,0.0,0.0,0.0,0.0,0.0,0.0,0.0,0.0,0.0,0.0,0.0,0.0,0.0,0.0,133.0,1921.8,11.0,122.0,219.0,1726.03,8.0,210.0,Low,Low,Medium,Low,L,L,M,L,L-L-M-L,1,Group 2
427,0,5.0,6.0,3.0,2.0,5.0,54.0,1.0,2.0,1.0,3.0,4.0,2.0,6.0,211.0,0.0,1.0,1.0,1443.0,1973.39,330.0,35.0,935.0,2454.55,132.0,126.0,Low,Low,Very High,High,L,L,VH,H,L-L-VH-H,3,Group 4
428,0,3.0,0.0,0.0,0.0,0.0,295.0,5.0,1.0,1.0,0.0,0.0,0.0,0.0,0.0,0.0,0.0,0.0,356.0,1627.25,184.0,78.0,421.0,2701.43,131.0,137.0,Low,Low,Medium,Low,L,L,M,L,L-L-M-L,1,Group 2
429,0,8.0,0.0,0.0,0.0,0.0,0.0,0.0,0.0,0.0,0.0,0.0,0.0,0.0,0.0,0.0,0.0,0.0,390.0,2070.77,102.0,52.0,209.0,2608.13,61.0,107.0,Low,Low,Very Low,Low,L,L,VL,L,L-L-VL-L,1,Group 2
430,0,2.0,0.0,0.0,0.0,0.0,157.0,1.0,4.0,1.0,10.0,9.0,1.0,7.0,0.0,0.0,0.0,0.0,398.0,1640.95,121.0,110.0,415.0,1737.83,79.0,313.0,Low,Low,Medium,Low,L,L,M,L,L-L-M-L,1,Group 2
431,0,20.0,0.0,0.0,0.0,0.0,0.0,0.0,0.0,0.0,0.0,0.0,0.0,0.0,0.0,0.0,0.0,0.0,479.0,2441.34,188.0,16.0,73.0,7315.07,30.0,27.0,Low,Low,Low,Medium,L,L,L,M,L-L-L-M,1,Group 2
432,0,18.0,1.0,2.0,1.0,1.0,0.0,0.0,0.0,0.0,0.0,0.0,0.0,0.0,0.0,0.0,0.0,0.0,686.0,1934.26,232.0,36.0,448.0,3591.96,91.0,104.0,Low,Low,Low,Low,L,L,L,L,L-L-L-L,1,Group 2
433,0,2.0,0.0,0.0,0.0,0.0,0.0,0.0,0.0,0.0,0.0,0.0,0.0,0.0,0.0,0.0,0.0,0.0,612.0,1930.88,219.0,65.0,296.0,3345.61,113.0,83.0,Low,Low,Low,Low,L,L,L,L,L-L-L-L,1,Group 2
434,0,1.0,0.0,0.0,0.0,0.0,0.0,0.0,0.0,0.0,0.0,0.0,0.0,0.0,0.0,0.0,0.0,0.0,631.0,2347.23,121.0,69.0,547.0,2754.3,109.0,186.0,Low,Low,Medium,Low,L,L,M,L,L-L-M-L,1,Group 2
435,0,6.0,3.0,3.0,1.0,5.0,78.0,4.0,0.0,1.0,4.0,5.0,1.0,5.0,0.0,0.0,0.0,0.0,942.0,1837.58,152.0,16.0,358.0,2263.41,78.0,80.0,Low,Low,Low,Low,L,L,L,L,L-L-L-L,1,Group 2
436,0,24.0,8.0,6.0,2.0,6.0,94.0,3.0,2.0,3.0,12.0,14.0,3.0,14.0,5865.0,5.0,3.0,1.0,1048.0,2462.12,136.0,48.0,223.0,3516.59,68.0,133.0,Low,High,Low,Low,L,H,L,L,L-H-L-L,6,Group 7
437,0,17.0,6.0,6.0,2.0,8.0,0.0,0.0,0.0,0.0,3.0,2.0,2.0,4.0,0.0,0.0,0.0,0.0,1044.0,1663.51,302.0,102.0,601.0,1214.48,204.0,220.0,Low,Low,Very High,High,L,L,VH,H,L-L-VH-H,3,Group 4
438,0,14.0,6.0,2.0,1.0,3.0,206.0,0.0,2.0,1.0,1.0,2.0,2.0,2.0,0.0,0.0,0.0,0.0,988.0,2552.13,258.0,36.0,623.0,3988.12,188.0,118.0,Low,Low,Low,High,L,L,L,H,L-L-L-H,4,Group 5
439,1,14.0,0.0,0.0,0.0,0.0,0.0,0.0,0.0,0.0,0.0,0.0,0.0,0.0,0.0,0.0,0.0,0.0,1074.0,3291.9,124.0,27.0,169.0,2201.18,77.0,49.0,Low,Low,Low,Low,L,L,L,L,L-L-L-L,1,Group 2
440,0,22.0,1.0,1.0,1.0,1.0,0.0,0.0,0.0,0.0,0.0,0.0,0.0,0.0,84.0,1.0,2.0,1.0,373.0,1568.36,155.0,52.0,261.0,2293.1,48.0,133.0,Low,Low,Low,Low,L,L,L,L,L-L-L-L,1,Group 2
441,0,13.0,4.0,3.0,2.0,4.0,252.0,1.0,1.0,3.0,13.0,17.0,3.0,7.0,346.0,2.0,4.0,3.0,1663.0,1724.23,351.0,76.0,923.0,2513.76,246.0,188.0,Low,Low,Very High,High,L,L,VH,H,L-L-VH-H,3,Group 4
442,0,9.0,8.0,9.0,1.0,3.0,2.0,0.0,1.0,1.0,2.0,2.0,1.0,1.0,0.0,0.0,0.0,0.0,271.0,2465.31,74.0,0.0,4.0,525.0,4.0,0.0,Low,Low,Very Low,Low,L,L,VL,L,L-L-VL-L,1,Group 2
443,1,10.0,0.0,0.0,0.0,0.0,0.0,0.0,0.0,0.0,0.0,0.0,0.0,0.0,0.0,0.0,0.0,0.0,889.0,1758.83,219.0,73.0,501.0,2569.46,88.0,186.0,Low,Low,Low,Low,L,L,L,L,L-L-L-L,1,Group 2
444,0,49.0,4.0,3.0,2.0,5.0,226.0,6.0,4.0,2.0,12.0,20.0,2.0,9.0,2480.0,1.0,5.0,3.0,610.0,1541.8,128.0,6.0,200.0,1506.0,69.0,18.0,Low,High,Very Low,Low,L,H,VL,L,L-H-VL-L,6,Group 7
445,0,8.0,2.0,2.0,1.0,2.0,28.0,1.0,0.0,1.0,3.0,2.0,1.0,1.0,127.0,2.0,0.0,1.0,158.0,1410.76,53.0,64.0,149.0,1961.07,13.0,130.0,Low,Low,Very Low,Low,L,L,VL,L,L-L-VL-L,1,Group 2
446,0,14.0,10.0,11.0,2.0,5.0,2532.0,4.0,7.0,2.0,0.0,1.0,1.0,1.0,357.0,0.0,7.0,2.0,229.0,2204.8,82.0,62.0,308.0,3330.19,49.0,139.0,High,Low,Medium,Low,H,L,M,L,H-L-M-L,8,Group 9
447,0,2.0,0.0,0.0,0.0,0.0,0.0,0.0,0.0,0.0,0.0,0.0,0.0,0.0,0.0,0.0,0.0,0.0,3.0,2000.0,0.0,3.0,2.0,3000.0,0.0,2.0,Low,Low,Very Low,Low,L,L,VL,L,L-L-VL-L,1,Group 2
448,0,23.0,26.0,28.0,4.0,13.0,402.0,5.0,2.0,4.0,90.0,84.0,3.0,41.0,123.0,2.0,1.0,1.0,1467.0,2120.65,376.0,61.0,1216.0,2463.4,102.0,186.0,High,Low,Very High,High,H,L,VH,H,H-L-VH-H,5,Group 6
449,0,12.0,24.0,17.0,2.0,15.0,1549.0,11.0,19.0,1.0,15.0,5.0,1.0,14.0,676.0,13.0,8.0,2.0,1043.0,1667.11,316.0,27.0,620.0,4428.39,170.0,30.0,High,High,Very High,Low,H,H,VH,L,H-H-VH-L,7,Group 8
450,0,7.0,0.0,0.0,0.0,0.0,0.0,0.0,0.0,0.0,0.0,0.0,0.0,0.0,0.0,0.0,0.0,0.0,338.0,2518.05,100.0,22.0,227.0,2818.94,39.0,145.0,Low,Low,Very Low,Low,L,L,VL,L,L-L-VL-L,1,Group 2
451,0,4.0,1.0,1.0,1.0,1.0,0.0,0.0,0.0,0.0,0.0,0.0,0.0,0.0,0.0,0.0,0.0,0.0,333.0,1876.58,92.0,118.0,193.0,1737.82,12.0,180.0,Low,Low,Medium,Low,L,L,M,L,L-L-M-L,1,Group 2
453,0,6.0,1.0,1.0,1.0,1.0,125.0,0.0,2.0,1.0,0.0,0.0,0.0,0.0,0.0,0.0,0.0,0.0,573.0,1883.77,251.0,70.0,333.0,2090.99,100.0,158.0,Low,Low,Low,Low,L,L,L,L,L-L-L-L,1,Group 2
455,0,11.0,0.0,0.0,0.0,0.0,31.0,3.0,2.0,1.0,7.0,3.0,2.0,6.0,10.0,2.0,1.0,2.0,1613.0,2166.03,210.0,45.0,395.0,1642.03,129.0,77.0,Low,Low,Very High,Low,L,L,VH,L,L-L-VH-L,0,Group 1
456,0,3.0,0.0,0.0,0.0,0.0,0.0,0.0,0.0,0.0,0.0,0.0,0.0,0.0,0.0,0.0,0.0,0.0,93.0,3274.19,17.0,42.0,242.0,3096.69,112.0,55.0,Low,Low,Very Low,Low,L,L,VL,L,L-L-VL-L,1,Group 2
457,0,34.0,6.0,4.0,4.0,6.0,14.0,1.0,0.0,1.0,25.0,21.0,7.0,20.0,300.0,2.0,14.0,3.0,243.0,1758.02,80.0,24.0,860.0,1607.79,204.0,117.0,Low,High,Very Low,High,L,H,VL,H,L-H-VL-H,6,Group 7
459,0,2.0,1.0,2.0,2.0,2.0,90.0,1.0,1.0,1.0,13.0,13.0,2.0,12.0,640.0,5.0,4.0,3.0,586.0,1801.54,202.0,42.0,166.0,6831.33,26.0,74.0,Low,Low,Low,Medium,L,L,L,M,L-L-L-M,1,Group 2
460,0,7.0,0.0,0.0,0.0,0.0,0.0,0.0,0.0,0.0,0.0,0.0,0.0,0.0,0.0,0.0,0.0,0.0,153.0,2501.96,48.0,83.0,274.0,2363.87,15.0,259.0,Low,Low,Medium,Low,L,L,M,L,L-L-M-L,1,Group 2
461,0,10.0,0.0,0.0,0.0,0.0,0.0,0.0,0.0,1.0,4.0,5.0,3.0,4.0,179.0,2.0,0.0,2.0,866.0,2154.39,210.0,53.0,1129.0,2341.28,227.0,94.0,Low,Low,Low,High,L,L,L,H,L-L-L-H,4,Group 5
462,0,19.0,0.0,0.0,0.0,0.0,0.0,0.0,0.0,0.0,4.0,4.0,1.0,2.0,0.0,0.0,0.0,0.0,511.0,2004.31,134.0,15.0,417.0,2048.92,103.0,25.0,Low,Low,Very Low,Low,L,L,VL,L,L-L-VL-L,1,Group 2
463,0,5.0,0.0,0.0,0.0,0.0,0.0,0.0,0.0,0.0,0.0,0.0,0.0,0.0,0.0,0.0,0.0,0.0,179.0,2307.82,45.0,112.0,174.0,5334.48,2.0,172.0,Low,Low,Medium,Low,L,L,M,L,L-L-M-L,1,Group 2
464,1,20.0,8.0,7.0,1.0,4.0,72.0,1.0,0.0,1.0,1.0,0.0,1.0,1.0,0.0,0.0,0.0,0.0,53.0,1267.92,19.0,27.0,66.0,1050.0,3.0,59.0,Low,Low,Very Low,Low,L,L,VL,L,L-L-VL-L,1,Group 2
465,0,12.0,38.0,70.0,1.0,37.0,405.0,2.0,10.0,1.0,22.0,39.0,1.0,27.0,317.0,5.0,13.0,2.0,1849.0,2192.81,274.0,43.0,715.0,2329.93,155.0,117.0,High,High,Very High,High,H,H,VH,H,H-H-VH-H,2,Group 3
466,0,34.0,2.0,4.0,3.0,4.0,601.0,8.0,3.0,4.0,11.0,10.0,3.0,9.0,32.0,3.0,0.0,3.0,1420.0,1517.32,191.0,26.0,298.0,2872.15,56.0,77.0,High,Low,Low,Low,H,L,L,L,H-L-L-L,8,Group 9
467,0,14.0,0.0,0.0,0.0,0.0,15.0,1.0,0.0,1.0,0.0,0.0,0.0,0.0,0.0,0.0,0.0,0.0,2428.0,1586.12,324.0,102.0,686.0,1350.87,146.0,300.0,Low,Low,Very High,High,L,L,VH,H,L-L-VH-H,3,Group 4
468,0,4.0,3.0,3.0,2.0,3.0,85.0,5.0,1.0,2.0,4.0,7.0,2.0,7.0,0.0,0.0,0.0,0.0,449.0,1559.47,199.0,85.0,306.0,2333.33,85.0,177.0,Low,Low,Medium,Low,L,L,M,L,L-L-M-L,1,Group 2
469,1,29.0,16.0,17.0,1.0,6.0,0.0,0.0,0.0,1.0,5.0,5.0,1.0,1.0,0.0,0.0,0.0,0.0,830.0,1740.72,237.0,9.0,262.0,1675.19,101.0,37.0,Low,Low,Low,Low,L,L,L,L,L-L-L-L,1,Group 2
470,1,21.0,2.0,3.0,1.0,3.0,920.0,4.0,28.0,5.0,4.0,4.0,1.0,8.0,766.0,1.0,8.0,2.0,791.0,3160.43,233.0,32.0,870.0,1654.14,163.0,140.0,High,Low,Low,High,H,L,L,H,H-L-L-H,8,Group 9
471,1,13.0,0.0,1.0,1.0,1.0,287.0,2.0,4.0,2.0,4.0,5.0,2.0,4.0,88.0,0.0,1.0,1.0,349.0,1578.22,157.0,12.0,286.0,2291.96,94.0,62.0,Low,Low,Very Low,Low,L,L,VL,L,L-L-VL-L,1,Group 2
472,0,72.0,25.0,27.0,4.0,17.0,246.0,4.0,5.0,4.0,58.0,59.0,9.0,34.0,125.0,3.0,2.0,5.0,394.0,1634.77,156.0,43.0,946.0,2093.02,166.0,82.0,High,High,Low,High,H,H,L,H,H-H-L-H,2,Group 3
473,0,8.0,1.0,2.0,1.0,2.0,189.0,0.0,2.0,1.0,3.0,2.0,1.0,3.0,156.0,0.0,3.0,1.0,766.0,1536.81,223.0,2.0,398.0,1436.68,102.0,20.0,Low,Low,Low,Low,L,L,L,L,L-L-L-L,1,Group 2
474,0,23.0,90.0,86.0,7.0,57.0,1025.0,8.0,4.0,4.0,41.0,31.0,5.0,32.0,507.0,7.0,3.0,3.0,826.0,2043.7,216.0,29.0,573.0,1496.86,196.0,23.0,High,High,Low,Low,H,H,L,L,H-H-L-L,7,Group 8
475,0,12.0,22.0,25.0,1.0,12.0,0.0,0.0,0.0,0.0,32.0,38.0,1.0,25.0,0.0,0.0,0.0,0.0,1037.0,1636.55,256.0,70.0,472.0,1113.56,110.0,260.0,Low,Low,Very High,Low,L,L,VH,L,L-L-VH-L,0,Group 1
476,1,27.0,1.0,1.0,1.0,2.0,0.0,0.0,0.0,1.0,7.0,12.0,1.0,4.0,0.0,0.0,0.0,2.0,1730.0,1868.32,244.0,17.0,1279.0,3311.26,232.0,42.0,Low,Low,Very High,High,L,L,VH,H,L-L-VH-H,3,Group 4
477,1,11.0,0.0,0.0,0.0,0.0,0.0,0.0,0.0,0.0,16.0,16.0,1.0,4.0,0.0,0.0,0.0,0.0,119.0,1900.84,59.0,5.0,114.0,2460.53,59.0,36.0,Low,Low,Very Low,Low,L,L,VL,L,L-L-VL-L,1,Group 2
478,0,19.0,0.0,0.0,0.0,0.0,35.0,1.0,1.0,1.0,0.0,0.0,0.0,0.0,0.0,0.0,0.0,0.0,779.0,1675.61,221.0,97.0,353.0,1533.99,32.0,310.0,Low,Low,Medium,Low,L,L,M,L,L-L-M-L,1,Group 2
479,0,18.0,4.0,5.0,1.0,1.0,39.0,0.0,4.0,1.0,0.0,1.0,1.0,1.0,0.0,0.0,0.0,0.0,764.0,1660.21,192.0,0.0,134.0,1961.19,34.0,0.0,Low,Low,Low,Low,L,L,L,L,L-L-L-L,1,Group 2
480,0,13.0,24.0,18.0,2.0,6.0,624.0,4.0,1.0,2.0,37.0,25.0,1.0,15.0,3582.0,6.0,2.0,1.0,632.0,1861.23,212.0,12.0,107.0,1474.77,65.0,19.0,Low,High,Low,Low,L,H,L,L,L-H-L-L,6,Group 7
481,1,0.0,187.0,142.0,3.0,44.0,9.0,0.0,1.0,2.0,610.0,413.0,4.0,51.0,587.0,0.0,2.0,1.0,920.0,2221.63,213.0,43.0,342.0,2075.44,81.0,156.0,High,High,Low,Low,H,H,L,L,H-H-L-L,7,Group 8
482,0,19.0,0.0,0.0,0.0,0.0,0.0,0.0,0.0,0.0,20.0,12.0,2.0,9.0,2293.0,4.0,0.0,1.0,986.0,1283.67,148.0,27.0,258.0,1154.65,61.0,73.0,Low,Low,Low,Low,L,L,L,L,L-L-L-L,1,Group 2
483,0,14.0,0.0,0.0,0.0,0.0,0.0,0.0,0.0,0.0,0.0,0.0,0.0,0.0,133.0,0.0,1.0,1.0,769.0,2684.4,181.0,37.0,478.0,3733.05,118.0,92.0,Low,Low,Low,Low,L,L,L,L,L-L-L-L,1,Group 2
484,1,15.0,9.0,14.0,1.0,5.0,0.0,0.0,0.0,0.0,0.0,0.0,0.0,0.0,0.0,0.0,0.0,0.0,380.0,1733.68,133.0,19.0,199.0,2517.59,66.0,48.0,Low,Low,Very Low,Low,L,L,VL,L,L-L-VL-L,1,Group 2
485,0,101.0,30.0,27.0,4.0,22.0,513.0,9.0,5.0,10.0,90.0,84.0,9.0,42.0,363.0,5.0,1.0,4.0,1037.0,1535.87,254.0,21.0,1128.0,2574.2,231.0,18.0,High,High,Low,High,H,H,L,H,H-H-L-H,2,Group 3
486,1,57.0,2.0,3.0,1.0,1.0,0.0,0.0,0.0,0.0,1.0,1.0,1.0,1.0,0.0,0.0,0.0,1.0,594.0,1310.61,176.0,27.0,505.0,1599.8,136.0,87.0,Low,Low,Low,Low,L,L,L,L,L-L-L-L,1,Group 2
487,0,31.0,0.0,0.0,0.0,0.0,0.0,0.0,0.0,0.0,0.0,0.0,0.0,0.0,0.0,0.0,0.0,0.0,673.0,1631.95,175.0,23.0,126.0,2009.52,30.0,60.0,Low,Low,Low,Low,L,L,L,L,L-L-L-L,1,Group 2
488,0,8.0,5.0,11.0,1.0,5.0,0.0,0.0,0.0,0.0,14.0,18.0,1.0,10.0,0.0,0.0,0.0,0.0,491.0,1716.29,146.0,22.0,694.0,1744.24,137.0,97.0,Low,Low,Low,Low,L,L,L,L,L-L-L-L,1,Group 2
489,0,9.0,3.0,6.0,2.0,3.0,0.0,0.0,0.0,0.0,30.0,21.0,2.0,8.0,170.0,0.0,2.0,1.0,433.0,2097.92,127.0,38.0,624.0,2230.29,150.0,219.0,Low,Low,Low,High,L,L,L,H,L-L-L-H,4,Group 5
490,0,18.0,1.0,1.0,1.0,1.0,36.0,1.0,1.0,1.0,1.0,1.0,1.0,2.0,2.0,1.0,0.0,1.0,423.0,1695.74,133.0,31.0,347.0,1883.86,113.0,75.0,Low,Low,Very Low,Low,L,L,VL,L,L-L-VL-L,1,Group 2
491,0,11.0,8.0,7.0,2.0,6.0,425.0,7.0,2.0,2.0,6.0,8.0,3.0,7.0,599.0,15.0,4.0,4.0,713.0,2758.91,235.0,60.0,350.0,6700.29,87.0,85.0,Low,High,Low,Medium,L,H,L,M,L-H-L-M,6,Group 7
492,0,26.0,38.0,35.0,4.0,16.0,850.0,10.0,10.0,3.0,80.0,68.0,6.0,42.0,1104.0,5.0,8.0,4.0,1027.0,1407.11,247.0,17.0,682.0,2381.52,140.0,37.0,High,High,Low,Low,H,H,L,L,H-H-L-L,7,Group 8
493,0,3.0,0.0,0.0,0.0,0.0,0.0,0.0,0.0,0.0,0.0,0.0,0.0,0.0,0.0,0.0,0.0,0.0,1146.0,2035.6,149.0,48.0,897.0,2896.66,67.0,164.0,Low,Low,Low,Low,L,L,L,L,L-L-L-L,1,Group 2
494,0,14.0,12.0,12.0,3.0,11.0,34.0,1.0,0.0,1.0,14.0,14.0,5.0,13.0,0.0,0.0,0.0,1.0,871.0,2779.22,259.0,41.0,776.0,1865.34,168.0,117.0,Low,Low,Low,High,L,L,L,H,L-L-L-H,4,Group 5
495,0,1.0,9.0,7.0,2.0,8.0,6928.0,18.0,13.0,2.0,8.0,9.0,2.0,4.0,2865.0,5.0,7.0,2.0,157.0,1278.34,71.0,18.0,95.0,3053.68,19.0,74.0,High,High,Very Low,Low,H,H,VL,L,H-H-VL-L,7,Group 8
496,0,13.0,0.0,0.0,0.0,0.0,0.0,0.0,0.0,0.0,0.0,0.0,0.0,0.0,0.0,0.0,0.0,0.0,64.0,1148.44,42.0,0.0,42.0,1021.43,6.0,0.0,Low,Low,Very Low,Low,L,L,VL,L,L-L-VL-L,1,Group 2
497,1,9.0,0.0,0.0,0.0,0.0,0.0,0.0,0.0,0.0,0.0,0.0,0.0,0.0,0.0,0.0,0.0,0.0,244.0,1563.93,66.0,95.0,524.0,1818.32,112.0,291.0,Low,Low,Medium,High,L,L,M,H,L-L-M-H,4,Group 5
498,0,2.0,0.0,0.0,0.0,0.0,0.0,0.0,0.0,0.0,0.0,0.0,0.0,0.0,0.0,0.0,0.0,0.0,414.0,2159.42,122.0,53.0,210.0,2031.43,33.0,167.0,Low,Low,Low,Low,L,L,L,L,L-L-L-L,1,Group 2
499,1,25.0,11.0,10.0,3.0,7.0,140.0,0.0,3.0,1.0,25.0,15.0,4.0,28.0,651.0,6.0,3.0,3.0,698.0,1846.42,169.0,20.0,368.0,2265.49,86.0,102.0,Low,High,Low,Low,L,H,L,L,L-H-L-L,6,Group 7
500,0,2.0,0.0,0.0,0.0,0.0,0.0,0.0,0.0,0.0,1.0,1.0,1.0,1.0,46.0,2.0,1.0,2.0,196.0,2914.29,73.0,62.0,173.0,4295.38,10.0,163.0,Low,Low,Medium,Low,L,L,M,L,L-L-M-L,1,Group 2
501,0,2.0,0.0,0.0,0.0,0.0,0.0,0.0,0.0,0.0,0.0,0.0,0.0,0.0,0.0,0.0,0.0,0.0,554.0,3422.38,121.0,54.0,106.0,5844.34,21.0,81.0,Low,Low,Low,Medium,L,L,L,M,L-L-L-M,1,Group 2
502,0,19.0,0.0,0.0,0.0,0.0,134.0,1.0,1.0,1.0,0.0,0.0,0.0,0.0,20.0,0.0,1.0,1.0,722.0,1849.86,234.0,83.0,362.0,1901.93,61.0,158.0,Low,Low,Medium,Low,L,L,M,L,L-L-M-L,1,Group 2
503,0,49.0,1.0,4.0,3.0,4.0,525.0,0.0,3.0,2.0,14.0,7.0,5.0,7.0,60.0,3.0,0.0,2.0,537.0,2214.53,148.0,22.0,532.0,2314.29,132.0,41.0,Low,Low,Low,Low,L,L,L,L,L-L-L-L,1,Group 2
504,0,12.0,0.0,0.0,0.0,0.0,93.0,2.0,1.0,1.0,0.0,0.0,0.0,0.0,24.0,0.0,1.0,1.0,304.0,1317.43,104.0,58.0,639.0,1370.42,180.0,209.0,Low,Low,Medium,High,L,L,M,H,L-L-M-H,4,Group 5
505,0,25.0,9.0,10.0,2.0,8.0,98.0,3.0,4.0,1.0,14.0,15.0,5.0,10.0,333.0,0.0,2.0,2.0,1517.0,1954.45,268.0,92.0,678.0,1883.63,200.0,286.0,Low,Low,Very High,High,L,L,VH,H,L-L-VH-H,3,Group 4
506,0,16.0,12.0,18.0,2.0,8.0,275.0,1.0,9.0,2.0,5.0,9.0,2.0,4.0,0.0,0.0,0.0,0.0,865.0,2489.83,286.0,33.0,503.0,3209.34,161.0,88.0,Low,Low,Low,Low,L,L,L,L,L-L-L-L,1,Group 2
507,1,19.0,18.0,24.0,2.0,15.0,374.0,7.0,8.0,2.0,16.0,10.0,1.0,17.0,253.0,4.0,2.0,1.0,789.0,2388.21,197.0,15.0,459.0,2347.71,136.0,43.0,High,Low,Low,Low,H,L,L,L,H-L-L-L,8,Group 9
508,0,10.0,0.0,0.0,0.0,0.0,0.0,0.0,0.0,0.0,0.0,0.0,0.0,0.0,30.0,0.0,2.0,1.0,584.0,2356.85,130.0,7.0,545.0,1418.53,177.0,26.0,Low,Low,Low,Low,L,L,L,L,L-L-L-L,1,Group 2
509,0,16.0,0.0,2.0,1.0,2.0,0.0,0.0,0.0,0.0,4.0,3.0,1.0,4.0,0.0,0.0,0.0,0.0,901.0,2768.92,216.0,24.0,308.0,2645.45,86.0,68.0,Low,Low,Low,Low,L,L,L,L,L-L-L-L,1,Group 2
510,0,19.0,0.0,0.0,0.0,0.0,35.0,1.0,1.0,2.0,0.0,0.0,0.0,0.0,16.0,0.0,1.0,1.0,262.0,1870.99,94.0,47.0,149.0,1888.59,20.0,105.0,Low,Low,Very Low,Low,L,L,VL,L,L-L-VL-L,1,Group 2
511,0,0.0,0.0,0.0,0.0,0.0,0.0,0.0,0.0,0.0,0.0,0.0,0.0,0.0,0.0,0.0,0.0,0.0,35.0,780.0,0.0,35.0,74.0,506.76,0.0,74.0,Low,Low,Very Low,Low,L,L,VL,L,L-L-VL-L,1,Group 2
512,1,45.0,108.0,101.0,6.0,31.0,86.0,0.0,4.0,2.0,249.0,229.0,7.0,55.0,974.0,7.0,0.0,3.0,813.0,2004.8,205.0,60.0,1430.0,2121.19,286.0,166.0,High,High,Low,High,H,H,L,H,H-H-L-H,2,Group 3
513,0,9.0,11.0,13.0,2.0,6.0,0.0,0.0,0.0,0.0,1.0,1.0,2.0,2.0,73.0,1.0,1.0,2.0,609.0,1706.4,168.0,5.0,751.0,1440.88,172.0,23.0,Low,Low,Low,High,L,L,L,H,L-L-L-H,4,Group 5
514,0,11.0,0.0,0.0,0.0,0.0,0.0,0.0,0.0,0.0,0.0,0.0,0.0,0.0,15.0,1.0,1.0,1.0,1318.0,1716.01,291.0,35.0,691.0,1363.68,165.0,232.0,Low,Low,Very High,High,L,L,VH,H,L-L-VH-H,3,Group 4
515,0,2.0,0.0,0.0,0.0,0.0,0.0,0.0,0.0,0.0,0.0,0.0,0.0,0.0,0.0,0.0,0.0,0.0,490.0,2319.18,146.0,29.0,219.0,2421.92,70.0,102.0,Low,Low,Low,Low,L,L,L,L,L-L-L-L,1,Group 2
516,0,1.0,0.0,0.0,0.0,0.0,0.0,0.0,0.0,0.0,0.0,0.0,0.0,0.0,0.0,0.0,0.0,0.0,177.0,2003.39,63.0,73.0,298.0,2928.52,5.0,286.0,Low,Low,Medium,Low,L,L,M,L,L-L-M-L,1,Group 2
517,0,6.0,0.0,0.0,0.0,0.0,244.0,1.0,1.0,1.0,0.0,0.0,0.0,0.0,0.0,0.0,0.0,0.0,272.0,1640.07,82.0,64.0,265.0,4025.66,51.0,124.0,Low,Low,Medium,Low,L,L,M,L,L-L-M-L,1,Group 2
518,0,5.0,0.0,0.0,0.0,0.0,0.0,0.0,0.0,0.0,0.0,0.0,0.0,0.0,0.0,0.0,0.0,0.0,789.0,1730.42,185.0,5.0,481.0,1532.43,118.0,38.0,Low,Low,Low,Low,L,L,L,L,L-L-L-L,1,Group 2
519,0,16.0,0.0,2.0,1.0,2.0,0.0,0.0,0.0,0.0,10.0,13.0,3.0,5.0,43.0,1.0,0.0,1.0,905.0,2370.83,227.0,43.0,342.0,1989.47,77.0,130.0,Low,Low,Low,Low,L,L,L,L,L-L-L-L,1,Group 2
520,0,14.0,0.0,0.0,0.0,0.0,0.0,0.0,0.0,0.0,0.0,0.0,0.0,0.0,0.0,0.0,0.0,0.0,1133.0,2547.48,182.0,40.0,386.0,3857.25,59.0,124.0,Low,Low,Low,Low,L,L,L,L,L-L-L-L,1,Group 2
521,1,64.0,23.0,24.0,3.0,19.0,614.0,5.0,2.0,2.0,48.0,42.0,2.0,34.0,1546.0,8.0,11.0,2.0,407.0,2340.29,146.0,0.0,397.0,3617.38,132.0,0.0,High,High,Very Low,Low,H,H,VL,L,H-H-VL-L,7,Group 8
522,0,9.0,0.0,0.0,0.0,0.0,7.0,0.0,2.0,2.0,8.0,7.0,1.0,8.0,6322.0,5.0,5.0,3.0,1711.0,2073.87,227.0,64.0,257.0,1936.58,69.0,153.0,Low,High,Very High,Low,L,H,VH,L,L-H-VH-L,6,Group 7
523,0,11.0,3.0,2.0,1.0,1.0,0.0,0.0,0.0,0.0,0.0,0.0,0.0,0.0,0.0,0.0,0.0,0.0,528.0,2402.84,181.0,41.0,356.0,2194.38,97.0,79.0,Low,Low,Low,Low,L,L,L,L,L-L-L-L,1,Group 2
524,1,51.0,7.0,7.0,2.0,3.0,5.0,1.0,0.0,1.0,18.0,25.0,2.0,8.0,88.0,0.0,2.0,2.0,1097.0,2302.1,261.0,35.0,1053.0,2891.17,170.0,124.0,Low,Low,Low,High,L,L,L,H,L-L-L-H,4,Group 5
525,1,28.0,0.0,0.0,0.0,0.0,0.0,0.0,0.0,0.0,0.0,0.0,0.0,0.0,0.0,0.0,0.0,0.0,891.0,1339.06,274.0,36.0,664.0,2946.69,125.0,66.0,Low,Low,Low,Low,L,L,L,L,L-L-L-L,1,Group 2
526,0,4.0,0.0,3.0,1.0,1.0,0.0,0.0,0.0,1.0,0.0,0.0,0.0,0.0,0.0,0.0,0.0,0.0,125.0,2011.2,63.0,10.0,99.0,3445.45,43.0,24.0,Low,Low,Very Low,Low,L,L,VL,L,L-L-VL-L,1,Group 2
527,0,9.0,15.0,16.0,2.0,12.0,109.0,3.0,0.0,1.0,34.0,29.0,3.0,20.0,271.0,6.0,3.0,2.0,509.0,2272.1,126.0,50.0,263.0,1949.43,15.0,244.0,Low,Low,Low,Low,L,L,L,L,L-L-L-L,1,Group 2
528,1,21.0,2.0,1.0,2.0,2.0,17.0,0.0,1.0,1.0,2.0,3.0,2.0,4.0,0.0,0.0,0.0,0.0,1227.0,2140.59,251.0,55.0,785.0,2280.76,114.0,124.0,Low,Low,Very High,Low,L,L,VH,L,L-L-VH-L,0,Group 1
529,1,13.0,0.0,0.0,0.0,0.0,0.0,0.0,0.0,0.0,0.0,0.0,0.0,0.0,0.0,0.0,0.0,0.0,403.0,1978.66,124.0,82.0,348.0,2823.28,89.0,87.0,Low,Low,Medium,Low,L,L,M,L,L-L-M-L,1,Group 2
530,0,9.0,0.0,0.0,0.0,0.0,0.0,0.0,0.0,0.0,0.0,0.0,0.0,0.0,0.0,0.0,0.0,0.0,1202.0,1650.0,307.0,76.0,255.0,4843.53,14.0,131.0,Low,Low,Very High,Low,L,L,VH,L,L-L-VH-L,0,Group 1
531,0,7.0,24.0,25.0,2.0,16.0,200.0,3.0,4.0,2.0,35.0,31.0,3.0,24.0,75.0,3.0,4.0,2.0,484.0,1758.47,203.0,86.0,886.0,1318.51,192.0,236.0,Low,Low,Medium,High,L,L,M,H,L-L-M-H,4,Group 5
532,0,39.0,2.0,1.0,1.0,1.0,86.0,0.0,1.0,1.0,4.0,3.0,2.0,5.0,0.0,0.0,0.0,0.0,445.0,1392.81,154.0,64.0,1693.0,2045.6,260.0,135.0,Low,Low,Medium,High,L,L,M,H,L-L-M-H,4,Group 5
533,0,11.0,6.0,7.0,1.0,3.0,0.0,0.0,0.0,1.0,2.0,3.0,1.0,1.0,0.0,0.0,0.0,0.0,345.0,1753.04,115.0,108.0,334.0,1252.1,87.0,173.0,Low,Low,Medium,Low,L,L,M,L,L-L-M-L,1,Group 2
534,0,21.0,0.0,0.0,0.0,0.0,0.0,0.0,0.0,0.0,2.0,1.0,1.0,2.0,220.0,4.0,3.0,1.0,693.0,1429.87,212.0,16.0,552.0,1242.93,175.0,75.0,Low,Low,Low,Low,L,L,L,L,L-L-L-L,1,Group 2
535,0,9.0,19.0,13.0,3.0,10.0,20.0,1.0,0.0,1.0,19.0,15.0,2.0,13.0,0.0,0.0,0.0,0.0,678.0,3084.96,211.0,67.0,803.0,2780.32,178.0,141.0,Low,Low,Low,High,L,L,L,H,L-L-L-H,4,Group 5
536,0,6.0,6.0,2.0,1.0,2.0,0.0,0.0,0.0,0.0,3.0,6.0,1.0,4.0,0.0,0.0,0.0,0.0,891.0,1846.46,222.0,40.0,263.0,2503.8,113.0,63.0,Low,Low,Low,Low,L,L,L,L,L-L-L-L,1,Group 2
537,0,18.0,3.0,3.0,2.0,2.0,89.0,4.0,3.0,2.0,7.0,7.0,2.0,5.0,11.0,1.0,0.0,1.0,630.0,1533.33,232.0,76.0,489.0,1615.95,115.0,194.0,Low,Low,Medium,Low,L,L,M,L,L-L-M-L,1,Group 2
538,0,16.0,3.0,6.0,1.0,2.0,0.0,0.0,0.0,0.0,2.0,0.0,1.0,2.0,58.0,0.0,1.0,1.0,848.0,1756.13,229.0,15.0,413.0,2878.69,107.0,53.0,Low,Low,Low,Low,L,L,L,L,L-L-L-L,1,Group 2
539,0,15.0,3.0,0.0,1.0,1.0,0.0,0.0,0.0,1.0,0.0,0.0,0.0,0.0,0.0,0.0,0.0,0.0,775.0,1944.39,238.0,44.0,551.0,1558.26,154.0,68.0,Low,Low,Low,Low,L,L,L,L,L-L-L-L,1,Group 2
540,0,19.0,9.0,8.0,1.0,5.0,0.0,0.0,0.0,0.0,4.0,3.0,1.0,3.0,322.0,1.0,1.0,2.0,312.0,2339.42,112.0,0.0,919.0,1653.75,217.0,0.0,Low,Low,Very Low,High,L,L,VL,H,L-L-VL-H,4,Group 5
541,0,21.0,10.0,17.0,2.0,5.0,53.0,1.0,0.0,1.0,11.0,15.0,3.0,8.0,147.0,2.0,1.0,2.0,742.0,2078.17,180.0,3.0,441.0,3726.53,113.0,7.0,Low,Low,Low,Low,L,L,L,L,L-L-L-L,1,Group 2
543,0,35.0,9.0,8.0,2.0,2.0,107.0,2.0,2.0,2.0,10.0,8.0,3.0,8.0,0.0,0.0,0.0,0.0,1096.0,2269.43,244.0,52.0,776.0,1570.36,179.0,236.0,Low,Low,Very High,High,L,L,VH,H,L-L-VH-H,3,Group 4
544,0,3.0,0.0,0.0,0.0,0.0,0.0,0.0,0.0,0.0,0.0,0.0,0.0,0.0,0.0,0.0,0.0,0.0,576.0,1518.23,187.0,36.0,390.0,3228.46,97.0,78.0,Low,Low,Low,Low,L,L,L,L,L-L-L-L,1,Group 2
545,1,21.0,0.0,3.0,1.0,3.0,34.0,1.0,0.0,1.0,1.0,0.0,1.0,1.0,0.0,0.0,0.0,0.0,1332.0,2866.44,137.0,40.0,292.0,3194.18,95.0,97.0,Low,Low,Low,Low,L,L,L,L,L-L-L-L,1,Group 2
546,1,19.0,15.0,7.0,1.0,10.0,1803.0,2.0,3.0,1.0,61.0,63.0,2.0,26.0,275.0,2.0,2.0,1.0,709.0,1705.22,205.0,33.0,397.0,3569.02,119.0,63.0,Low,Low,Low,Low,L,L,L,L,L-L-L-L,1,Group 2
547,0,9.0,4.0,3.0,1.0,1.0,80.0,0.0,2.0,2.0,0.0,0.0,0.0,0.0,0.0,0.0,0.0,0.0,1492.0,1634.52,261.0,69.0,699.0,1241.2,197.0,161.0,Low,Low,Very High,High,L,L,VH,H,L-L-VH-H,3,Group 4
548,0,2.0,18.0,18.0,2.0,14.0,0.0,0.0,0.0,0.0,31.0,29.0,2.0,19.0,9.0,0.0,2.0,2.0,322.0,1210.25,182.0,0.0,88.0,1142.05,60.0,0.0,Low,Low,Very Low,Low,L,L,VL,L,L-L-VL-L,1,Group 2
549,0,8.0,2.0,5.0,2.0,5.0,249.0,2.0,5.0,2.0,18.0,9.0,3.0,9.0,80.0,0.0,2.0,1.0,593.0,1956.83,158.0,41.0,772.0,2710.88,132.0,73.0,Low,Low,Low,Low,L,L,L,L,L-L-L-L,1,Group 2
550,1,30.0,0.0,1.0,1.0,1.0,0.0,0.0,0.0,0.0,0.0,0.0,0.0,0.0,72.0,0.0,1.0,1.0,528.0,1868.75,159.0,12.0,421.0,1752.97,157.0,35.0,Low,Low,Low,Low,L,L,L,L,L-L-L-L,1,Group 2
551,0,12.0,27.0,14.0,3.0,12.0,91.0,2.0,1.0,3.0,30.0,29.0,4.0,18.0,289.0,7.0,3.0,3.0,501.0,2235.33,112.0,55.0,536.0,2091.6,140.0,140.0,Low,High,Low,Low,L,H,L,L,L-H-L-L,6,Group 7
552,0,15.0,0.0,0.0,0.0,0.0,0.0,0.0,0.0,0.0,5.0,5.0,1.0,5.0,54.0,0.0,2.0,1.0,498.0,2219.88,149.0,0.0,156.0,1700.0,72.0,0.0,Low,Low,Very Low,Low,L,L,VL,L,L-L-VL-L,1,Group 2
553,0,8.0,4.0,5.0,1.0,2.0,0.0,0.0,0.0,0.0,0.0,0.0,0.0,0.0,0.0,0.0,0.0,1.0,1440.0,3303.54,177.0,21.0,357.0,8159.66,96.0,73.0,Low,Low,Low,Medium,L,L,L,M,L-L-L-M,1,Group 2
554,0,3.0,8.0,6.0,1.0,8.0,267.0,2.0,2.0,1.0,3.0,0.0,1.0,3.0,0.0,0.0,0.0,0.0,572.0,1682.52,191.0,10.0,124.0,1920.97,42.0,12.0,Low,Low,Low,Low,L,L,L,L,L-L-L-L,1,Group 2
555,1,2.0,0.0,0.0,0.0,0.0,0.0,0.0,0.0,0.0,0.0,0.0,0.0,0.0,0.0,0.0,0.0,0.0,1485.0,2247.47,343.0,27.0,406.0,1565.76,176.0,51.0,Low,Low,Very High,Low,L,L,VH,L,L-L-VH-L,0,Group 1
556,1,13.0,15.0,25.0,2.0,9.0,473.0,0.0,1.0,1.0,26.0,40.0,2.0,19.0,3792.0,2.0,8.0,2.0,1433.0,1864.9,392.0,30.0,482.0,2719.92,89.0,195.0,Low,High,Very High,Low,L,H,VH,L,L-H-VH-L,6,Group 7
557,1,8.0,46.0,54.0,4.0,23.0,873.0,9.0,10.0,2.0,55.0,52.0,3.0,19.0,37.0,1.0,0.0,1.0,465.0,3036.77,153.0,44.0,143.0,10116.08,27.0,36.0,High,Low,Low,Medium,H,L,L,M,H-L-L-M,8,Group 9
558,1,8.0,9.0,8.0,1.0,5.0,0.0,0.0,0.0,0.0,10.0,12.0,3.0,8.0,0.0,0.0,0.0,0.0,494.0,1286.84,164.0,49.0,861.0,2186.41,74.0,76.0,Low,Low,Low,Low,L,L,L,L,L-L-L-L,1,Group 2
559,0,11.0,0.0,0.0,0.0,0.0,125.0,2.0,0.0,1.0,1.0,0.0,1.0,1.0,112.0,1.0,1.0,2.0,872.0,2364.91,308.0,18.0,1008.0,3150.6,224.0,64.0,Low,Low,Low,High,L,L,L,H,L-L-L-H,4,Group 5
560,0,15.0,31.0,37.0,4.0,26.0,876.0,10.0,13.0,5.0,76.0,73.0,4.0,30.0,1122.0,14.0,14.0,4.0,1649.0,1735.42,315.0,31.0,1187.0,2507.92,257.0,50.0,High,High,Very High,High,H,H,VH,H,H-H-VH-H,2,Group 3
561,0,8.0,3.0,4.0,2.0,2.0,1080.0,7.0,6.0,3.0,10.0,9.0,2.0,8.0,2195.0,13.0,4.0,3.0,719.0,1368.15,145.0,20.0,442.0,1474.21,115.0,48.0,Low,High,Low,Low,L,H,L,L,L-H-L-L,6,Group 7
562,1,16.0,0.0,0.0,0.0,0.0,0.0,0.0,0.0,0.0,1.0,0.0,1.0,1.0,0.0,0.0,0.0,0.0,180.0,1520.0,97.0,4.0,9.0,2466.67,5.0,4.0,Low,Low,Very Low,Low,L,L,VL,L,L-L-VL-L,1,Group 2
563,0,16.0,0.0,0.0,0.0,0.0,0.0,0.0,0.0,0.0,0.0,0.0,0.0,0.0,0.0,0.0,0.0,0.0,1053.0,1595.44,199.0,13.0,484.0,989.88,174.0,22.0,Low,Low,Low,Low,L,L,L,L,L-L-L-L,1,Group 2
564,0,16.0,0.0,1.0,1.0,1.0,0.0,0.0,0.0,0.0,8.0,10.0,1.0,5.0,16.0,1.0,1.0,1.0,674.0,1935.635,185.0,49.0,430.0,2194.175,103.0,105.0,Low,Low,Low,Low,L,L,L,L,L-L-L-L,1,Group 2
565,0,1.0,0.0,0.0,0.0,0.0,0.0,0.0,0.0,0.0,0.0,0.0,0.0,0.0,0.0,0.0,0.0,0.0,244.0,2636.07,67.0,79.0,174.0,2046.55,10.0,164.0,Low,Low,Medium,Low,L,L,M,L,L-L-M-L,1,Group 2
567,0,20.0,4.0,6.0,3.0,7.0,247.0,4.0,1.0,2.0,18.0,8.0,2.0,9.0,258.0,6.0,3.0,3.0,920.0,2200.43,201.0,41.0,351.0,2349.57,112.0,98.0,Low,Low,Low,Low,L,L,L,L,L-L-L-L,1,Group 2
568,0,12.0,2.0,2.0,1.0,2.0,0.0,0.0,0.0,0.0,8.0,7.0,1.0,5.0,0.0,0.0,0.0,0.0,636.0,3751.42,180.0,23.0,687.0,3204.8,137.0,46.0,Low,Low,Low,Low,L,L,L,L,L-L-L-L,1,Group 2
569,1,18.0,70.0,38.0,1.0,37.0,405.0,10.0,2.0,1.0,41.0,22.0,2.0,29.0,276.0,13.0,4.0,1.0,1560.0,1830.96,338.0,51.0,953.0,3165.27,143.0,59.0,High,High,Very High,High,H,H,VH,H,H-H-VH-H,2,Group 3
570,0,6.0,8.0,8.0,1.0,4.0,0.0,0.0,0.0,0.0,31.0,21.0,1.0,11.0,0.0,0.0,0.0,0.0,344.0,1792.15,76.0,19.0,204.0,945.59,74.0,58.0,Low,Low,Very Low,Low,L,L,VL,L,L-L-VL-L,1,Group 2
571,1,11.0,4.0,1.0,1.0,4.0,0.0,0.0,0.0,0.0,3.0,1.0,1.0,4.0,210.0,2.0,0.0,1.0,948.0,1639.87,212.0,33.0,148.0,835.14,27.0,117.0,Low,Low,Low,Low,L,L,L,L,L-L-L-L,1,Group 2
572,0,25.0,7.0,6.0,3.0,7.0,987.0,8.0,9.0,4.0,16.0,19.0,3.0,7.0,570.0,3.0,2.0,4.0,684.0,1794.74,110.0,0.0,362.0,3237.85,75.0,7.0,High,Low,Very Low,Low,H,L,VL,L,H-L-VL-L,8,Group 9
573,0,5.0,0.0,0.0,0.0,0.0,0.0,0.0,0.0,0.0,0.0,0.0,0.0,0.0,0.0,0.0,0.0,0.0,184.0,2308.7,28.0,128.0,349.0,1569.63,7.0,326.0,Low,Low,Medium,Low,L,L,M,L,L-L-M-L,1,Group 2
574,0,22.0,2.0,1.0,1.0,1.0,561.0,0.0,3.0,1.0,14.0,15.0,3.0,6.0,0.0,0.0,0.0,0.0,51.0,1541.18,27.0,4.0,15.0,2760.0,3.0,12.0,Low,Low,Very Low,Low,L,L,VL,L,L-L-VL-L,1,Group 2
575,0,16.0,3.0,3.0,1.0,2.0,186.0,2.0,0.0,2.0,5.0,7.0,3.0,4.0,0.0,0.0,0.0,0.0,598.0,2435.12,179.0,37.0,605.0,3377.85,189.0,62.0,Low,Low,Low,High,L,L,L,H,L-L-L-H,4,Group 5
576,0,19.0,0.0,0.0,0.0,0.0,0.0,0.0,0.0,0.0,0.0,0.0,0.0,0.0,0.0,0.0,0.0,0.0,900.0,2325.33,205.0,105.0,286.0,1395.1,88.0,145.0,Low,Low,Medium,Low,L,L,M,L,L-L-M-L,1,Group 2
578,0,59.0,366.0,431.0,4.0,111.0,4177.0,31.0,55.0,4.0,637.0,727.0,7.0,199.0,4369.0,23.0,32.0,3.0,774.0,1824.81,229.0,54.0,930.0,2048.39,168.0,155.0,High,High,Low,High,H,H,L,H,H-H-L-H,2,Group 3
579,0,3.0,0.0,0.0,0.0,0.0,0.0,0.0,0.0,0.0,0.0,0.0,0.0,0.0,0.0,0.0,0.0,0.0,100.0,3690.0,17.0,67.0,589.0,2219.69,59.0,198.0,Low,Low,Very Low,Low,L,L,VL,L,L-L-VL-L,1,Group 2
580,0,17.0,6.0,6.0,3.0,8.0,130.0,0.0,1.0,1.0,27.0,19.0,3.0,14.0,190.0,4.0,1.0,2.0,1246.0,2139.73,273.0,68.0,763.0,1978.9,217.0,148.0,Low,Low,Very High,High,L,L,VH,H,L-L-VH-H,3,Group 4
581,0,18.0,0.0,0.0,0.0,0.0,0.0,0.0,0.0,0.0,0.0,0.0,0.0,0.0,0.0,0.0,0.0,0.0,674.0,1935.635,185.0,49.0,430.0,2194.175,103.0,105.0,Low,Low,Low,Low,L,L,L,L,L-L-L-L,1,Group 2
582,0,16.0,3.0,2.0,2.0,3.0,137.0,2.0,5.0,2.0,1.0,1.0,1.0,2.0,0.0,0.0,0.0,0.0,627.0,2867.94,160.0,32.0,442.0,2889.37,65.0,116.0,Low,Low,Low,Low,L,L,L,L,L-L-L-L,1,Group 2
583,0,28.0,0.0,3.0,1.0,2.0,7.0,0.0,3.0,2.0,7.0,12.0,2.0,8.0,966.0,2.0,2.0,1.0,522.0,2298.85,156.0,20.0,599.0,1104.34,204.0,27.0,Low,Low,Low,High,L,L,L,H,L-L-L-H,4,Group 5
584,0,6.0,37.0,32.0,3.0,7.0,113.0,5.0,3.0,3.0,16.0,25.0,3.0,8.0,66.0,3.0,2.0,2.0,663.0,2509.5,216.0,36.0,459.0,1962.09,63.0,365.0,Low,Low,Low,Low,L,L,L,L,L-L-L-L,1,Group 2
585,0,5.0,1.0,2.0,1.0,2.0,85.0,1.0,3.0,1.0,7.0,11.0,2.0,7.0,0.0,0.0,0.0,0.0,1226.0,1841.11,289.0,61.0,823.0,2064.64,228.0,186.0,Low,Low,Very High,High,L,L,VH,H,L-L-VH-H,3,Group 4
586,0,9.0,14.0,17.0,3.0,14.0,99.0,2.0,3.0,2.0,27.0,32.0,3.0,13.0,435.0,3.0,3.0,2.0,367.0,1741.96,110.0,9.0,455.0,1315.38,149.0,36.0,Low,Low,Very Low,Low,L,L,VL,L,L-L-VL-L,1,Group 2
587,0,9.0,0.0,0.0,0.0,0.0,0.0,0.0,0.0,0.0,0.0,0.0,0.0,0.0,0.0,0.0,0.0,0.0,713.0,1954.0,192.0,0.0,430.0,2058.84,143.0,0.0,Low,Low,Low,Low,L,L,L,L,L-L-L-L,1,Group 2
588,1,19.0,6.0,7.0,3.0,7.0,0.0,0.0,0.0,0.0,15.0,13.0,3.0,13.0,41.0,1.0,0.0,1.0,583.0,1575.13,164.0,11.0,407.0,1752.83,161.0,41.0,Low,Low,Low,Low,L,L,L,L,L-L-L-L,1,Group 2
589,1,23.0,3.0,3.0,2.0,4.0,6.0,0.0,1.0,1.0,17.0,22.0,5.0,13.0,68.0,1.0,1.0,2.0,476.0,1782.98,146.0,26.0,483.0,2457.14,130.0,79.0,Low,Low,Low,Low,L,L,L,L,L-L-L-L,1,Group 2
590,0,44.0,0.0,0.0,0.0,0.0,0.0,0.0,0.0,0.0,0.0,1.0,1.0,1.0,0.0,0.0,0.0,0.0,113.0,825.66,56.0,14.0,177.0,1084.75,54.0,34.0,Low,Low,Very Low,Low,L,L,VL,L,L-L-VL-L,1,Group 2
591,0,0.0,0.0,0.0,0.0,0.0,0.0,0.0,0.0,0.0,0.0,0.0,0.0,0.0,0.0,0.0,0.0,0.0,524.0,2176.72,176.0,29.0,204.0,1589.71,57.0,110.0,Low,Low,Low,Low,L,L,L,L,L-L-L-L,1,Group 2
592,0,3.0,1.0,0.0,1.0,1.0,31.0,1.0,0.0,1.0,3.0,2.0,1.0,2.0,68.0,0.0,1.0,1.0,127.0,3340.16,41.0,47.0,151.0,3208.61,34.0,65.0,Low,Low,Very Low,Low,L,L,VL,L,L-L-VL-L,1,Group 2
593,0,11.0,0.0,0.0,0.0,0.0,0.0,0.0,0.0,0.0,1.0,2.0,1.0,1.0,41.0,0.0,1.0,1.0,500.0,1381.8,199.0,74.0,565.0,1791.5,193.0,106.0,Low,Low,Medium,High,L,L,M,H,L-L-M-H,4,Group 5
594,0,4.0,0.0,0.0,0.0,0.0,0.0,0.0,0.0,0.0,0.0,0.0,0.0,0.0,0.0,0.0,0.0,0.0,65.0,3069.23,0.0,65.0,123.0,6653.66,1.0,122.0,Low,Low,Very Low,Medium,L,L,VL,M,L-L-VL-M,1,Group 2
595,0,6.0,2.0,0.0,1.0,1.0,1087.0,7.0,6.0,2.0,2.0,8.0,2.0,4.0,1966.0,4.0,6.0,1.0,1195.0,1197.99,342.0,122.0,758.0,1806.73,190.0,381.0,Low,Low,Very High,High,L,L,VH,H,L-L-VH-H,3,Group 4
596,0,10.0,10.0,9.0,2.0,7.0,0.0,0.0,0.0,0.0,4.0,4.0,2.0,3.0,0.0,0.0,0.0,0.0,309.0,3969.9,138.0,27.0,99.0,11957.58,45.0,41.0,Low,Low,Very Low,Medium,L,L,VL,M,L-L-VL-M,1,Group 2
597,0,9.0,0.0,0.0,0.0,0.0,0.0,0.0,0.0,0.0,0.0,0.0,0.0,0.0,0.0,0.0,0.0,0.0,380.0,1667.37,143.0,17.0,360.0,1380.83,123.0,64.0,Low,Low,Very Low,Low,L,L,VL,L,L-L-VL-L,1,Group 2
598,0,41.0,20.0,15.0,7.0,19.0,7.0,1.0,1.0,3.0,13.0,9.0,6.0,16.0,282.0,4.0,3.0,3.0,780.0,2421.15,120.0,33.0,1400.0,2061.43,203.0,48.0,High,High,Low,High,H,H,L,H,H-H-L-H,2,Group 3
599,0,30.0,3.0,5.0,2.0,7.0,17.0,1.0,0.0,1.0,0.0,0.0,0.0,0.0,0.0,0.0,0.0,0.0,649.0,1761.17,223.0,2.0,772.0,3097.54,174.0,6.0,Low,Low,Low,High,L,L,L,H,L-L-L-H,4,Group 5
600,1,17.0,2.0,2.0,1.0,2.0,193.0,4.0,0.0,2.0,1.0,2.0,1.0,3.0,0.0,0.0,0.0,0.0,758.0,2332.32,157.0,87.0,640.0,3213.75,81.0,214.0,Low,Low,Medium,Low,L,L,M,L,L-L-M-L,1,Group 2
601,0,11.0,34.0,33.0,1.0,17.0,1.0,1.0,0.0,1.0,22.0,15.0,1.0,15.0,280.0,3.0,0.0,2.0,105.0,2997.14,15.0,81.0,253.0,3470.75,39.0,206.0,Low,Low,Medium,Low,L,L,M,L,L-L-M-L,1,Group 2
602,0,10.0,0.0,0.0,0.0,0.0,0.0,0.0,0.0,0.0,0.0,0.0,0.0,0.0,0.0,0.0,0.0,0.0,93.0,3135.48,14.0,15.0,246.0,5921.95,46.0,25.0,Low,Low,Very Low,Medium,L,L,VL,M,L-L-VL-M,1,Group 2
603,0,3.0,0.0,0.0,0.0,0.0,0.0,0.0,0.0,0.0,0.0,0.0,0.0,0.0,0.0,0.0,0.0,0.0,44.0,6790.91,0.0,44.0,151.0,5831.13,0.0,151.0,Low,Low,High,Medium,L,L,H,M,L-L-H-M,0,Group 1
607,0,6.0,16.0,13.0,1.0,6.0,31.0,3.0,1.0,1.0,5.0,7.0,1.0,2.0,0.0,0.0,0.0,0.0,510.0,1717.06,166.0,60.0,302.0,1984.77,75.0,121.0,Low,Low,Low,Low,L,L,L,L,L-L-L-L,1,Group 2
608,0,8.0,0.0,0.0,0.0,0.0,0.0,0.0,0.0,0.0,3.0,3.0,1.0,1.0,0.0,0.0,0.0,0.0,117.0,4143.59,55.0,11.0,623.0,1904.98,175.0,17.0,Low,Low,Very Low,Low,L,L,VL,L,L-L-VL-L,1,Group 2
610,0,9.0,0.0,0.0,0.0,0.0,0.0,0.0,0.0,0.0,0.0,0.0,0.0,0.0,0.0,0.0,0.0,0.0,1107.0,1798.64,264.0,88.0,964.0,1787.55,228.0,202.0,Low,Low,Very High,High,L,L,VH,H,L-L-VH-H,3,Group 4
611,1,35.0,26.0,21.0,3.0,13.0,143.0,4.0,3.0,3.0,30.0,23.0,4.0,18.0,4.0,0.0,1.0,1.0,442.0,2004.3,137.0,16.0,652.0,1817.02,155.0,64.0,High,Low,Very Low,Low,H,L,VL,L,H-L-VL-L,8,Group 9
612,0,15.0,1.0,1.0,1.0,1.0,72.0,2.0,0.0,1.0,6.0,6.0,1.0,3.0,10.0,0.0,2.0,1.0,621.0,1910.63,187.0,56.0,324.0,1553.7,115.0,112.0,Low,Low,Low,Low,L,L,L,L,L-L-L-L,1,Group 2
613,0,0.0,1.0,0.0,1.0,1.0,0.0,0.0,0.0,0.0,1.0,1.0,1.0,2.0,0.0,0.0,0.0,0.0,1163.0,1859.07,227.0,54.0,221.0,1964.25,50.0,159.0,Low,Low,Very High,Low,L,L,VH,L,L-L-VH-L,0,Group 1
614,1,20.0,9.0,11.0,1.0,7.0,20.0,0.0,1.0,1.0,14.0,19.0,1.0,12.0,0.0,0.0,0.0,0.0,443.0,2876.75,161.0,41.0,348.0,2231.03,123.0,111.0,Low,Low,Low,Low,L,L,L,L,L-L-L-L,1,Group 2
615,1,16.0,26.0,21.0,2.0,16.0,372.0,7.0,7.0,1.0,12.0,17.0,2.0,19.0,471.0,2.0,5.0,2.0,933.0,2100.96,190.0,27.0,592.0,3042.57,125.0,115.0,High,Low,Low,Low,H,L,L,L,H-L-L-L,8,Group 9
616,0,12.0,3.0,4.0,1.0,3.0,0.0,0.0,0.0,0.0,0.0,0.0,0.0,0.0,20.0,1.0,0.0,1.0,709.0,1632.02,168.0,9.0,238.0,2229.83,85.0,25.0,Low,Low,Low,Low,L,L,L,L,L-L-L-L,1,Group 2
617,1,18.0,479.0,455.0,3.0,79.0,228.0,1.0,2.0,1.0,1106.0,1131.0,3.0,134.0,2948.0,3.0,2.0,2.0,941.0,2482.57,213.0,81.0,597.0,3279.4,110.0,175.0,High,High,Very High,Low,H,H,VH,L,H-H-VH-L,7,Group 8
619,0,27.0,0.0,0.0,0.0,0.0,0.0,0.0,0.0,0.0,2.0,2.0,1.0,2.0,0.0,0.0,0.0,0.0,629.0,2007.0,184.0,41.0,626.0,2392.33,165.0,89.0,Low,Low,Low,High,L,L,L,H,L-L-L-H,4,Group 5
620,0,3.0,0.0,0.0,0.0,0.0,0.0,0.0,0.0,0.0,0.0,0.0,0.0,0.0,0.0,0.0,0.0,0.0,268.0,2159.33,54.0,60.0,345.0,2844.35,29.0,66.0,Low,Low,Very Low,Low,L,L,VL,L,L-L-VL-L,1,Group 2
621,0,19.0,0.0,0.0,0.0,0.0,0.0,0.0,0.0,0.0,0.0,0.0,0.0,0.0,0.0,0.0,0.0,0.0,670.0,1894.03,92.0,0.0,77.0,2224.68,34.0,0.0,Low,Low,Very Low,Low,L,L,VL,L,L-L-VL-L,1,Group 2
622,1,20.0,15.0,9.0,1.0,13.0,989.0,4.0,8.0,1.0,52.0,56.0,1.0,42.0,4327.0,12.0,19.0,1.0,8.0,675.0,2.0,6.0,30.0,660.0,1.0,14.0,Low,High,Very Low,Low,L,H,VL,L,L-H-VL-L,6,Group 7
623,0,12.0,9.0,22.0,1.0,8.0,6796.0,22.0,11.0,1.0,16.0,50.0,1.0,18.0,3082.0,7.0,2.0,1.0,393.0,2627.48,98.0,91.0,168.0,2985.71,5.0,159.0,High,High,Medium,Low,H,H,M,L,H-H-M-L,7,Group 8
624,0,19.0,0.0,0.0,0.0,0.0,0.0,0.0,0.0,0.0,2.0,3.0,1.0,1.0,127.0,0.0,2.0,1.0,658.0,1098.78,254.0,76.0,224.0,1455.8,63.0,141.0,Low,Low,Low,Low,L,L,L,L,L-L-L-L,1,Group 2
625,1,10.0,0.0,0.0,0.0,0.0,115.0,1.0,2.0,1.0,3.0,5.0,2.0,3.0,0.0,0.0,0.0,0.0,38.0,797.37,32.0,0.0,21.0,1400.0,16.0,1.0,Low,Low,Very Low,Low,L,L,VL,L,L-L-VL-L,1,Group 2
626,0,4.0,0.0,0.0,0.0,0.0,0.0,0.0,0.0,0.0,0.0,0.0,0.0,0.0,0.0,0.0,0.0,0.0,82.0,786.59,2.0,80.0,167.0,882.04,3.0,164.0,Low,Low,Medium,Low,L,L,M,L,L-L-M-L,1,Group 2
627,0,16.0,0.0,0.0,0.0,0.0,0.0,0.0,0.0,0.0,0.0,0.0,0.0,0.0,50.0,1.0,0.0,1.0,970.0,1839.59,165.0,57.0,492.0,2922.56,125.0,123.0,Low,Low,Low,Low,L,L,L,L,L-L-L-L,1,Group 2
628,0,20.0,3.0,4.0,1.0,4.0,342.0,8.0,5.0,2.0,11.0,16.0,2.0,9.0,39.0,1.0,0.0,1.0,224.0,1783.93,114.0,13.0,180.0,2330.0,52.0,52.0,Low,Low,Very Low,Low,L,L,VL,L,L-L-VL-L,1,Group 2
629,0,1.0,0.0,0.0,0.0,0.0,0.0,0.0,0.0,0.0,0.0,0.0,0.0,0.0,0.0,0.0,0.0,0.0,37.0,6851.35,1.0,36.0,119.0,4197.48,5.0,109.0,Low,Low,High,Low,L,L,H,L,L-L-H-L,0,Group 1
630,0,5.0,0.0,0.0,0.0,0.0,0.0,0.0,0.0,0.0,0.0,0.0,0.0,0.0,0.0,0.0,0.0,0.0,850.0,1814.82,214.0,109.0,540.0,1644.44,108.0,296.0,Low,Low,Medium,High,L,L,M,H,L-L-M-H,4,Group 5
631,0,7.0,3.0,3.0,1.0,1.0,729.0,1.0,8.0,2.0,5.0,5.0,1.0,4.0,1323.0,3.0,7.0,2.0,285.0,1422.11,126.0,0.0,159.0,2037.74,36.0,0.0,Low,Low,Very Low,Low,L,L,VL,L,L-L-VL-L,1,Group 2
632,0,19.0,46.0,49.0,1.0,34.0,74.0,0.0,3.0,1.0,193.0,192.0,3.0,113.0,140.0,3.0,1.0,3.0,1103.0,2720.13,308.0,48.0,547.0,2395.61,56.0,289.0,Low,High,Very High,Low,L,H,VH,L,L-H-VH-L,6,Group 7
633,1,8.0,0.0,0.0,0.0,0.0,0.0,0.0,0.0,0.0,0.0,0.0,0.0,0.0,0.0,0.0,0.0,0.0,815.0,1512.15,224.0,68.0,387.0,1985.27,99.0,133.0,Low,Low,Low,Low,L,L,L,L,L-L-L-L,1,Group 2
634,1,0.0,3.0,1.0,1.0,2.0,256.0,6.0,2.0,2.0,23.0,27.0,1.0,22.0,1088.0,12.0,4.0,1.0,728.0,2405.36,194.0,11.0,676.0,2333.88,151.0,47.0,Low,Low,Low,Low,L,L,L,L,L-L-L-L,1,Group 2
635,0,7.0,1.0,2.0,1.0,3.0,0.0,0.0,0.0,0.0,0.0,0.0,0.0,0.0,0.0,0.0,0.0,0.0,190.0,1871.05,25.0,101.0,1000.0,1741.8,45.0,146.0,Low,Low,Medium,Low,L,L,M,L,L-L-M-L,1,Group 2
636,0,0.0,2.0,1.0,1.0,2.0,189.0,2.0,0.0,1.0,2.0,3.0,1.0,3.0,402.0,3.0,1.0,2.0,725.0,1473.1,227.0,4.0,464.0,1332.54,154.0,6.0,Low,Low,Low,Low,L,L,L,L,L-L-L-L,1,Group 2
637,0,8.0,5.0,5.0,3.0,4.0,136.0,2.0,1.0,2.0,18.0,11.0,3.0,11.0,77.0,0.0,2.0,1.0,883.0,1757.19,206.0,1.0,87.0,2489.66,44.0,0.0,Low,Low,Low,Low,L,L,L,L,L-L-L-L,1,Group 2
638,0,0.0,6.0,8.0,1.0,8.0,267.0,2.0,2.0,1.0,0.0,3.0,1.0,3.0,0.0,0.0,0.0,0.0,5.0,420.0,5.0,0.0,0.0,0.0,0.0,0.0,Low,Low,Very Low,Low,L,L,VL,L,L-L-VL-L,1,Group 2
639,0,10.0,33.0,39.0,1.0,25.0,823.0,3.0,5.0,1.0,28.0,30.0,2.0,23.0,377.0,2.0,3.0,1.0,183.0,2160.66,79.0,0.0,142.0,1988.03,77.0,0.0,Low,Low,Very Low,Low,L,L,VL,L,L-L-VL-L,1,Group 2
640,0,16.0,47.0,38.0,3.0,20.0,1083.0,13.0,6.0,3.0,100.0,84.0,3.0,47.0,2283.0,5.0,2.0,2.0,1036.0,2264.48,199.0,57.0,565.0,3395.58,176.0,159.0,High,High,Low,High,H,H,L,H,H-H-L-H,2,Group 3
641,0,41.0,0.0,0.0,0.0,0.0,16.0,0.0,1.0,1.0,4.0,6.0,2.0,2.0,94.0,2.0,1.0,1.0,147.0,1940.82,63.0,0.0,6.0,300.0,5.0,1.0,Low,Low,Very Low,Low,L,L,VL,L,L-L-VL-L,1,Group 2
642,0,9.0,0.0,0.0,0.0,0.0,0.0,0.0,0.0,0.0,0.0,0.0,0.0,0.0,0.0,0.0,0.0,0.0,371.0,1912.4,130.0,15.0,239.0,1791.21,69.0,106.0,Low,Low,Very Low,Low,L,L,VL,L,L-L-VL-L,1,Group 2
643,0,5.0,2.0,1.0,1.0,2.0,177.0,2.0,0.0,2.0,0.0,0.0,0.0,0.0,0.0,0.0,0.0,0.0,1005.0,2498.81,188.0,19.0,272.0,2867.65,85.0,69.0,Low,Low,Low,Low,L,L,L,L,L-L-L-L,1,Group 2
644,0,34.0,10.0,12.0,3.0,6.0,52.0,1.0,1.0,1.0,7.0,6.0,4.0,6.0,20.0,0.0,1.0,1.0,726.0,2172.73,167.0,0.0,324.0,4149.07,114.0,1.0,Low,Low,Low,Low,L,L,L,L,L-L-L-L,1,Group 2
645,1,27.0,16.0,14.0,3.0,11.0,137.0,2.0,1.0,2.0,23.0,19.0,4.0,13.0,159.0,0.0,3.0,1.0,619.0,1746.69,141.0,68.0,409.0,1304.89,96.0,206.0,Low,Low,Medium,Low,L,L,M,L,L-L-M-L,1,Group 2
646,0,33.0,0.0,0.0,0.0,0.0,0.0,0.0,0.0,0.0,0.0,0.0,0.0,0.0,0.0,0.0,0.0,0.0,670.0,2051.19,148.0,0.0,68.0,2669.12,39.0,0.0,Low,Low,Low,Low,L,L,L,L,L-L-L-L,1,Group 2
647,0,7.0,0.0,0.0,0.0,0.0,0.0,0.0,0.0,0.0,0.0,0.0,0.0,0.0,0.0,0.0,0.0,0.0,603.0,1325.37,158.0,0.0,98.0,1248.98,47.0,0.0,Low,Low,Low,Low,L,L,L,L,L-L-L-L,1,Group 2
648,0,13.0,0.0,0.0,0.0,0.0,1007.0,1.0,2.0,1.0,2.0,2.0,1.0,3.0,12.0,0.0,1.0,1.0,583.0,2285.25,105.0,0.0,468.0,2291.67,95.0,0.0,Low,Low,Very Low,Low,L,L,VL,L,L-L-VL-L,1,Group 2
649,0,4.0,2.0,3.0,1.0,1.0,0.0,0.0,0.0,0.0,0.0,1.0,1.0,1.0,0.0,0.0,0.0,0.0,307.0,2550.49,89.0,0.0,49.0,3220.41,30.0,0.0,Low,Low,Very Low,Low,L,L,VL,L,L-L-VL-L,1,Group 2
650,0,6.0,1.0,1.0,1.0,2.0,11.0,1.0,0.0,1.0,0.0,0.0,0.0,0.0,308.0,2.0,0.0,1.0,606.0,2399.5,178.0,0.0,232.0,1934.48,85.0,1.0,Low,Low,Low,Low,L,L,L,L,L-L-L-L,1,Group 2
651,1,13.0,25.0,12.0,2.0,11.0,6796.0,11.0,22.0,1.0,50.0,17.0,2.0,19.0,3147.0,3.0,7.0,2.0,403.0,1802.98,120.0,42.0,888.0,2972.64,70.0,77.0,High,High,Very Low,Low,H,H,VL,L,H-H-VL-L,7,Group 8
652,1,48.0,18.0,30.0,2.0,21.0,300.0,4.0,4.0,1.0,24.0,19.0,2.0,19.0,227.0,2.0,6.0,1.0,134.0,2211.94,68.0,0.0,116.0,2694.83,32.0,0.0,High,Low,Very Low,Low,H,L,VL,L,H-L-VL-L,8,Group 9
653,0,17.0,13.0,11.0,2.0,7.0,0.0,0.0,0.0,0.0,21.0,31.0,3.0,10.0,54.0,0.0,1.0,1.0,14.0,1007.14,0.0,14.0,51.0,2711.76,0.0,51.0,Low,Low,Very Low,Low,L,L,VL,L,L-L-VL-L,1,Group 2
654,0,4.0,0.0,1.0,1.0,1.0,0.0,0.0,0.0,0.0,6.0,7.0,1.0,4.0,41.0,0.0,1.0,1.0,98.0,2366.33,44.0,0.0,114.0,2484.21,33.0,0.0,Low,Low,Very Low,Low,L,L,VL,L,L-L-VL-L,1,Group 2
655,0,5.0,0.0,0.0,0.0,0.0,0.0,0.0,0.0,0.0,0.0,0.0,0.0,0.0,0.0,0.0,0.0,0.0,451.0,1758.09,85.0,78.0,315.0,4207.62,53.0,35.0,Low,Low,Medium,Low,L,L,M,L,L-L-M-L,1,Group 2
656,0,4.0,3.0,3.0,1.0,2.0,141.0,2.0,1.0,2.0,7.0,9.0,1.0,2.0,0.0,0.0,0.0,0.0,335.0,2109.85,128.0,96.0,462.0,1868.18,35.0,310.0,Low,Low,Medium,Low,L,L,M,L,L-L-M-L,1,Group 2
657,0,39.0,8.0,4.0,3.0,5.0,150.0,1.0,2.0,2.0,5.0,8.0,3.0,3.0,231.0,3.0,0.0,2.0,510.0,1384.71,223.0,80.0,1685.0,1836.5,281.0,164.0,Low,Low,Medium,High,L,L,M,H,L-L-M-H,4,Group 5
658,0,11.0,6.0,4.0,2.0,3.0,0.0,0.0,0.0,0.0,1.0,1.0,1.0,2.0,0.0,0.0,0.0,1.0,360.0,2203.33,116.0,84.0,303.0,4046.53,60.0,202.0,Low,Low,Medium,Low,L,L,M,L,L-L-M-L,1,Group 2
659,0,23.0,0.0,0.0,0.0,0.0,0.0,0.0,0.0,0.0,0.0,2.0,1.0,2.0,0.0,0.0,0.0,0.0,2069.0,1979.22,301.0,62.0,845.0,1720.12,165.0,299.0,Low,Low,Very High,High,L,L,VH,H,L-L-VH-H,3,Group 4
660,0,5.0,0.0,0.0,0.0,0.0,0.0,0.0,0.0,0.0,0.0,0.0,0.0,0.0,0.0,0.0,0.0,0.0,176.0,2307.95,47.0,51.0,310.0,1564.84,110.0,124.0,Low,Low,Very Low,Low,L,L,VL,L,L-L-VL-L,1,Group 2
661,0,15.0,7.0,7.0,1.0,1.0,282.0,4.0,0.0,2.0,16.0,12.0,2.0,7.0,25.0,0.0,1.0,1.0,1098.0,2263.66,143.0,70.0,396.0,2215.91,53.0,183.0,Low,Low,Low,Low,L,L,L,L,L-L-L-L,1,Group 2
662,0,0.0,0.0,0.0,0.0,0.0,0.0,0.0,0.0,0.0,0.0,0.0,0.0,0.0,0.0,0.0,0.0,0.0,660.0,2696.82,195.0,67.0,692.0,2151.16,65.0,402.0,Low,Low,Low,High,L,L,L,H,L-L-L-H,4,Group 5
663,0,16.0,0.0,0.0,0.0,0.0,0.0,0.0,0.0,0.0,3.0,2.0,1.0,3.0,43.0,0.0,1.0,1.0,1443.0,2118.3,297.0,39.0,445.0,2108.76,125.0,69.0,Low,Low,Very High,Low,L,L,VH,L,L-L-VH-L,0,Group 1
664,0,21.0,1.0,1.0,1.0,2.0,171.0,1.0,2.0,1.0,3.0,2.0,1.0,1.0,0.0,0.0,0.0,0.0,655.0,1078.63,223.0,62.0,880.0,1073.18,223.0,86.0,Low,Low,Low,High,L,L,L,H,L-L-L-H,4,Group 5
665,0,0.0,4.0,5.0,3.0,5.0,837.0,2.0,5.0,2.0,15.0,12.0,3.0,9.0,102.0,0.0,1.0,1.0,1846.0,1966.9,262.0,60.0,1037.0,2043.59,233.0,186.0,Low,Low,Very High,High,L,L,VH,H,L-L-VH-H,3,Group 4
666,1,16.0,14.0,10.0,1.0,4.0,342.0,8.0,8.0,1.0,15.0,13.0,2.0,11.0,1458.0,3.0,14.0,2.0,886.0,1484.42,294.0,83.0,1449.0,1904.76,261.0,278.0,Low,High,Very High,High,L,H,VH,H,L-H-VH-H,6,Group 7
667,0,5.0,1.0,1.0,1.0,2.0,0.0,0.0,0.0,0.0,0.0,0.0,0.0,0.0,0.0,0.0,0.0,0.0,775.0,1865.42,167.0,30.0,385.0,1661.3,106.0,105.0,Low,Low,Low,Low,L,L,L,L,L-L-L-L,1,Group 2
668,0,8.0,1.0,1.0,1.0,1.0,40.0,0.0,1.0,1.0,0.0,0.0,0.0,0.0,116.0,1.0,2.0,2.0,1130.0,1716.64,240.0,64.0,410.0,3016.83,139.0,154.0,Low,Low,Very High,Low,L,L,VH,L,L-L-VH-L,0,Group 1
669,0,2.0,0.0,1.0,1.0,1.0,83.0,1.0,0.0,1.0,0.0,0.0,0.0,0.0,0.0,0.0,0.0,0.0,148.0,1939.86,48.0,55.0,382.0,1603.66,104.0,213.0,Low,Low,Very Low,Low,L,L,VL,L,L-L-VL-L,1,Group 2
670,0,37.0,6.0,7.0,1.0,2.0,173.0,3.0,3.0,2.0,11.0,6.0,1.0,2.0,154.0,2.0,1.0,1.0,11.0,3272.73,0.0,11.0,68.0,948.53,0.0,68.0,Low,Low,Very Low,Low,L,L,VL,L,L-L-VL-L,1,Group 2
671,0,7.0,3.0,3.0,1.0,2.0,0.0,0.0,0.0,0.0,10.0,10.0,1.0,5.0,0.0,0.0,0.0,0.0,266.0,1805.64,89.0,7.0,407.0,3070.76,137.0,5.0,Low,Low,Very Low,Low,L,L,VL,L,L-L-VL-L,1,Group 2
672,0,25.0,1.0,3.0,2.0,2.0,384.0,2.0,3.0,4.0,7.0,13.0,4.0,12.0,163.0,0.0,2.0,2.0,346.0,1839.88,159.0,0.0,494.0,2009.51,114.0,0.0,Low,Low,Very Low,Low,L,L,VL,L,L-L-VL-L,1,Group 2
673,0,11.0,4.0,3.0,2.0,3.0,0.0,0.0,0.0,0.0,6.0,3.0,2.0,4.0,17.0,1.0,0.0,2.0,896.0,1916.18,242.0,68.0,562.0,3459.61,54.0,145.0,Low,Low,Very High,Low,L,L,VH,L,L-L-VH-L,0,Group 1
674,0,10.0,0.0,0.0,0.0,0.0,0.0,0.0,0.0,0.0,0.0,0.0,0.0,0.0,0.0,0.0,0.0,1.0,0.0,0.0,0.0,0.0,1.0,15000.0,0.0,1.0,Low,Low,Very Low,Medium,L,L,VL,M,L-L-VL-M,1,Group 2
676,0,9.0,5.0,5.0,3.0,5.0,223.0,1.0,3.0,1.0,6.0,14.0,1.0,7.0,126.0,3.0,3.0,2.0,1219.0,2352.75,260.0,52.0,726.0,2847.52,196.0,130.0,Low,Low,Very High,High,L,L,VH,H,L-L-VH-H,3,Group 4
677,1,39.0,29.0,18.0,2.0,20.0,354.0,7.0,5.0,5.0,28.0,36.0,2.0,22.0,725.0,8.0,8.0,4.0,742.0,1332.21,279.0,37.0,1614.0,1409.85,351.0,45.0,High,High,Low,High,H,H,L,H,H-H-L-H,2,Group 3
678,0,25.0,3.0,2.0,1.0,3.0,711.0,20.0,4.0,1.0,4.0,4.0,1.0,8.0,761.0,8.0,1.0,2.0,402.0,2732.09,155.0,21.0,248.0,1421.37,85.0,46.0,High,Low,Low,Low,H,L,L,L,H-L-L-L,8,Group 9
679,0,15.0,0.0,0.0,0.0,0.0,0.0,0.0,0.0,0.0,0.0,0.0,0.0,0.0,0.0,0.0,0.0,0.0,2.0,750.0,0.0,2.0,0.0,0.0,0.0,0.0,Low,Low,Very Low,Low,L,L,VL,L,L-L-VL-L,1,Group 2
680,0,5.0,1.0,1.0,1.0,1.0,0.0,0.0,0.0,0.0,0.0,0.0,0.0,0.0,0.0,0.0,0.0,0.0,378.0,1232.54,195.0,24.0,69.0,808.7,5.0,64.0,Low,Low,Low,Low,L,L,L,L,L-L-L-L,1,Group 2
681,0,0.0,1.0,3.0,1.0,2.0,487.0,4.0,7.0,4.0,34.0,28.0,4.0,29.0,1296.0,4.0,15.0,2.0,36.0,4975.0,24.0,2.0,102.0,2382.35,51.0,6.0,Low,High,Very Low,Low,L,H,VL,L,L-H-VL-L,6,Group 7
682,1,14.0,8.0,8.0,3.0,5.0,587.0,14.0,11.0,5.0,26.0,29.0,3.0,11.0,335.0,5.0,6.0,2.0,1661.0,1942.87,360.0,43.0,1436.0,2159.96,308.0,155.0,High,Low,Very High,High,H,L,VH,H,H-L-VH-H,5,Group 6
683,0,13.0,47.0,48.0,2.0,30.0,744.0,4.0,6.0,3.0,60.0,54.0,3.0,31.0,140.0,3.0,0.0,1.0,621.0,1635.27,170.0,50.0,270.0,3800.0,42.0,119.0,High,Low,Low,Low,H,L,L,L,H-L-L-L,8,Group 9
684,1,4.0,0.0,0.0,0.0,0.0,0.0,0.0,0.0,0.0,0.0,0.0,0.0,0.0,0.0,0.0,0.0,0.0,671.0,1311.77,265.0,72.0,285.0,1338.95,90.0,162.0,Low,Low,Low,Low,L,L,L,L,L-L-L-L,1,Group 2
685,0,12.0,1.0,3.0,1.0,4.0,2.0,0.0,1.0,1.0,1.0,1.0,1.0,2.0,0.0,0.0,0.0,0.0,642.0,1651.4,241.0,61.0,184.0,965.22,46.0,130.0,Low,Low,Low,Low,L,L,L,L,L-L-L-L,1,Group 2
686,0,7.0,0.0,0.0,0.0,0.0,0.0,0.0,0.0,0.0,0.0,0.0,0.0,0.0,0.0,0.0,0.0,0.0,710.0,2181.97,201.0,32.0,825.0,1181.09,183.0,30.0,Low,Low,Low,High,L,L,L,H,L-L-L-H,4,Group 5
687,0,13.0,8.0,10.0,2.0,9.0,120.0,4.0,0.0,2.0,6.0,5.0,3.0,6.0,328.0,1.0,1.0,2.0,341.0,2324.34,97.0,43.0,829.0,2554.52,209.0,69.0,Low,Low,Very Low,High,L,L,VL,H,L-L-VL-H,4,Group 5
689,0,22.0,2.0,1.0,2.0,2.0,0.0,0.0,0.0,0.0,0.0,0.0,0.0,0.0,3.0,0.0,1.0,1.0,729.0,1524.28,195.0,75.0,278.0,1925.18,16.0,212.0,Low,Low,Medium,Low,L,L,M,L,L-L-M-L,1,Group 2
690,0,3.0,0.0,0.0,0.0,0.0,0.0,0.0,0.0,0.0,0.0,0.0,0.0,0.0,0.0,0.0,0.0,0.0,30.0,6600.0,3.0,27.0,63.0,7752.38,0.0,63.0,Low,Low,High,Medium,L,L,H,M,L-L-H-M,0,Group 1
691,0,10.0,0.0,0.0,0.0,0.0,0.0,0.0,0.0,0.0,0.0,0.0,0.0,0.0,218.0,1.0,0.0,1.0,830.0,2111.2,187.0,39.0,647.0,1460.59,166.0,146.0,Low,Low,Low,High,L,L,L,H,L-L-L-H,4,Group 5
692,0,32.0,0.0,0.0,0.0,0.0,261.0,6.0,2.0,1.0,4.0,4.0,1.0,3.0,83.0,1.0,2.0,2.0,206.0,1807.28,80.0,0.0,26.0,1638.46,13.0,1.0,Low,Low,Very Low,Low,L,L,VL,L,L-L-VL-L,1,Group 2
693,0,8.0,0.0,0.0,0.0,0.0,0.0,0.0,0.0,0.0,0.0,0.0,0.0,0.0,0.0,0.0,0.0,0.0,674.0,1935.635,185.0,49.0,430.0,2194.175,103.0,105.0,Low,Low,Low,Low,L,L,L,L,L-L-L-L,1,Group 2
694,0,10.0,7.0,12.0,2.0,10.0,4.0,0.0,1.0,1.0,1.0,4.0,2.0,3.0,120.0,2.0,3.0,1.0,233.0,1915.88,126.0,16.0,9.0,2800.0,1.0,7.0,Low,Low,Very Low,Low,L,L,VL,L,L-L-VL-L,1,Group 2
695,0,33.0,4.0,2.0,2.0,2.0,17.0,1.0,0.0,1.0,5.0,2.0,3.0,3.0,94.0,1.0,0.0,1.0,0.0,0.0,0.0,0.0,7.0,514.29,4.0,0.0,Low,Low,Very Low,Low,L,L,VL,L,L-L-VL-L,1,Group 2
696,0,12.0,5.0,6.0,1.0,4.0,0.0,0.0,0.0,0.0,0.0,0.0,0.0,0.0,636.0,1.0,0.0,1.0,1.0,300.0,0.0,1.0,1.0,33900.0,0.0,1.0,Low,Low,Very Low,Medium,L,L,VL,M,L-L-VL-M,1,Group 2
697,0,4.0,21.0,18.0,1.0,12.0,239.0,3.0,2.0,1.0,34.0,29.0,1.0,12.0,61.0,0.0,2.0,1.0,6.0,13650.0,0.0,6.0,5.0,14340.0,0.0,5.0,Low,Low,High,Medium,L,L,H,M,L-L-H-M,0,Group 1
698,0,0.0,2.0,3.0,1.0,3.0,0.0,0.0,0.0,0.0,10.0,16.0,1.0,19.0,544.0,2.0,4.0,1.0,342.0,1253.51,141.0,63.0,535.0,2549.16,99.0,127.0,Low,Low,Medium,Low,L,L,M,L,L-L-M-L,1,Group 2
699,0,5.0,2.0,4.0,1.0,2.0,109.0,0.0,3.0,1.0,2.0,2.0,2.0,3.0,63.0,1.0,4.0,3.0,429.0,1185.31,179.0,68.0,199.0,1417.09,32.0,154.0,Low,Low,Medium,Low,L,L,M,L,L-L-M-L,1,Group 2
700,1,13.0,9.0,7.0,1.0,4.0,2.0,0.0,1.0,1.0,2.0,2.0,1.0,1.0,0.0,0.0,0.0,0.0,487.0,2154.21,166.0,18.0,330.0,3083.64,65.0,28.0,Low,Low,Low,Low,L,L,L,L,L-L-L-L,1,Group 2
701,1,16.0,0.0,1.0,1.0,1.0,854.0,7.0,0.0,3.0,4.0,1.0,2.0,3.0,20.0,0.0,1.0,1.0,1115.0,2271.39,225.0,58.0,336.0,1268.75,53.0,205.0,Low,Low,Very High,Low,L,L,VH,L,L-L-VH-L,0,Group 1
702,0,14.0,4.0,3.0,1.0,2.0,342.0,3.0,7.0,2.0,5.0,8.0,2.0,7.0,81.0,2.0,1.0,2.0,1137.0,2095.78,292.0,39.0,753.0,2432.27,188.0,165.0,Low,Low,Very High,High,L,L,VH,H,L-L-VH-H,3,Group 4
703,0,0.0,32.0,32.0,2.0,18.0,228.0,2.0,1.0,2.0,10.0,12.0,3.0,8.0,66.0,0.0,1.0,1.0,628.0,1228.66,261.0,88.0,466.0,937.34,29.0,425.0,Low,Low,Medium,Low,L,L,M,L,L-L-M-L,1,Group 2
704,0,1.0,4.0,2.0,1.0,3.0,0.0,0.0,0.0,0.0,2.0,2.0,1.0,3.0,776.0,0.0,1.0,1.0,260.0,1550.77,124.0,40.0,136.0,1952.21,56.0,61.0,Low,Low,Very Low,Low,L,L,VL,L,L-L-VL-L,1,Group 2
705,1,1.0,0.0,0.0,0.0,0.0,0.0,0.0,0.0,0.0,0.0,0.0,0.0,0.0,0.0,0.0,0.0,0.0,60.0,2060.0,3.0,57.0,99.0,1960.61,2.0,97.0,Low,Low,Very Low,Low,L,L,VL,L,L-L-VL-L,1,Group 2
706,0,86.0,0.0,0.0,0.0,0.0,41.0,0.0,3.0,1.0,5.0,4.0,3.0,4.0,189.0,3.0,0.0,1.0,674.0,1935.635,185.0,49.0,430.0,2194.175,103.0,105.0,Low,Low,Low,Low,L,L,L,L,L-L-L-L,1,Group 2
707,1,17.0,26.0,30.0,3.0,24.0,28.0,2.0,0.0,1.0,42.0,40.0,2.0,15.0,54.0,1.0,2.0,1.0,54.0,1561.11,21.0,18.0,110.0,1800.0,10.0,91.0,Low,Low,Very Low,Low,L,L,VL,L,L-L-VL-L,1,Group 2
709,1,15.0,3.0,2.0,1.0,1.0,0.0,0.0,0.0,0.0,0.0,1.0,1.0,1.0,173.0,2.0,1.0,1.0,31.0,2961.29,9.0,3.0,74.0,1033.78,18.0,6.0,Low,Low,Very Low,Low,L,L,VL,L,L-L-VL-L,1,Group 2
710,0,2.0,0.0,0.0,0.0,0.0,0.0,0.0,0.0,0.0,0.0,0.0,0.0,0.0,0.0,0.0,0.0,0.0,2.0,1050.0,1.0,0.0,0.0,0.0,0.0,0.0,Low,Low,Very Low,Low,L,L,VL,L,L-L-VL-L,1,Group 2
711,0,22.0,1.0,1.0,1.0,2.0,130.0,2.0,0.0,2.0,9.0,10.0,3.0,8.0,4.0,0.0,2.0,1.0,0.0,0.0,0.0,0.0,1.0,300.0,1.0,0.0,Low,Low,Very Low,Low,L,L,VL,L,L-L-VL-L,1,Group 2
712,1,15.0,0.0,0.0,0.0,0.0,0.0,0.0,0.0,0.0,0.0,0.0,0.0,0.0,0.0,0.0,0.0,0.0,674.0,1935.635,185.0,49.0,430.0,2194.175,103.0,105.0,Low,Low,Low,Low,L,L,L,L,L-L-L-L,1,Group 2
714,0,6.0,3.0,4.0,1.0,1.0,61.0,0.0,2.0,1.0,5.0,11.0,1.0,4.0,0.0,0.0,0.0,0.0,674.0,1935.635,185.0,49.0,430.0,2194.175,103.0,105.0,Low,Low,Low,Low,L,L,L,L,L-L-L-L,1,Group 2
715,0,10.0,0.0,0.0,0.0,0.0,0.0,0.0,0.0,0.0,0.0,0.0,0.0,0.0,0.0,0.0,0.0,0.0,674.0,1935.635,185.0,49.0,430.0,2194.175,103.0,105.0,Low,Low,Low,Low,L,L,L,L,L-L-L-L,1,Group 2
716,0,0.0,0.0,0.0,0.0,0.0,0.0,0.0,0.0,0.0,0.0,0.0,0.0,0.0,0.0,0.0,0.0,0.0,674.0,1935.635,185.0,49.0,430.0,2194.175,103.0,105.0,Low,Low,Low,Low,L,L,L,L,L-L-L-L,1,Group 2
717,0,3.0,0.0,0.0,0.0,0.0,0.0,0.0,0.0,0.0,0.0,0.0,0.0,0.0,0.0,0.0,0.0,0.0,674.0,1935.635,185.0,49.0,430.0,2194.175,103.0,105.0,Low,Low,Low,Low,L,L,L,L,L-L-L-L,1,Group 2
718,0,4.0,0.0,0.0,0.0,0.0,0.0,0.0,0.0,0.0,0.0,0.0,0.0,0.0,0.0,0.0,0.0,0.0,674.0,1935.635,185.0,49.0,430.0,2194.175,103.0,105.0,Low,Low,Low,Low,L,L,L,L,L-L-L-L,1,Group 2
719,0,9.0,0.0,0.0,0.0,0.0,0.0,0.0,0.0,0.0,0.0,0.0,0.0,0.0,0.0,0.0,0.0,0.0,674.0,1935.635,185.0,49.0,430.0,2194.175,103.0,105.0,Low,Low,Low,Low,L,L,L,L,L-L-L-L,1,Group 2
720,1,29.0,2.0,3.0,1.0,4.0,238.0,2.0,1.0,1.0,5.0,5.0,1.0,6.0,0.0,0.0,0.0,0.0,674.0,1935.635,185.0,49.0,430.0,2194.175,103.0,105.0,Low,Low,Low,Low,L,L,L,L,L-L-L-L,1,Group 2
721,0,21.0,0.0,0.0,0.0,0.0,0.0,0.0,0.0,0.0,0.0,0.0,0.0,0.0,0.0,0.0,0.0,0.0,674.0,1935.635,185.0,49.0,430.0,2194.175,103.0,105.0,Low,Low,Low,Low,L,L,L,L,L-L-L-L,1,Group 2
722,1,13.0,0.0,0.0,0.0,0.0,0.0,0.0,0.0,0.0,0.0,0.0,0.0,0.0,0.0,0.0,0.0,0.0,674.0,1935.635,185.0,49.0,430.0,2194.175,103.0,105.0,Low,Low,Low,Low,L,L,L,L,L-L-L-L,1,Group 2
723,0,13.0,0.0,0.0,0.0,0.0,0.0,0.0,0.0,0.0,0.0,0.0,0.0,0.0,0.0,0.0,0.0,0.0,674.0,1935.635,185.0,49.0,430.0,2194.175,103.0,105.0,Low,Low,Low,Low,L,L,L,L,L-L-L-L,1,Group 2
724,0,0.0,0.0,0.0,0.0,0.0,0.0,0.0,0.0,0.0,0.0,0.0,0.0,0.0,0.0,0.0,0.0,0.0,674.0,1935.635,185.0,49.0,430.0,2194.175,103.0,105.0,Low,Low,Low,Low,L,L,L,L,L-L-L-L,1,Group 2
725,0,3.0,0.0,0.0,0.0,0.0,0.0,0.0,0.0,0.0,0.0,0.0,0.0,0.0,0.0,0.0,0.0,0.0,674.0,1935.635,185.0,49.0,430.0,2194.175,103.0,105.0,Low,Low,Low,Low,L,L,L,L,L-L-L-L,1,Group 2
726,0,6.0,0.0,0.0,0.0,0.0,0.0,0.0,0.0,0.0,0.0,0.0,0.0,0.0,0.0,0.0,0.0,0.0,674.0,1935.635,185.0,49.0,430.0,2194.175,103.0,105.0,Low,Low,Low,Low,L,L,L,L,L-L-L-L,1,Group 2
727,0,0.0,0.0,0.0,0.0,0.0,0.0,0.0,0.0,0.0,0.0,0.0,0.0,0.0,0.0,0.0,0.0,0.0,674.0,1935.635,185.0,49.0,430.0,2194.175,103.0,105.0,Low,Low,Low,Low,L,L,L,L,L-L-L-L,1,Group 2
728,0,13.0,0.0,0.0,0.0,0.0,0.0,0.0,0.0,0.0,0.0,0.0,0.0,0.0,0.0,0.0,0.0,0.0,674.0,1935.635,185.0,49.0,430.0,2194.175,103.0,105.0,Low,Low,Low,Low,L,L,L,L,L-L-L-L,1,Group 2
729,0,35.0,0.0,0.0,0.0,0.0,0.0,0.0,0.0,0.0,0.0,0.0,0.0,0.0,0.0,0.0,0.0,0.0,674.0,1935.635,185.0,49.0,430.0,2194.175,103.0,105.0,Low,Low,Low,Low,L,L,L,L,L-L-L-L,1,Group 2
730,1,1.0,0.0,0.0,0.0,0.0,0.0,0.0,0.0,0.0,0.0,0.0,0.0,0.0,0.0,0.0,0.0,0.0,674.0,1935.635,185.0,49.0,430.0,2194.175,103.0,105.0,Low,Low,Low,Low,L,L,L,L,L-L-L-L,1,Group 2
733,0,74.0,0.0,0.0,0.0,0.0,0.0,0.0,0.0,0.0,0.0,0.0,0.0,0.0,0.0,0.0,0.0,0.0,674.0,1935.635,185.0,49.0,430.0,2194.175,103.0,105.0,Low,Low,Low,Low,L,L,L,L,L-L-L-L,1,Group 2
734,0,9.0,0.0,0.0,0.0,0.0,0.0,0.0,0.0,0.0,0.0,0.0,0.0,0.0,0.0,0.0,0.0,0.0,674.0,1935.635,185.0,49.0,430.0,2194.175,103.0,105.0,Low,Low,Low,Low,L,L,L,L,L-L-L-L,1,Group 2
735,1,25.0,0.0,0.0,0.0,0.0,0.0,0.0,0.0,0.0,0.0,0.0,0.0,0.0,0.0,0.0,0.0,0.0,674.0,1935.635,185.0,49.0,430.0,2194.175,103.0,105.0,Low,Low,Low,Low,L,L,L,L,L-L-L-L,1,Group 2
736,0,14.0,18.0,16.0,2.0,10.0,375.0,9.0,8.0,2.0,27.0,25.0,2.0,12.0,274.0,6.0,8.0,3.0,674.0,1935.635,185.0,49.0,430.0,2194.175,103.0,105.0,High,High,Low,Low,H,H,L,L,H-H-L-L,7,Group 8
737,0,10.0,0.0,0.0,0.0,0.0,0.0,0.0,0.0,0.0,0.0,0.0,0.0,0.0,0.0,0.0,0.0,0.0,674.0,1935.635,185.0,49.0,430.0,2194.175,103.0,105.0,Low,Low,Low,Low,L,L,L,L,L-L-L-L,1,Group 2
738,0,3.0,0.0,0.0,0.0,0.0,0.0,0.0,0.0,0.0,0.0,0.0,0.0,0.0,0.0,0.0,0.0,0.0,674.0,1935.635,185.0,49.0,430.0,2194.175,103.0,105.0,Low,Low,Low,Low,L,L,L,L,L-L-L-L,1,Group 2
739,0,3.0,0.0,0.0,0.0,0.0,0.0,0.0,0.0,0.0,0.0,0.0,0.0,0.0,0.0,0.0,0.0,0.0,674.0,1935.635,185.0,49.0,430.0,2194.175,103.0,105.0,Low,Low,Low,Low,L,L,L,L,L-L-L-L,1,Group 2
740,0,6.0,0.0,0.0,0.0,0.0,0.0,0.0,0.0,0.0,0.0,0.0,0.0,0.0,0.0,0.0,0.0,0.0,674.0,1935.635,185.0,49.0,430.0,2194.175,103.0,105.0,Low,Low,Low,Low,L,L,L,L,L-L-L-L,1,Group 2
741,0,19.0,0.0,0.0,0.0,0.0,0.0,0.0,0.0,0.0,0.0,0.0,0.0,0.0,0.0,0.0,0.0,0.0,674.0,1935.635,185.0,49.0,430.0,2194.175,103.0,105.0,Low,Low,Low,Low,L,L,L,L,L-L-L-L,1,Group 2
742,0,8.0,0.0,0.0,0.0,0.0,0.0,0.0,0.0,0.0,1.0,3.0,1.0,2.0,0.0,0.0,0.0,0.0,674.0,1935.635,185.0,49.0,430.0,2194.175,103.0,105.0,Low,Low,Low,Low,L,L,L,L,L-L-L-L,1,Group 2
743,1,22.0,19.0,20.0,3.0,11.0,303.0,2.0,1.0,3.0,9.0,9.0,3.0,6.0,60.0,0.0,1.0,1.0,674.0,1935.635,185.0,49.0,430.0,2194.175,103.0,105.0,Low,Low,Low,Low,L,L,L,L,L-L-L-L,1,Group 2
744,0,21.0,12.0,14.0,2.0,4.0,431.0,5.0,3.0,2.0,10.0,17.0,1.0,3.0,174.0,1.0,1.0,2.0,674.0,1935.635,185.0,49.0,430.0,2194.175,103.0,105.0,Low,Low,Low,Low,L,L,L,L,L-L-L-L,1,Group 2
745,0,4.0,0.0,0.0,0.0,0.0,0.0,0.0,0.0,0.0,0.0,0.0,0.0,0.0,0.0,0.0,0.0,0.0,674.0,1935.635,185.0,49.0,430.0,2194.175,103.0,105.0,Low,Low,Low,Low,L,L,L,L,L-L-L-L,1,Group 2
750,0,2.0,0.0,0.0,0.0,0.0,0.0,0.0,0.0,0.0,0.0,0.0,0.0,0.0,0.0,0.0,0.0,0.0,674.0,1935.635,185.0,49.0,430.0,2194.175,103.0,105.0,Low,Low,Low,Low,L,L,L,L,L-L-L-L,1,Group 2
751,0,3.0,0.0,0.0,0.0,0.0,0.0,0.0,0.0,0.0,0.0,0.0,0.0,0.0,0.0,0.0,0.0,0.0,674.0,1935.635,185.0,49.0,430.0,2194.175,103.0,105.0,Low,Low,Low,Low,L,L,L,L,L-L-L-L,1,Group 2
752,1,26.0,8.0,10.0,2.0,6.0,75.0,0.0,4.0,1.0,17.0,23.0,2.0,10.0,21.0,0.0,2.0,1.0,674.0,1935.635,185.0,49.0,430.0,2194.175,103.0,105.0,Low,Low,Low,Low,L,L,L,L,L-L-L-L,1,Group 2
753,0,2.0,0.0,0.0,0.0,0.0,0.0,0.0,0.0,0.0,0.0,0.0,0.0,0.0,0.0,0.0,0.0,0.0,674.0,1935.635,185.0,49.0,430.0,2194.175,103.0,105.0,Low,Low,Low,Low,L,L,L,L,L-L-L-L,1,Group 2
754,0,5.0,0.0,0.0,0.0,0.0,48.0,0.0,1.0,1.0,0.0,0.0,0.0,0.0,68.0,0.0,1.0,1.0,674.0,1935.635,185.0,49.0,430.0,2194.175,103.0,105.0,Low,Low,Low,Low,L,L,L,L,L-L-L-L,1,Group 2
756,0,5.0,0.0,0.0,0.0,0.0,0.0,0.0,0.0,0.0,0.0,0.0,0.0,0.0,0.0,0.0,0.0,0.0,674.0,1935.635,185.0,49.0,430.0,2194.175,103.0,105.0,Low,Low,Low,Low,L,L,L,L,L-L-L-L,1,Group 2
757,0,3.0,0.0,0.0,0.0,0.0,0.0,0.0,0.0,0.0,0.0,0.0,0.0,0.0,0.0,0.0,0.0,0.0,674.0,1935.635,185.0,49.0,430.0,2194.175,103.0,105.0,Low,Low,Low,Low,L,L,L,L,L-L-L-L,1,Group 2
758,0,10.0,0.0,0.0,0.0,0.0,0.0,0.0,0.0,0.0,0.0,0.0,0.0,0.0,0.0,0.0,0.0,0.0,674.0,1935.635,185.0,49.0,430.0,2194.175,103.0,105.0,Low,Low,Low,Low,L,L,L,L,L-L-L-L,1,Group 2
759,0,6.0,2.0,2.0,2.0,4.0,0.0,0.0,0.0,0.0,8.0,11.0,1.0,7.0,0.0,0.0,0.0,0.0,674.0,1935.635,185.0,49.0,430.0,2194.175,103.0,105.0,Low,Low,Low,Low,L,L,L,L,L-L-L-L,1,Group 2
760,0,5.0,1.0,0.0,1.0,1.0,0.0,0.0,0.0,0.0,0.0,0.0,0.0,0.0,0.0,0.0,0.0,0.0,674.0,1935.635,185.0,49.0,430.0,2194.175,103.0,105.0,Low,Low,Low,Low,L,L,L,L,L-L-L-L,1,Group 2
761,0,33.0,0.0,0.0,0.0,0.0,0.0,0.0,0.0,0.0,0.0,0.0,0.0,0.0,0.0,0.0,0.0,0.0,674.0,1935.635,185.0,49.0,430.0,2194.175,103.0,105.0,Low,Low,Low,Low,L,L,L,L,L-L-L-L,1,Group 2
762,0,14.0,0.0,0.0,0.0,0.0,0.0,0.0,0.0,0.0,0.0,0.0,0.0,0.0,0.0,0.0,0.0,0.0,674.0,1935.635,185.0,49.0,430.0,2194.175,103.0,105.0,Low,Low,Low,Low,L,L,L,L,L-L-L-L,1,Group 2
763,0,12.0,0.0,0.0,0.0,0.0,0.0,0.0,0.0,0.0,0.0,0.0,0.0,0.0,0.0,0.0,0.0,0.0,674.0,1935.635,185.0,49.0,430.0,2194.175,103.0,105.0,Low,Low,Low,Low,L,L,L,L,L-L-L-L,1,Group 2
764,0,4.0,0.0,1.0,1.0,1.0,0.0,0.0,0.0,0.0,0.0,0.0,0.0,0.0,0.0,0.0,0.0,0.0,674.0,1935.635,185.0,49.0,430.0,2194.175,103.0,105.0,Low,Low,Low,Low,L,L,L,L,L-L-L-L,1,Group 2
765,1,1.0,0.0,0.0,0.0,0.0,0.0,0.0,0.0,0.0,0.0,0.0,0.0,0.0,0.0,0.0,0.0,0.0,674.0,1935.635,185.0,49.0,430.0,2194.175,103.0,105.0,Low,Low,Low,Low,L,L,L,L,L-L-L-L,1,Group 2
766,1,6.0,2.0,1.0,1.0,1.0,8.0,0.0,1.0,1.0,1.0,2.0,1.0,1.0,121.0,0.0,2.0,1.0,674.0,1935.635,185.0,49.0,430.0,2194.175,103.0,105.0,Low,Low,Low,Low,L,L,L,L,L-L-L-L,1,Group 2
767,0,2.0,0.0,0.0,0.0,0.0,0.0,0.0,0.0,0.0,0.0,0.0,0.0,0.0,0.0,0.0,0.0,0.0,674.0,1935.635,185.0,49.0,430.0,2194.175,103.0,105.0,Low,Low,Low,Low,L,L,L,L,L-L-L-L,1,Group 2
768,1,13.0,0.0,0.0,0.0,0.0,0.0,0.0,0.0,0.0,0.0,0.0,0.0,0.0,0.0,0.0,0.0,0.0,674.0,1935.635,185.0,49.0,430.0,2194.175,103.0,105.0,Low,Low,Low,Low,L,L,L,L,L-L-L-L,1,Group 2
769,1,1.0,0.0,0.0,0.0,0.0,0.0,0.0,0.0,0.0,0.0,0.0,0.0,0.0,0.0,0.0,0.0,0.0,674.0,1935.635,185.0,49.0,430.0,2194.175,103.0,105.0,Low,Low,Low,Low,L,L,L,L,L-L-L-L,1,Group 2
770,1,19.0,0.0,0.0,0.0,0.0,0.0,0.0,0.0,0.0,0.0,0.0,0.0,0.0,0.0,0.0,0.0,0.0,674.0,1935.635,185.0,49.0,430.0,2194.175,103.0,105.0,Low,Low,Low,Low,L,L,L,L,L-L-L-L,1,Group 2
771,0,19.0,3.0,4.0,1.0,1.0,27.0,1.0,0.0,1.0,0.0,0.0,0.0,0.0,0.0,0.0,0.0,0.0,674.0,1935.635,185.0,49.0,430.0,2194.175,103.0,105.0,Low,Low,Low,Low,L,L,L,L,L-L-L-L,1,Group 2
772,1,13.0,19.0,18.0,3.0,7.0,99.0,0.0,3.0,1.0,33.0,25.0,2.0,17.0,38.0,1.0,0.0,1.0,674.0,1935.635,185.0,49.0,430.0,2194.175,103.0,105.0,Low,Low,Low,Low,L,L,L,L,L-L-L-L,1,Group 2
774,0,7.0,13.0,13.0,1.0,10.0,82.0,2.0,2.0,1.0,11.0,7.0,1.0,8.0,152.0,3.0,0.0,1.0,674.0,1935.635,185.0,49.0,430.0,2194.175,103.0,105.0,Low,Low,Low,Low,L,L,L,L,L-L-L-L,1,Group 2
775,0,16.0,0.0,0.0,0.0,0.0,0.0,0.0,0.0,0.0,0.0,0.0,0.0,0.0,0.0,0.0,0.0,0.0,674.0,1935.635,185.0,49.0,430.0,2194.175,103.0,105.0,Low,Low,Low,Low,L,L,L,L,L-L-L-L,1,Group 2
776,1,5.0,0.0,0.0,0.0,0.0,0.0,0.0,0.0,0.0,0.0,0.0,0.0,0.0,0.0,0.0,0.0,0.0,674.0,1935.635,185.0,49.0,430.0,2194.175,103.0,105.0,Low,Low,Low,Low,L,L,L,L,L-L-L-L,1,Group 2
777,1,11.0,0.0,0.0,0.0,0.0,0.0,0.0,0.0,0.0,0.0,0.0,0.0,0.0,0.0,0.0,0.0,0.0,674.0,1935.635,185.0,49.0,430.0,2194.175,103.0,105.0,Low,Low,Low,Low,L,L,L,L,L-L-L-L,1,Group 2
780,1,16.0,10.0,12.0,2.0,10.0,332.0,1.0,5.0,2.0,12.0,14.0,2.0,11.0,145.0,1.0,2.0,1.0,674.0,1935.635,185.0,49.0,430.0,2194.175,103.0,105.0,Low,Low,Low,Low,L,L,L,L,L-L-L-L,1,Group 2
781,0,12.0,0.0,1.0,1.0,1.0,0.0,0.0,0.0,0.0,7.0,4.0,1.0,2.0,0.0,0.0,0.0,0.0,674.0,1935.635,185.0,49.0,430.0,2194.175,103.0,105.0,Low,Low,Low,Low,L,L,L,L,L-L-L-L,1,Group 2
782,0,5.0,3.0,3.0,1.0,5.0,78.0,0.0,4.0,1.0,5.0,4.0,1.0,5.0,41.0,0.0,1.0,1.0,674.0,1935.635,185.0,49.0,430.0,2194.175,103.0,105.0,Low,Low,Low,Low,L,L,L,L,L-L-L-L,1,Group 2
783,0,1.0,0.0,0.0,0.0,0.0,0.0,0.0,0.0,1.0,0.0,0.0,0.0,0.0,0.0,0.0,0.0,0.0,674.0,1935.635,185.0,49.0,430.0,2194.175,103.0,105.0,Low,Low,Low,Low,L,L,L,L,L-L-L-L,1,Group 2
784,0,26.0,0.0,0.0,0.0,0.0,53.0,1.0,0.0,1.0,0.0,0.0,0.0,0.0,0.0,0.0,0.0,0.0,674.0,1935.635,185.0,49.0,430.0,2194.175,103.0,105.0,Low,Low,Low,Low,L,L,L,L,L-L-L-L,1,Group 2
785,0,14.0,15.0,21.0,3.0,6.0,1402.0,5.0,7.0,2.0,5.0,5.0,2.0,4.0,1253.0,5.0,5.0,2.0,674.0,1935.635,185.0,49.0,430.0,2194.175,103.0,105.0,High,Low,Low,Low,H,L,L,L,H-L-L-L,8,Group 9
786,0,19.0,6.0,6.0,2.0,4.0,61.0,0.0,2.0,1.0,10.0,10.0,2.0,2.0,445.0,2.0,1.0,2.0,674.0,1935.635,185.0,49.0,430.0,2194.175,103.0,105.0,Low,Low,Low,Low,L,L,L,L,L-L-L-L,1,Group 2
790,1,13.0,0.0,0.0,0.0,0.0,0.0,0.0,0.0,0.0,0.0,0.0,0.0,0.0,0.0,0.0,0.0,0.0,674.0,1935.635,185.0,49.0,430.0,2194.175,103.0,105.0,Low,Low,Low,Low,L,L,L,L,L-L-L-L,1,Group 2
791,1,7.0,0.0,0.0,0.0,0.0,0.0,0.0,0.0,0.0,0.0,0.0,0.0,0.0,0.0,0.0,0.0,0.0,674.0,1935.635,185.0,49.0,430.0,2194.175,103.0,105.0,Low,Low,Low,Low,L,L,L,L,L-L-L-L,1,Group 2
792,0,12.0,0.0,0.0,0.0,0.0,0.0,0.0,0.0,0.0,0.0,0.0,0.0,0.0,0.0,0.0,0.0,0.0,674.0,1935.635,185.0,49.0,430.0,2194.175,103.0,105.0,Low,Low,Low,Low,L,L,L,L,L-L-L-L,1,Group 2
793,0,2.0,0.0,0.0,0.0,0.0,0.0,0.0,0.0,0.0,0.0,0.0,0.0,0.0,0.0,0.0,0.0,0.0,674.0,1935.635,185.0,49.0,430.0,2194.175,103.0,105.0,Low,Low,Low,Low,L,L,L,L,L-L-L-L,1,Group 2
795,0,7.0,0.0,0.0,0.0,0.0,0.0,0.0,0.0,0.0,0.0,0.0,0.0,0.0,0.0,0.0,0.0,0.0,674.0,1935.635,185.0,49.0,430.0,2194.175,103.0,105.0,Low,Low,Low,Low,L,L,L,L,L-L-L-L,1,Group 2
798,0,32.0,3.0,4.0,2.0,4.0,29.0,0.0,1.0,1.0,18.0,20.0,3.0,10.0,460.0,3.0,2.0,3.0,674.0,1935.635,185.0,49.0,430.0,2194.175,103.0,105.0,Low,Low,Low,Low,L,L,L,L,L-L-L-L,1,Group 2
799,0,6.0,4.0,2.0,1.0,4.0,189.0,5.0,1.0,1.0,1.0,0.0,1.0,1.0,80.0,2.0,0.0,1.0,674.0,1935.635,185.0,49.0,430.0,2194.175,103.0,105.0,Low,Low,Low,Low,L,L,L,L,L-L-L-L,1,Group 2
800,0,11.0,0.0,1.0,1.0,1.0,0.0,0.0,0.0,0.0,6.0,3.0,1.0,6.0,0.0,0.0,0.0,0.0,674.0,1935.635,185.0,49.0,430.0,2194.175,103.0,105.0,Low,Low,Low,Low,L,L,L,L,L-L-L-L,1,Group 2
801,0,15.0,3.0,5.0,3.0,4.0,114.0,1.0,2.0,1.0,0.0,0.0,0.0,0.0,0.0,0.0,0.0,0.0,674.0,1935.635,185.0,49.0,430.0,2194.175,103.0,105.0,Low,Low,Low,Low,L,L,L,L,L-L-L-L,1,Group 2
802,0,6.0,12.0,14.0,1.0,9.0,126.0,2.0,0.0,1.0,2.0,4.0,1.0,3.0,2.0,0.0,1.0,1.0,674.0,1935.635,185.0,49.0,430.0,2194.175,103.0,105.0,Low,Low,Low,Low,L,L,L,L,L-L-L-L,1,Group 2
803,1,0.0,0.0,0.0,0.0,0.0,0.0,0.0,0.0,0.0,0.0,0.0,0.0,0.0,0.0,0.0,0.0,0.0,674.0,1935.635,185.0,49.0,430.0,2194.175,103.0,105.0,Low,Low,Low,Low,L,L,L,L,L-L-L-L,1,Group 2
804,0,25.0,7.0,6.0,1.0,3.0,0.0,0.0,0.0,1.0,3.0,2.0,1.0,1.0,0.0,0.0,0.0,0.0,674.0,1935.635,185.0,49.0,430.0,2194.175,103.0,105.0,Low,Low,Low,Low,L,L,L,L,L-L-L-L,1,Group 2
805,0,4.0,4.0,2.0,1.0,4.0,320.0,2.0,2.0,1.0,7.0,8.0,2.0,9.0,57.0,2.0,0.0,2.0,674.0,1935.635,185.0,49.0,430.0,2194.175,103.0,105.0,Low,Low,Low,Low,L,L,L,L,L-L-L-L,1,Group 2
807,0,8.0,0.0,0.0,0.0,0.0,36.0,1.0,1.0,1.0,0.0,0.0,0.0,0.0,0.0,0.0,0.0,0.0,674.0,1935.635,185.0,49.0,430.0,2194.175,103.0,105.0,Low,Low,Low,Low,L,L,L,L,L-L-L-L,1,Group 2
808,0,4.0,0.0,0.0,0.0,0.0,0.0,0.0,0.0,0.0,0.0,0.0,0.0,0.0,0.0,0.0,0.0,0.0,674.0,1935.635,185.0,49.0,430.0,2194.175,103.0,105.0,Low,Low,Low,Low,L,L,L,L,L-L-L-L,1,Group 2
809,1,32.0,0.0,0.0,0.0,0.0,0.0,0.0,0.0,0.0,0.0,0.0,0.0,0.0,17.0,0.0,3.0,2.0,674.0,1935.635,185.0,49.0,430.0,2194.175,103.0,105.0,Low,Low,Low,Low,L,L,L,L,L-L-L-L,1,Group 2
810,0,2.0,0.0,0.0,0.0,0.0,0.0,0.0,0.0,0.0,0.0,0.0,0.0,0.0,0.0,0.0,0.0,0.0,674.0,1935.635,185.0,49.0,430.0,2194.175,103.0,105.0,Low,Low,Low,Low,L,L,L,L,L-L-L-L,1,Group 2
812,1,11.0,1.0,4.0,1.0,5.0,104.0,2.0,1.0,2.0,2.0,3.0,1.0,3.0,0.0,0.0,0.0,0.0,498.0,1817.47,202.0,20.0,74.0,1317.57,13.0,59.0,Low,Low,Low,Low,L,L,L,L,L-L-L-L,1,Group 2
813,0,17.0,3.0,3.0,1.0,2.0,0.0,0.0,0.0,0.0,10.0,10.0,1.0,5.0,0.0,0.0,0.0,0.0,674.0,1935.635,185.0,49.0,430.0,2194.175,103.0,105.0,Low,Low,Low,Low,L,L,L,L,L-L-L-L,1,Group 2
814,0,8.0,0.0,0.0,0.0,0.0,0.0,0.0,0.0,0.0,0.0,0.0,0.0,0.0,0.0,0.0,0.0,0.0,674.0,1935.635,185.0,49.0,430.0,2194.175,103.0,105.0,Low,Low,Low,Low,L,L,L,L,L-L-L-L,1,Group 2
815,0,5.0,0.0,0.0,0.0,0.0,0.0,0.0,0.0,0.0,0.0,0.0,0.0,0.0,0.0,0.0,0.0,0.0,674.0,1935.635,185.0,49.0,430.0,2194.175,103.0,105.0,Low,Low,Low,Low,L,L,L,L,L-L-L-L,1,Group 2
816,0,9.0,0.0,0.0,0.0,0.0,0.0,0.0,0.0,0.0,0.0,0.0,0.0,0.0,0.0,0.0,0.0,0.0,674.0,1935.635,185.0,49.0,430.0,2194.175,103.0,105.0,Low,Low,Low,Low,L,L,L,L,L-L-L-L,1,Group 2
817,0,53.0,0.0,0.0,0.0,0.0,0.0,0.0,0.0,0.0,0.0,0.0,0.0,0.0,0.0,0.0,0.0,0.0,674.0,1935.635,185.0,49.0,430.0,2194.175,103.0,105.0,Low,Low,Low,Low,L,L,L,L,L-L-L-L,1,Group 2
818,0,23.0,0.0,0.0,0.0,0.0,0.0,0.0,0.0,0.0,0.0,0.0,0.0,0.0,0.0,0.0,0.0,0.0,674.0,1935.635,185.0,49.0,430.0,2194.175,103.0,105.0,Low,Low,Low,Low,L,L,L,L,L-L-L-L,1,Group 2
819,1,5.0,0.0,0.0,0.0,0.0,0.0,0.0,0.0,0.0,0.0,0.0,0.0,0.0,0.0,0.0,0.0,0.0,674.0,1935.635,185.0,49.0,430.0,2194.175,103.0,105.0,Low,Low,Low,Low,L,L,L,L,L-L-L-L,1,Group 2
820,1,40.0,0.0,0.0,0.0,0.0,0.0,0.0,0.0,0.0,0.0,0.0,0.0,0.0,0.0,0.0,0.0,0.0,674.0,1935.635,185.0,49.0,430.0,2194.175,103.0,105.0,Low,Low,Low,Low,L,L,L,L,L-L-L-L,1,Group 2
822,0,0.0,0.0,0.0,0.0,0.0,0.0,0.0,0.0,0.0,0.0,0.0,0.0,0.0,0.0,0.0,0.0,0.0,674.0,1935.635,185.0,49.0,430.0,2194.175,103.0,105.0,Low,Low,Low,Low,L,L,L,L,L-L-L-L,1,Group 2
823,0,10.0,0.0,0.0,0.0,0.0,0.0,0.0,0.0,0.0,0.0,0.0,0.0,0.0,0.0,0.0,0.0,0.0,674.0,1935.635,185.0,49.0,430.0,2194.175,103.0,105.0,Low,Low,Low,Low,L,L,L,L,L-L-L-L,1,Group 2
824,0,42.0,0.0,0.0,0.0,0.0,0.0,0.0,0.0,0.0,0.0,0.0,0.0,0.0,0.0,0.0,0.0,0.0,674.0,1935.635,185.0,49.0,430.0,2194.175,103.0,105.0,Low,Low,Low,Low,L,L,L,L,L-L-L-L,1,Group 2
825,0,1.0,0.0,0.0,0.0,0.0,0.0,0.0,0.0,0.0,0.0,0.0,0.0,0.0,0.0,0.0,0.0,0.0,674.0,1935.635,185.0,49.0,430.0,2194.175,103.0,105.0,Low,Low,Low,Low,L,L,L,L,L-L-L-L,1,Group 2
826,1,11.0,0.0,0.0,0.0,0.0,0.0,0.0,0.0,0.0,0.0,0.0,0.0,0.0,0.0,0.0,0.0,0.0,674.0,1935.635,185.0,49.0,430.0,2194.175,103.0,105.0,Low,Low,Low,Low,L,L,L,L,L-L-L-L,1,Group 2
827,0,13.0,0.0,0.0,0.0,0.0,0.0,0.0,0.0,0.0,0.0,0.0,0.0,0.0,0.0,0.0,0.0,0.0,674.0,1935.635,185.0,49.0,430.0,2194.175,103.0,105.0,Low,Low,Low,Low,L,L,L,L,L-L-L-L,1,Group 2
828,0,14.0,0.0,0.0,0.0,0.0,0.0,0.0,0.0,0.0,0.0,0.0,0.0,0.0,0.0,0.0,0.0,0.0,674.0,1935.635,185.0,49.0,430.0,2194.175,103.0,105.0,Low,Low,Low,Low,L,L,L,L,L-L-L-L,1,Group 2
830,0,0.0,11.0,12.0,2.0,10.0,85.0,2.0,3.0,4.0,11.0,15.0,4.0,14.0,101.0,1.0,3.0,1.0,674.0,1935.635,185.0,49.0,430.0,2194.175,103.0,105.0,Low,Low,Low,Low,L,L,L,L,L-L-L-L,1,Group 2
831,0,11.0,0.0,0.0,0.0,0.0,0.0,0.0,0.0,0.0,0.0,0.0,0.0,0.0,0.0,0.0,0.0,0.0,674.0,1935.635,185.0,49.0,430.0,2194.175,103.0,105.0,Low,Low,Low,Low,L,L,L,L,L-L-L-L,1,Group 2
832,1,29.0,0.0,0.0,0.0,0.0,0.0,0.0,0.0,0.0,0.0,0.0,0.0,0.0,0.0,0.0,0.0,0.0,674.0,1935.635,185.0,49.0,430.0,2194.175,103.0,105.0,Low,Low,Low,Low,L,L,L,L,L-L-L-L,1,Group 2
833,0,4.0,0.0,0.0,0.0,0.0,0.0,0.0,0.0,0.0,0.0,0.0,0.0,0.0,0.0,0.0,0.0,0.0,674.0,1935.635,185.0,49.0,430.0,2194.175,103.0,105.0,Low,Low,Low,Low,L,L,L,L,L-L-L-L,1,Group 2
834,0,10.0,0.0,0.0,0.0,0.0,0.0,0.0,0.0,0.0,0.0,0.0,0.0,0.0,0.0,0.0,0.0,0.0,674.0,1935.635,185.0,49.0,430.0,2194.175,103.0,105.0,Low,Low,Low,Low,L,L,L,L,L-L-L-L,1,Group 2
835,0,13.0,0.0,0.0,0.0,0.0,0.0,0.0,0.0,0.0,0.0,0.0,0.0,0.0,0.0,0.0,0.0,0.0,674.0,1935.635,185.0,49.0,430.0,2194.175,103.0,105.0,Low,Low,Low,Low,L,L,L,L,L-L-L-L,1,Group 2
838,0,73.0,0.0,0.0,0.0,0.0,0.0,0.0,0.0,0.0,0.0,0.0,0.0,0.0,0.0,0.0,0.0,0.0,674.0,1935.635,185.0,49.0,430.0,2194.175,103.0,105.0,Low,Low,Low,Low,L,L,L,L,L-L-L-L,1,Group 2
839,1,16.0,0.0,0.0,0.0,0.0,0.0,0.0,0.0,0.0,0.0,0.0,0.0,0.0,0.0,0.0,0.0,0.0,674.0,1935.635,185.0,49.0,430.0,2194.175,103.0,105.0,Low,Low,Low,Low,L,L,L,L,L-L-L-L,1,Group 2
840,0,11.0,0.0,0.0,0.0,0.0,0.0,0.0,0.0,0.0,0.0,0.0,0.0,0.0,0.0,0.0,0.0,0.0,674.0,1935.635,185.0,49.0,430.0,2194.175,103.0,105.0,Low,Low,Low,Low,L,L,L,L,L-L-L-L,1,Group 2
841,1,4.0,0.0,0.0,0.0,0.0,0.0,0.0,0.0,0.0,0.0,0.0,0.0,0.0,0.0,0.0,0.0,0.0,674.0,1935.635,185.0,49.0,430.0,2194.175,103.0,105.0,Low,Low,Low,Low,L,L,L,L,L-L-L-L,1,Group 2
845,0,26.0,7.0,6.0,1.0,6.0,96.0,1.0,1.0,2.0,2.0,1.0,2.0,2.0,120.0,1.0,2.0,2.0,18.0,766.67,15.0,0.0,0.0,0.0,0.0,0.0,Low,Low,Very Low,Low,L,L,VL,L,L-L-VL-L,1,Group 2
846,0,22.0,3.0,2.0,2.0,4.0,27.0,1.0,0.0,1.0,12.0,10.0,3.0,8.0,23.0,1.0,0.0,1.0,674.0,1935.635,185.0,49.0,430.0,2194.175,103.0,105.0,Low,Low,Low,Low,L,L,L,L,L-L-L-L,1,Group 2
847,1,0.0,0.0,0.0,0.0,0.0,0.0,0.0,0.0,0.0,0.0,0.0,0.0,0.0,0.0,0.0,0.0,0.0,674.0,1935.635,185.0,49.0,430.0,2194.175,103.0,105.0,Low,Low,Low,Low,L,L,L,L,L-L-L-L,1,Group 2
